dim,fid,alg,mean,std,median,best,rank
10,1,EAO,6.049075655785904e-07,1.8433067885179247e-06,5.832134775118902e-11,1.7053025658242404e-13,4.0
10,1,RS-EAO,4.7369515717340014e-14,3.365661882053018e-14,5.684341886080802e-14,0.0,2.5
10,1,AS-ABMO,4.7369515717340014e-14,5.1890704592965266e-14,5.684341886080802e-14,0.0,2.5
10,1,RUN,725.9644471378216,413.03881175202605,649.9493242994429,188.64579013198806,6.0
10,1,GWO,126.83066512943579,51.20474813710687,119.77621428596106,60.227794452158264,5.0
10,1,WOA,2257.3370461281597,2319.267050689117,1573.4980471346455,66.81155214354936,9.0
10,1,HHO,937.268020819957,625.3742291931103,764.923488704388,161.315772553864,7.0
10,1,SCA,1075.2588302990523,499.1407460369537,863.853211390935,203.04043065486792,8.0
10,1,LSHADE,0.0,0.0,0.0,0.0,1.0
10,2,EAO,5.3356289414541775,3.5832695437292514,5.916860288051339,0.0006156470676614845,2.0
10,2,RS-EAO,3.890708719495255,3.7512243373682463,3.987925049714704,1.707235242065508e-09,1.0
10,2,AS-ABMO,7.507114266362643,12.156123481611184,6.048884996192925,0.012825400520341645,4.0
10,2,RUN,55.670842151099095,55.261462058620054,47.96989276661185,13.491548528997214,7.0
10,2,GWO,37.12395606035789,24.233176068624275,24.49580983696731,15.905552298139355,5.0
10,2,WOA,48.2477386540768,60.297210973875394,28.986215185725143,4.597278494571526,6.0
10,2,HHO,114.71756702346973,89.19262288475385,97.69509224638054,4.330504071827249,8.0
10,2,SCA,125.70916910406831,25.699207074707815,124.3242252160336,50.87169707356901,9.0
10,2,LSHADE,6.146976979229534,3.680052582077778,8.916101927781312,0.0,3.0
10,3,EAO,4.736951571734002e-13,5.828223034447893e-13,2.2737367544323206e-13,1.1368683772161603e-13,4.0
10,3,RS-EAO,5.3053857603420815e-14,6.495457270413748e-14,0.0,0.0,2.0
10,3,AS-ABMO,7.958078640513122e-14,7.403954534572188e-14,1.1368683772161603e-13,0.0,3.0
10,3,RUN,0.020208255470811308,0.01049143982568373,0.017337904220880773,0.005551491647111106,8.0
10,3,GWO,0.008378674889574238,0.0021265843456083964,0.008405383829824586,0.004673541708143603,7.0
10,3,WOA,0.0010724230049542409,0.0030454054286351046,8.0008041891233e-05,3.7426256085382192e-06,5.0
10,3,HHO,0.006599889114985065,0.005086267097755512,0.004930817694628331,0.0003028138509080236,6.0
10,3,SCA,0.0451547429979352,0.015367371825573142,0.04263754687815435,0.019549367902413906,9.0
10,3,LSHADE,0.0,0.0,0.0,0.0,1.0
10,4,EAO,45.066394494244705,13.748158010203039,42.735648261385165,17.632321777318452,6.0
10,4,RS-EAO,39.94666852709838,9.103653971206796,40.5377562701114,20.44599064840395,2.0
10,4,AS-ABMO,44.90340509232524,17.432362411275385,44.0,10.0,5.0
10,4,RUN,40.497712137953364,11.899868292351542,38.00011375739683,22.011402257522604,3.0
10,4,GWO,41.24305112292638,10.185320675780002,40.30393774301433,18.879151471665296,4.0
10,4,WOA,96.07639156973732,34.76909508033018,96.71163222424161,33.17716743004905,9.0
10,4,HHO,62.45589484295174,27.88635029797737,50.0,26.000335402772976,7.0
10,4,SCA,63.11584806479604,14.853377689811815,64.19512194816735,34.20662156857338,8.0
10,4,LSHADE,16.28860721029769,4.77059375451268,16.000319167051146,8.218226264007626,1.0
10,5,EAO,0.005974371971024084,0.022713109085645618,7.585373396068462e-07,2.2737367544323206e-13,2.0
10,5,RS-EAO,0.008952825041770513,0.027317627617724802,1.1368683772161603e-13,0.0,3.0
10,5,AS-ABMO,0.2177629612899409,0.4469218684266243,7.389644451905042e-13,2.2737367544323206e-13,5.0
10,5,RUN,1.018200290212523,0.42408106487893155,0.9533607867448382,0.23157170020340345,7.0
10,5,GWO,0.13500022849403118,0.21351036223444317,0.06273978416197679,0.02610812108537175,4.0
10,5,WOA,2.773399674738444,1.5067666167214662,2.529648182691915,0.3850014253752079,9.0
10,5,HHO,1.4718447145978302,0.9201384225282206,1.1584537391429421,0.18739106342036393,8.0
10,5,SCA,0.4574417243036881,0.09198539142775011,0.4659368522591194,0.1967880969524458,6.0
10,5,LSHADE,0.0,0.0,0.0,0.0,1.0
10,6,EAO,2968.829286208908,3078.252136320833,2145.1525298338265,107.4980214861846,3.0
10,6,RS-EAO,1669.721819990591,2000.3867981853248,702.1611009339006,27.944128637685026,2.0
10,6,AS-ABMO,9481.253005319924,7877.366754244692,8138.272370993511,268.89765633967636,4.0
10,6,RUN,27357.92104257285,23069.002070405088,17923.981958523807,11717.93032112676,6.0
10,6,GWO,1216121.6943897482,975381.0804576416,954499.2468436356,102275.59166131823,8.0
10,6,WOA,24452.67412501523,12218.997556185112,20972.933525895263,2088.185318219516,5.0
10,6,HHO,38900.473993971296,24291.761506164436,34690.3097000713,5594.111680062415,7.0
10,6,SCA,3920719.549863742,2407370.3669590754,3060628.719053773,787780.7879901339,9.0
10,6,LSHADE,2.7544430196835115,4.725008341250835,1.3262663272172404,0.0993731700330045,1.0
10,7,EAO,35.120925203324866,5.264299163405269,34.991136386357766,22.149091652974448,3.0
10,7,RS-EAO,41.39804063173048,26.259917495613077,34.52207910519087,28.31461457587511,4.0
10,7,AS-ABMO,30.698922782563955,25.824202629924105,24.92636354858439,2.549654693608545,2.0
10,7,RUN,106.27280035075817,38.67829163922635,98.07322844284295,52.803469149890134,6.0
10,7,GWO,70.79296982356689,34.70887676675658,57.73893650359014,46.699585542166005,5.0
10,7,WOA,272.7458565897992,185.75138703502054,219.2515720095853,35.03814783626217,9.0
10,7,HHO,241.39367048554809,166.50382621859922,218.47494648518796,48.10114409380276,8.0
10,7,SCA,112.9170503154655,26.669778645877443,106.22802992920174,80.03411398871322,7.0
10,7,LSHADE,11.398979489272302,6.790318913211851,9.052969054278037,2.1780229233881983,1.0
10,8,EAO,20.357021266173767,7.986226678783223,25.1307948487688,6.723531723300766,3.0
10,8,RS-EAO,19.544511431781952,7.723192723914625,24.23940184123103,4.921126070870741,2.0
10,8,AS-ABMO,21.700425547288674,5.489884125061562,22.586848156552833,1.167943399644173,4.0
10,8,RUN,603.8694135844429,581.051936129334,440.52839479164163,33.551548286820434,7.0
10,8,GWO,214.782273076657,190.3826914355091,136.7990470809716,58.990591178654995,5.0
10,8,WOA,2033.1180775797322,1425.6686854818124,1735.1694585695445,274.8332665003604,9.0
10,8,HHO,1226.7425110105057,1022.5674747551675,954.2518543542153,63.48351397904207,8.0
10,8,SCA,447.56970927096313,245.03263588527375,385.41330279036424,62.426117384772624,6.0
10,8,LSHADE,10.94369627232639,8.565706686356377,6.982763442902524,1.9089414392310573,1.0
10,9,EAO,72.08939052238223,146.64961247792183,4.122129371353367e-05,2.649126145115588e-07,1.0
10,9,RS-EAO,167.57736089750733,182.21031063828488,7.412381819449365e-11,4.547473508864641e-13,3.0
10,9,AS-ABMO,303.90548653926845,138.30055928517254,364.5424327644698,4.547473508864641e-13,6.0
10,9,RUN,237.24577103703686,189.01142370077312,375.436392669985,11.717280828734147,5.0
10,9,GWO,320.2597839044408,129.25118898603583,373.80612511080585,25.759611640630283,7.0
10,9,WOA,434.3719041833116,182.32590623468326,402.777752234073,40.254410695157276,8.0
10,9,HHO,548.8962580651241,180.84393234110425,520.2006104763689,34.93666670226503,9.0
10,9,SCA,229.05015680974986,88.90406500847072,212.54826970313047,88.63735319266334,4.0
10,9,LSHADE,107.72830343410824,167.37085760168517,4.547473508864641e-13,4.547473508864641e-13,2.0
10,10,EAO,236.50491505357192,35.69992179394989,222.60547199592747,220.87264975232256,3.0
10,10,RS-EAO,232.93870833741352,32.1013442283318,222.4738766144169,220.54926674206718,2.0
10,10,AS-ABMO,369.79290910342644,318.99713413528934,272.68772118750644,220.87264974898062,7.0
10,10,RUN,285.52820263529804,56.09352294889788,243.56920553744294,228.25419084606983,5.0
10,10,GWO,308.3468513012079,168.5545007923435,230.6951759502008,226.5390548080445,6.0
10,10,WOA,478.86293979446174,431.3192466914811,365.72285922963033,228.31631875323592,9.0
10,10,HHO,374.23897612189927,304.7957821360164,265.08175893025873,229.49481902314346,8.0
10,10,SCA,246.63774009975975,24.290237572932348,241.06684765467844,237.1753898410807,4.0
10,10,LSHADE,227.6781364180269,23.726787516848162,221.12205728252366,220.87264974897926,1.0
10,11,EAO,0.00029640707687879814,0.0014301307784066043,6.0850697991554625e-06,2.853084879461676e-08,2.0
10,11,RS-EAO,116.90693215820596,303.1507261126272,1.8189894035458565e-12,9.094947017729282e-13,6.0
10,11,AS-ABMO,236.58287892070248,392.6918853432944,2.7284841053187847e-12,4.547473508864641e-13,9.0
10,11,RUN,41.53997396476278,158.7157102223945,11.328899788359877,3.9847027095670455,4.0
10,11,GWO,182.3783615071304,354.1370659525283,8.849378621455116,4.301716985683015,8.0
10,11,WOA,105.29385318845947,274.6757574755138,11.61443804090527,0.3944330315330262,5.0
10,11,HHO,123.60326604201933,275.0750854686526,33.39349234620818,4.238628753817466,7.0
10,11,SCA,31.892022708520773,5.383920483388929,32.20588675988097,18.920597067251038,3.0
10,11,LSHADE,3.941143707682689e-13,1.974387875885917e-13,4.547473508864641e-13,0.0,1.0
10,12,EAO,166.21456596057493,1.7449912066461875,166.3763961026516,163.76962458878643,2.0
10,12,RS-EAO,166.49569525096655,2.1354332587458575,166.42071785128996,163.76998808721464,3.0
10,12,AS-ABMO,169.72073762010507,9.894777555243582,167.36121266332884,164.56675390900045,4.0
10,12,RUN,171.69361937658124,1.6802392327708278,171.25624784495653,169.02776280789067,6.0
10,12,GWO,170.20470695186756,5.837281833516714,169.0769981166743,167.98048244475376,5.0
10,12,WOA,311.8334755976375,115.80108385265632,276.09550016715343,171.3345120061822,9.0
10,12,HHO,307.67010233538457,94.0224599877287,290.4527496827659,182.98250707596117,8.0
10,12,SCA,217.10492889778737,13.757902619324822,217.0116886659291,191.23054997675808,7.0
10,12,LSHADE,165.334940198908,0.8872493583273057,165.89175687724605,163.8376558490495,1.0
20,1,EAO,37.63254925636267,72.73763016494834,12.98870324557629,1.1559255742437813,4.0
20,1,RS-EAO,3.295335583667717e-08,6.911710982054641e-08,1.663693183218129e-09,5.002220859751105e-12,2.0
20,1,AS-ABMO,0.009972720868984198,0.05462284179293027,3.410605131648481e-13,5.684341886080802e-14,3.0
20,1,RUN,10104.139430314526,2890.3691025938638,10296.416000004323,4998.064533716316,7.0
20,1,GWO,1549.7857576267575,613.7487301302019,1359.2386205883763,810.2417960358534,5.0
20,1,WOA,10097.495661080797,5491.368030304072,9132.767757823545,2019.319365075131,6.0
20,1,HHO,11220.257664782946,4139.838720132713,10444.04666113767,5718.499971510521,8.0
20,1,SCA,13610.370261436325,2760.939347625999,12806.219707028278,7944.074941022547,9.0
20,1,LSHADE,3.1282828179731343e-12,1.03894950143817e-11,1.7053025658242404e-13,0.0,1.0
20,2,EAO,67.59075160329212,24.46473453806738,70.31430225919809,37.70702247695476,4.0
20,2,RS-EAO,47.020918702820815,15.310140352130235,49.08456563223348,2.3064015094002457,1.0
20,2,AS-ABMO,59.316746688224114,18.90601394069749,49.08454410894856,44.895469317452466,3.0
20,2,RUN,462.2278754885362,132.33935817265478,426.36839845413465,271.4049183239663,8.0
20,2,GWO,115.69946451816244,21.57067140359719,114.52909849962418,85.07865455592082,5.0
20,2,WOA,300.0323704959643,126.29941546723853,271.35467659522124,112.43803501243485,6.0
20,2,HHO,434.1775143096162,144.83782124762683,435.23960646027683,231.108356189108,7.0
20,2,SCA,641.0795743503955,181.5841053546509,644.7531900759379,361.95234494550016,9.0
20,2,LSHADE,49.10426705452388,4.276021000516495,49.08447933728837,41.67971934845309,2.0
20,3,EAO,0.0001887608903302862,0.00042258757610700876,5.747187117322028e-05,1.2900039791929885e-06,4.0
20,3,RS-EAO,2.864908310584724e-12,3.4052956130456217e-12,1.9326762412674725e-12,3.410605131648481e-13,3.0
20,3,AS-ABMO,8.48861721654733e-13,1.0444065343101436e-12,4.547473508864641e-13,1.1368683772161603e-13,2.0
20,3,RUN,0.3404967749662395,0.1281903455854628,0.31389345922082157,0.17330803370305148,8.0
20,3,GWO,0.07912916963961909,0.015080357994235731,0.08067898738920576,0.051318226648845666,5.0
20,3,WOA,0.2249042067938376,0.15533355832970225,0.1898523161710841,0.04292917489010506,6.0
20,3,HHO,0.3070839963489561,0.11879167253468488,0.28860464918329853,0.10350051456259735,7.0
20,3,SCA,0.5426379220105787,0.10625405680864518,0.5463648422664278,0.2796192826500601,9.0
20,3,LSHADE,3.789561257387201e-14,5.450866654943912e-14,0.0,0.0,1.0
20,4,EAO,203.5875615978396,25.22556473947702,201.09685060837853,163.04849656696047,5.0
20,4,RS-EAO,195.21466475910492,28.43360258805394,201.99480991341596,96.02124516630806,3.0
20,4,AS-ABMO,125.2,42.39481913695555,121.0,68.0,2.0
20,4,RUN,200.95371329378568,28.51177762320172,193.90870665141773,144.126821665384,4.0
20,4,GWO,210.4901357594202,29.54159336984862,206.7942081763485,152.03188903987052,6.0
20,4,WOA,375.75497352783793,71.00479789043264,376.12656118330847,183.90302060691818,9.0
20,4,HHO,266.5436099855124,58.48136700382453,269.65003304107086,158.8750066162229,7.0
20,4,SCA,286.1435002186306,34.68685310793031,291.3963259052955,148.17712897997126,8.0
20,4,LSHADE,71.08868008212494,12.378702822747483,72.34729431417611,46.59900553556395,1.0
20,5,EAO,0.8453597428444027,0.5993938939624052,0.7546477683777084,0.017009989219786803,3.0
20,5,RS-EAO,0.8063532563105089,0.5593970420269736,0.6781446974942469,3.1820945878280327e-10,2.0
20,5,AS-ABMO,2.1369956391969973,1.7519035137050432,1.497264494882586,2.7966962079517543e-11,5.0
20,5,RUN,3.951222411558429,0.5650992594375702,3.9233708220197627,2.971559522541952,6.0
20,5,GWO,1.5675076170060758,0.9693976337116317,1.2904313612266947,0.6517337185780434,4.0
20,5,WOA,8.345954262375365,2.862784251409403,8.392870309553473,1.910025290882004,9.0
20,5,HHO,4.122631007823979,1.7706287699784617,3.536655058170993,2.3596605536552033,7.0
20,5,SCA,4.937796017486039,0.9510731485331692,5.023052478933948,3.0085895312975026,8.0
20,5,LSHADE,0.06930660255096655,0.1481648128940456,9.350742402602918e-11,1.1368683772161603e-13,1.0
20,6,EAO,47949.82273371863,14072.170859888727,47448.38463872522,21621.127683414154,3.0
20,6,RS-EAO,38900.61975014864,12195.059492037233,39639.52304223628,21938.215004786427,2.0
20,6,AS-ABMO,58829.73706880507,29858.888430267838,54903.15091053688,17250.78594060319,4.0
20,6,RUN,145691239.51751795,115770720.64835821,106748214.82728267,33821707.876958564,8.0
20,6,GWO,41336368.74234891,17647569.065741315,37909618.31963866,12592425.989689508,6.0
20,6,WOA,4878011.863301497,14186259.863074865,158620.30610864537,16726.353050527905,5.0
20,6,HHO,65229729.246402055,105808866.19458993,26166195.582229935,521324.5503884434,7.0
20,6,SCA,551207156.2425303,240396862.37629744,452569707.883566,239541067.84202063,9.0
20,6,LSHADE,26939.040254784573,10520.61227828165,25070.764103749825,10362.054481456573,1.0
20,7,EAO,67.07634027975755,30.408272706462917,57.59985565065426,38.526026356177226,3.0
20,7,RS-EAO,67.95242008746828,38.00686655232704,56.700272765483305,41.551985413531156,4.0
20,7,AS-ABMO,50.72219454098401,30.399431765113324,42.81841548745149,22.20792686246932,2.0
20,7,RUN,744.8601275977198,349.23507250794216,729.1898961565687,194.59858798433334,6.0
20,7,GWO,273.8384660798258,62.773948407515896,257.4869173179791,190.1658548217879,5.0
20,7,WOA,1503.73209778442,638.7364313966802,1514.389259513186,405.9543583403606,8.0
20,7,HHO,1972.3761958778878,1101.7759942375108,1690.354514172075,314.98145037331415,9.0
20,7,SCA,1095.0611462175998,359.5657938911857,1126.9498270505146,468.7981792377723,7.0
20,7,LSHADE,30.135915007734024,3.8740438065813767,28.97199051000166,25.29722621791666,1.0
20,8,EAO,71.37476562905326,89.37292274487356,39.34396601708295,28.376113763441026,3.0
20,8,RS-EAO,60.51504724902967,65.7528916334237,35.00464258688157,27.613709457374625,2.0
20,8,AS-ABMO,931.5769929184382,1175.7340356182692,444.2108545149663,34.158881623225625,4.0
20,8,RUN,2432.3551787800725,1649.6519588548408,1857.1449469266258,1189.9710485070295,5.0
20,8,GWO,9766.65063135515,17024.16914706211,4892.408196760269,1879.1560055975824,8.0
20,8,WOA,3619.037101941203,1805.042468253523,3397.9978292916376,783.035495416274,7.0
20,8,HHO,3454.7539452746714,1873.5651260946834,2896.1806485860416,804.0304954936923,6.0
20,8,SCA,34186786.737240575,63453960.53266268,4967399.805333144,13494.08931068176,9.0
20,8,LSHADE,27.82541975480679,3.337309282392817,26.75163256311498,22.836424959973556,1.0
20,9,EAO,346.5366064199471,8.582083912412145,344.0633401207324,336.23253494008804,4.0
20,9,RS-EAO,335.6556239425746,0.03820565728280557,335.64021648174776,335.638770999979,2.0
20,9,AS-ABMO,343.1202617446915,21.138390930010452,335.6990570045357,335.6387716424442,3.0
20,9,RUN,676.7935016012326,142.03243491581952,683.150954769085,471.2474562344846,7.0
20,9,GWO,408.35041635030717,35.3944108219358,403.39098895793563,368.3178475275672,5.0
20,9,WOA,609.6934385330712,146.35313251138092,578.1670517993487,397.2731859420637,6.0
20,9,HHO,1126.2368670887945,617.3110373608458,1017.255415129524,553.5918271337368,8.0
20,9,SCA,1200.795725684198,194.80188762062096,1193.9227894007859,825.0144292188857,9.0
20,9,LSHADE,335.6388078281389,7.070356434984782e-05,335.6387766860521,335.63877056777756,1.0
20,10,EAO,1379.9037537880904,1700.4160251758242,428.92567914171605,405.35900725737383,3.0
20,10,RS-EAO,1918.1246681519556,1951.191214241826,559.015782920384,406.45241421445417,6.0
20,10,AS-ABMO,1834.1060364986554,745.1550753257751,2087.577062660741,404.7712612798755,5.0
20,10,RUN,1395.2343311656057,1675.1728958437766,524.9586600776636,440.4690284887033,4.0
20,10,GWO,2567.6476459826654,1848.9872511933786,3690.3722580748513,423.1065796789053,7.0
20,10,WOA,2992.8073733428273,1260.0582871817114,3054.126519218784,435.04624063952406,8.0
20,10,HHO,3237.006081918781,972.279015504429,3455.419634995084,452.52773491599874,9.0
20,10,SCA,565.6703266649363,131.8821193356136,525.1621985475622,470.8167933280979,1.0
20,10,LSHADE,684.2763588774304,593.297701717102,406.7297318055389,399.0571613339889,2.0
20,11,EAO,109.4152479516981,389.6233452029158,5.177661623536778,0.14707073050703912,3.0
20,11,RS-EAO,148.28515892371877,400.4168535270751,7.716156619608228e-05,3.3647984309936874e-07,4.0
20,11,AS-ABMO,176.01184869469077,478.21710006934063,8.236213125686845,7.73070496506989e-12,5.0
20,11,RUN,236.13056221106677,313.7935936759019,155.27601818023572,63.084162373405434,6.0
20,11,GWO,37.81133691527859,11.111116972310663,34.15465529741664,27.600667064786194,2.0
20,11,WOA,689.8208473251441,772.6268862894423,333.7053263657765,34.36621652756503,8.0
20,11,HHO,971.1124212701507,971.1374481679361,512.3912989790085,91.32865481821955,9.0
20,11,SCA,357.81035692862537,158.13013741550125,319.257555800036,151.74732035345232,7.0
20,11,LSHADE,1.5227903228757594e-07,8.105113357698337e-07,2.5272584025515243e-09,2.241904439870268e-10,1.0
20,12,EAO,286.9961944910239,60.732999834918004,271.63939626510364,244.90248849520822,5.0
20,12,RS-EAO,276.58071956570535,34.86247266909011,268.1218338138515,240.4079917733825,2.0
20,12,AS-ABMO,286.17766085866907,38.79351755044311,280.5370201884723,240.72852411483973,3.0
20,12,RUN,314.1546896407307,15.694321922581734,308.28899155725526,290.5913533353969,6.0
20,12,GWO,286.5730648967253,24.258462715784308,281.513230919179,256.0041344245037,4.0
20,12,WOA,567.694772490666,134.67850856877573,547.1955281390249,304.0651722675607,7.0
20,12,HHO,787.9358410886848,310.3223481041594,705.2283389255067,348.88217584513905,9.0
20,12,SCA,658.263028600162,61.005112749399366,652.2305209237502,548.9744647235225,8.0
20,12,LSHADE,243.619504695407,9.54922500568809,239.4973555369063,234.8533173891742,1.0
