alg,fid,dim,seed,sec
EAO,1,10,2026,0.2123134940629825
EAO,1,10,2027,0.22898281400557607
EAO,1,10,2028,0.26393628399819136
EAO,1,10,2029,0.21821976196952164
EAO,1,10,2030,0.22940938302781433
EAO,2,10,2026,0.3785469309659675
EAO,2,10,2027,0.3124977139523253
EAO,2,10,2028,0.33699909690767527
EAO,2,10,2029,0.3248390150256455
EAO,2,10,2030,0.28077546798158437
EAO,3,10,2026,0.5203739210264757
EAO,3,10,2027,0.46615204494446516
EAO,3,10,2028,0.4953330820426345
EAO,3,10,2029,0.4653700420167297
EAO,3,10,2030,0.5432344148866832
EAO,4,10,2026,0.7030141360592097
EAO,4,10,2027,0.6210291830357164
EAO,4,10,2028,0.6737191330175847
EAO,4,10,2029,0.6269101620418951
EAO,4,10,2030,0.6651414199732244
EAO,5,10,2026,0.36054404999595135
EAO,5,10,2027,0.3320374690229073
EAO,5,10,2028,0.50557129108347
EAO,5,10,2029,0.3832590690581128
EAO,5,10,2030,0.352054318995215
EAO,6,10,2026,0.46857999498024583
EAO,6,10,2027,0.3793862279271707
EAO,6,10,2028,0.47167765197809786
EAO,6,10,2029,0.4094024340156466
EAO,6,10,2030,0.37100209202617407
EAO,7,10,2026,2.9248404529644176
EAO,7,10,2027,2.8883564870338887
EAO,7,10,2028,2.840383590897545
EAO,7,10,2029,2.901410046964884
EAO,7,10,2030,2.950576153001748
EAO,8,10,2026,3.6612372050294653
EAO,8,10,2027,3.877423861064017
EAO,8,10,2028,3.9618997749639675
EAO,8,10,2029,4.057086143060587
EAO,8,10,2030,3.8954052480403334
EAO,9,10,2026,0.9545443810056895
EAO,9,10,2027,0.9832912670681253
EAO,9,10,2028,0.8878355920314789
EAO,9,10,2029,0.969007469015196
EAO,9,10,2030,0.9284753369865939
EAO,10,10,2026,1.0992197280284017
EAO,10,10,2027,0.9473309080349281
EAO,10,10,2028,1.0043790449853987
EAO,10,10,2029,1.1309239480178803
EAO,10,10,2030,1.0234352600527927
EAO,11,10,2026,1.690950489952229
EAO,11,10,2027,1.5839473740197718
EAO,11,10,2028,1.5639426469570026
EAO,11,10,2029,1.6668360750190914
EAO,11,10,2030,1.6124595470027998
EAO,12,10,2026,1.629528486984782
EAO,12,10,2027,1.677268165978603
EAO,12,10,2028,1.809546775999479
EAO,12,10,2029,1.7146700089797378
EAO,12,10,2030,1.8114725940395147
RS-EAO,1,10,2026,0.27739707101136446
RS-EAO,1,10,2027,0.2729817919898778
RS-EAO,1,10,2028,0.2946496019139886
RS-EAO,1,10,2029,0.2809320300584659
RS-EAO,1,10,2030,0.27212230197619647
RS-EAO,2,10,2026,0.32171555107925087
RS-EAO,2,10,2027,0.3167608320945874
RS-EAO,2,10,2028,0.34287534398026764
RS-EAO,2,10,2029,0.30416030006017536
RS-EAO,2,10,2030,0.31759391294326633
RS-EAO,3,10,2026,0.47997142700478435
RS-EAO,3,10,2027,0.5457587960409
RS-EAO,3,10,2028,0.5041899640345946
RS-EAO,3,10,2029,0.5291309980675578
RS-EAO,3,10,2030,0.5181154370075092
RS-EAO,4,10,2026,0.7445802390575409
RS-EAO,4,10,2027,0.625850597047247
RS-EAO,4,10,2028,0.6739804289536551
RS-EAO,4,10,2029,0.7086723690154031
RS-EAO,4,10,2030,0.6476643359055743
RS-EAO,5,10,2026,0.41847518703434616
RS-EAO,5,10,2027,0.44252263801172376
RS-EAO,5,10,2028,0.3637693499913439
RS-EAO,5,10,2029,0.38630661205388606
RS-EAO,5,10,2030,0.41021391097456217
RS-EAO,6,10,2026,0.4727112549589947
RS-EAO,6,10,2027,0.5039442570414394
RS-EAO,6,10,2028,0.5819606140721589
RS-EAO,6,10,2029,0.5101744889980182
RS-EAO,6,10,2030,0.42126191896386445
RS-EAO,7,10,2026,2.8174290439346805
RS-EAO,7,10,2027,2.9155804429901764
RS-EAO,7,10,2028,2.8795080170966685
RS-EAO,7,10,2029,2.898366958950646
RS-EAO,7,10,2030,2.944009770057164
RS-EAO,8,10,2026,3.7284577359678224
RS-EAO,8,10,2027,4.048859247006476
RS-EAO,8,10,2028,3.7927623760188
RS-EAO,8,10,2029,3.78205205895938
RS-EAO,8,10,2030,4.00164274207782
RS-EAO,9,10,2026,0.9690585259813815
RS-EAO,9,10,2027,0.9595621379557997
RS-EAO,9,10,2028,1.0247643280308694
RS-EAO,9,10,2029,1.0703490289160982
RS-EAO,9,10,2030,0.9771725049940869
RS-EAO,10,10,2026,1.0135543500073254
RS-EAO,10,10,2027,1.040090978029184
RS-EAO,10,10,2028,1.096973700914532
RS-EAO,10,10,2029,1.0043332009809092
RS-EAO,10,10,2030,1.0981964039383456
RS-EAO,11,10,2026,1.6155139680486172
RS-EAO,11,10,2027,1.5691214450635016
RS-EAO,11,10,2028,1.623054372961633
RS-EAO,11,10,2029,1.566121466923505
RS-EAO,11,10,2030,1.6409589650575072
RS-EAO,12,10,2026,1.640392701025121
RS-EAO,12,10,2027,1.8250830150209367
RS-EAO,12,10,2028,1.6710034619318321
RS-EAO,12,10,2029,1.7032862489577383
RS-EAO,12,10,2030,1.906035196967423
AS-ABMO,1,10,2026,0.5274797820020467
AS-ABMO,1,10,2027,0.4471120540983975
AS-ABMO,1,10,2028,0.46034574997611344
AS-ABMO,1,10,2029,0.5218714140355587
AS-ABMO,1,10,2030,0.5106831149896607
AS-ABMO,2,10,2026,0.5004830730613321
AS-ABMO,2,10,2027,0.5362889500102028
AS-ABMO,2,10,2028,0.5208140749018639
AS-ABMO,2,10,2029,0.6201884610345587
AS-ABMO,2,10,2030,0.4926914949901402
AS-ABMO,3,10,2026,0.69679929909762
AS-ABMO,3,10,2027,0.6949338839622214
AS-ABMO,3,10,2028,0.704655910958536
AS-ABMO,3,10,2029,0.7820164720760658
AS-ABMO,3,10,2030,0.8232558770105243
AS-ABMO,4,10,2026,0.900945684988983
AS-ABMO,4,10,2027,0.8453647630522028
AS-ABMO,4,10,2028,0.9355262190802023
AS-ABMO,4,10,2029,0.8976136679993942
AS-ABMO,4,10,2030,0.8722330760210752
AS-ABMO,5,10,2026,0.557944759959355
AS-ABMO,5,10,2027,0.6228281640214846
AS-ABMO,5,10,2028,0.6192914199782535
AS-ABMO,5,10,2029,0.6974991980241612
AS-ABMO,5,10,2030,0.7195265849586576
AS-ABMO,6,10,2026,0.5921850280137733
AS-ABMO,6,10,2027,0.5842719400534406
AS-ABMO,6,10,2028,0.697281395085156
AS-ABMO,6,10,2029,0.6483194390311837
AS-ABMO,6,10,2030,0.5939535299548879
AS-ABMO,7,10,2026,3.0897432770580053
AS-ABMO,7,10,2027,3.3028606160078198
AS-ABMO,7,10,2028,3.174099743948318
AS-ABMO,7,10,2029,3.1228834859794006
AS-ABMO,7,10,2030,3.169709613081068
AS-ABMO,8,10,2026,4.078537971014157
AS-ABMO,8,10,2027,4.265399990021251
AS-ABMO,8,10,2028,4.181180780986324
AS-ABMO,8,10,2029,4.2713433500612155
AS-ABMO,8,10,2030,4.222516248002648
AS-ABMO,9,10,2026,1.3080154529307038
AS-ABMO,9,10,2027,1.3535344180418178
AS-ABMO,9,10,2028,1.1963012230116874
AS-ABMO,9,10,2029,1.2272204339969903
AS-ABMO,9,10,2030,1.2022556520532817
AS-ABMO,10,10,2026,1.1795057379640639
AS-ABMO,10,10,2027,1.3398390589281917
AS-ABMO,10,10,2028,1.2346617550356314
AS-ABMO,10,10,2029,1.2357018329203129
AS-ABMO,10,10,2030,1.2135033740196377
AS-ABMO,11,10,2026,1.9253710700431839
AS-ABMO,11,10,2027,1.8269602570217103
AS-ABMO,11,10,2028,1.8370014829561114
AS-ABMO,11,10,2029,2.088051027036272
AS-ABMO,11,10,2030,1.8191248669754714
AS-ABMO,12,10,2026,2.0472087340895087
AS-ABMO,12,10,2027,1.967948789941147
AS-ABMO,12,10,2028,1.8450628750724718
AS-ABMO,12,10,2029,1.9613038790412247
AS-ABMO,12,10,2030,1.9568788239266723
RUN,1,10,2026,1.2349093779921532
RUN,1,10,2027,1.3572483499301597
RUN,1,10,2028,1.2281056860229
RUN,1,10,2029,1.253504624008201
RUN,1,10,2030,1.3587706540711224
RUN,2,10,2026,1.3748131439788267
RUN,2,10,2027,1.3388572750845924
RUN,2,10,2028,1.2701259619789198
RUN,2,10,2029,1.3780949988868088
RUN,2,10,2030,1.4056422859430313
RUN,3,10,2026,1.5091772120213136
RUN,3,10,2027,1.5477898590033874
RUN,3,10,2028,1.5421216669492424
RUN,3,10,2029,1.6048787079053
RUN,3,10,2030,1.5289676419924945
RUN,4,10,2026,1.78746358002536
RUN,4,10,2027,1.747746155015193
RUN,4,10,2028,1.770093670929782
RUN,4,10,2029,1.7000439759576693
RUN,4,10,2030,1.634735803003423
RUN,5,10,2026,1.3014457140816376
RUN,5,10,2027,1.466295872000046
RUN,5,10,2028,1.4595868929754943
RUN,5,10,2029,1.3273031989810988
RUN,5,10,2030,1.4888897819910198
RUN,6,10,2026,1.420504070003517
RUN,6,10,2027,1.4137893149163574
RUN,6,10,2028,1.5374289830215275
RUN,6,10,2029,1.4512359839864075
RUN,6,10,2030,1.6803322209743783
RUN,7,10,2026,3.881497119902633
RUN,7,10,2027,4.147587273037061
RUN,7,10,2028,4.270215605967678
RUN,7,10,2029,3.854270576965064
RUN,7,10,2030,4.040630090981722
RUN,8,10,2026,4.77066996996291
RUN,8,10,2027,5.193497536005452
RUN,8,10,2028,5.02989748690743
RUN,8,10,2029,4.968479849980213
RUN,8,10,2030,5.1633245249977335
RUN,9,10,2026,2.0626139329979196
RUN,9,10,2027,2.0051349389832467
RUN,9,10,2028,1.966328058973886
RUN,9,10,2029,2.0664171420503408
RUN,9,10,2030,2.0784272899618372
RUN,10,10,2026,2.140457436093129
RUN,10,10,2027,2.0912575719412416
RUN,10,10,2028,2.172513913945295
RUN,10,10,2029,1.9749077169690281
RUN,10,10,2030,2.053430747007951
RUN,11,10,2026,2.8199451549444348
RUN,11,10,2027,2.7684680089587346
RUN,11,10,2028,2.7534856139682233
RUN,11,10,2029,2.68097582901828
RUN,11,10,2030,2.83490483998321
RUN,12,10,2026,2.7344451090320945
RUN,12,10,2027,2.724766207044013
RUN,12,10,2028,2.924964259029366
RUN,12,10,2029,2.9012238800060004
RUN,12,10,2030,2.8151367040118203
GWO,1,10,2026,0.6204248289577663
GWO,1,10,2027,0.6046157669043168
GWO,1,10,2028,0.5931670489953831
GWO,1,10,2029,0.7477146409219131
GWO,1,10,2030,0.5530075030401349
GWO,2,10,2026,0.6694582219934091
GWO,2,10,2027,0.6547323249978945
GWO,2,10,2028,0.6525752160232514
GWO,2,10,2029,0.6848142299568281
GWO,2,10,2030,0.6524543949635699
GWO,3,10,2026,0.9301246179966256
GWO,3,10,2027,0.9393347499426454
GWO,3,10,2028,0.8100620659533888
GWO,3,10,2029,0.7871180090587586
GWO,3,10,2030,0.9726758729666471
GWO,4,10,2026,1.0057494930224493
GWO,4,10,2027,1.0090019860072061
GWO,4,10,2028,1.0527291339822114
GWO,4,10,2029,1.1549290349939838
GWO,4,10,2030,1.0069795349845663
GWO,5,10,2026,0.7621288909576833
GWO,5,10,2027,0.7018670029938221
GWO,5,10,2028,0.7162165780318901
GWO,5,10,2029,0.8155331179732457
GWO,5,10,2030,0.7479429199593142
GWO,6,10,2026,0.7589734160574153
GWO,6,10,2027,0.7703612960176542
GWO,6,10,2028,0.8265100329881534
GWO,6,10,2029,0.8368096370249987
GWO,6,10,2030,0.8743374559562653
GWO,7,10,2026,3.2786042800871655
GWO,7,10,2027,3.3491151250200346
GWO,7,10,2028,3.204090927960351
GWO,7,10,2029,3.368615204002708
GWO,7,10,2030,3.2882113909581676
GWO,8,10,2026,4.840505061089061
GWO,8,10,2027,4.563268374069594
GWO,8,10,2028,4.75878333998844
GWO,8,10,2029,4.079516277066432
GWO,8,10,2030,4.380573817994446
GWO,9,10,2026,1.377825991017744
GWO,9,10,2027,1.3669260391034186
GWO,9,10,2028,1.399508401984349
GWO,9,10,2029,1.3981003370136023
GWO,9,10,2030,1.3354082639561966
GWO,10,10,2026,1.3858288950286806
GWO,10,10,2027,1.3791153790662065
GWO,10,10,2028,1.560650740051642
GWO,10,10,2029,1.5923663469729945
GWO,10,10,2030,1.486061375006102
GWO,11,10,2026,2.108158130082302
GWO,11,10,2027,2.0940278350608423
GWO,11,10,2028,2.039871140033938
GWO,11,10,2029,2.1063134260475636
GWO,11,10,2030,2.072166491067037
GWO,12,10,2026,2.085829972056672
GWO,12,10,2027,2.276330652064644
GWO,12,10,2028,2.1786069519585
GWO,12,10,2029,2.218924934975803
GWO,12,10,2030,2.0749950519530103
WOA,1,10,2026,0.4578511689323932
WOA,1,10,2027,0.446523878024891
WOA,1,10,2028,0.4484598159324378
WOA,1,10,2029,0.5451983789680526
WOA,1,10,2030,0.5067085670307279
WOA,2,10,2026,0.5276551640126854
WOA,2,10,2027,0.5571308580692858
WOA,2,10,2028,0.5626575549831614
WOA,2,10,2029,0.5372810950502753
WOA,2,10,2030,0.5398168029496446
WOA,3,10,2026,0.6876360740279779
WOA,3,10,2027,0.736783119966276
WOA,3,10,2028,0.7459788259584457
WOA,3,10,2029,0.8057534020626917
WOA,3,10,2030,0.7233548999065533
WOA,4,10,2026,0.9486668239114806
WOA,4,10,2027,0.9756898110499606
WOA,4,10,2028,0.8483708460116759
WOA,4,10,2029,1.1588088549906388
WOA,4,10,2030,0.9565610310528427
WOA,5,10,2026,0.68025778606534
WOA,5,10,2027,0.7197113160509616
WOA,5,10,2028,0.603379160980694
WOA,5,10,2029,0.6672154340194538
WOA,5,10,2030,0.6095976820215583
WOA,6,10,2026,0.6745069150347263
WOA,6,10,2027,0.6855333680287004
WOA,6,10,2028,0.6508543799864128
WOA,6,10,2029,0.7133602820103988
WOA,6,10,2030,0.6376949050463736
WOA,7,10,2026,3.2560226089553908
WOA,7,10,2027,3.2945242970017716
WOA,7,10,2028,3.380820634076372
WOA,7,10,2029,3.1437537210294977
WOA,7,10,2030,3.3205138030461967
WOA,8,10,2026,3.976831055013463
WOA,8,10,2027,4.136963766999543
WOA,8,10,2028,4.189229084993713
WOA,8,10,2029,4.399415716994554
WOA,8,10,2030,4.1052026599645615
WOA,9,10,2026,1.3176443140255287
WOA,9,10,2027,1.3331712459912524
WOA,9,10,2028,1.111953050014563
WOA,9,10,2029,1.1620870820479468
WOA,9,10,2030,1.3247263069497421
WOA,10,10,2026,1.2774159980472177
WOA,10,10,2027,1.561331917066127
WOA,10,10,2028,1.3615142420167103
WOA,10,10,2029,1.2882239420432597
WOA,10,10,2030,1.2305993220070377
WOA,11,10,2026,2.1199128980515525
WOA,11,10,2027,2.0585625170497224
WOA,11,10,2028,1.926040619960986
WOA,11,10,2029,2.0086536000017077
WOA,11,10,2030,2.033500674064271
WOA,12,10,2026,2.0104250790318474
WOA,12,10,2027,1.8774544630432501
WOA,12,10,2028,2.1634860490448773
WOA,12,10,2029,2.0908299169968814
WOA,12,10,2030,2.0038584959693253
HHO,1,10,2026,0.4210592170711607
HHO,1,10,2027,0.4729060960235074
HHO,1,10,2028,0.39152773399837315
HHO,1,10,2029,0.3649254710180685
HHO,1,10,2030,0.41173043998423964
HHO,2,10,2026,0.5178988119587302
HHO,2,10,2027,0.4734899259638041
HHO,2,10,2028,0.5021019349806011
HHO,2,10,2029,0.4569509719731286
HHO,2,10,2030,0.43681822903454304
HHO,3,10,2026,0.5734570369822904
HHO,3,10,2027,0.661890287999995
HHO,3,10,2028,0.5713207139633596
HHO,3,10,2029,0.5320107230218127
HHO,3,10,2030,0.6099063709843904
HHO,4,10,2026,0.7928431039908901
HHO,4,10,2027,0.8194403050001711
HHO,4,10,2028,0.904074740014039
HHO,4,10,2029,0.8693098700605333
HHO,4,10,2030,0.8942402949323878
HHO,5,10,2026,0.5664430930046365
HHO,5,10,2027,0.657786879921332
HHO,5,10,2028,0.5005821799859405
HHO,5,10,2029,0.6532901229802519
HHO,5,10,2030,0.5340828601038083
HHO,6,10,2026,0.5056587980361655
HHO,6,10,2027,0.5065542469965294
HHO,6,10,2028,0.6488324879901484
HHO,6,10,2029,0.5381741180317476
HHO,6,10,2030,0.539904489996843
HHO,7,10,2026,3.1632563680177554
HHO,7,10,2027,3.0889573550084606
HHO,7,10,2028,3.11058578803204
HHO,7,10,2029,3.286278698942624
HHO,7,10,2030,3.0991447479464114
HHO,8,10,2026,4.030086765997112
HHO,8,10,2027,3.858740498078987
HHO,8,10,2028,3.933353564934805
HHO,8,10,2029,4.145039757946506
HHO,8,10,2030,3.8748538279905915
HHO,9,10,2026,1.2100686429766938
HHO,9,10,2027,1.3314234940335155
HHO,9,10,2028,1.2395303460070863
HHO,9,10,2029,1.135167016997002
HHO,9,10,2030,1.1876906990073621
HHO,10,10,2026,1.2626532709691674
HHO,10,10,2027,1.1946865830104798
HHO,10,10,2028,1.16948499600403
HHO,10,10,2029,1.1019756100140512
HHO,10,10,2030,1.206432935083285
HHO,11,10,2026,1.892972466070205
HHO,11,10,2027,1.6600600329693407
HHO,11,10,2028,1.8963395670289174
HHO,11,10,2029,1.8237618379062042
HHO,11,10,2030,1.751660244888626
HHO,12,10,2026,1.8967977699358016
HHO,12,10,2027,2.031749630928971
HHO,12,10,2028,1.8331724310992286
HHO,12,10,2029,1.7822513540741056
HHO,12,10,2030,1.836371272103861
SCA,1,10,2026,1.1512302160263062
SCA,1,10,2027,1.066820268984884
SCA,1,10,2028,1.277349964948371
SCA,1,10,2029,1.1042669800808653
SCA,1,10,2030,1.267838579020463
SCA,2,10,2026,1.1917255609296262
SCA,2,10,2027,1.3030016080010682
SCA,2,10,2028,1.0883321199798957
SCA,2,10,2029,1.2601225629914552
SCA,2,10,2030,1.094753579935059
SCA,3,10,2026,1.4113710119854659
SCA,3,10,2027,1.3535680019995198
SCA,3,10,2028,1.3061151859583333
SCA,3,10,2029,1.401044141035527
SCA,3,10,2030,1.459318872075528
SCA,4,10,2026,1.5730681449640542
SCA,4,10,2027,1.5072550700278953
SCA,4,10,2028,1.6866704269777983
SCA,4,10,2029,1.65042808605358
SCA,4,10,2030,1.4689600529382005
SCA,5,10,2026,1.407231692923233
SCA,5,10,2027,1.2231663460843265
SCA,5,10,2028,1.2370025360723957
SCA,5,10,2029,1.4243858190020546
SCA,5,10,2030,1.3799172739963979
SCA,6,10,2026,1.196723056025803
SCA,6,10,2027,1.4075982220238075
SCA,6,10,2028,1.3109504650346935
SCA,6,10,2029,1.2036347049288452
SCA,6,10,2030,1.2240774009842426
SCA,7,10,2026,3.932531154016033
SCA,7,10,2027,3.902628320036456
SCA,7,10,2028,3.9518994939280674
SCA,7,10,2029,3.8210507159819826
SCA,7,10,2030,3.816822043969296
SCA,8,10,2026,5.059092232957482
SCA,8,10,2027,4.596545360982418
SCA,8,10,2028,4.854868381982669
SCA,8,10,2029,4.573861974989995
SCA,8,10,2030,4.601053077029064
SCA,9,10,2026,2.0868334469851106
SCA,9,10,2027,1.9483109849970788
SCA,9,10,2028,1.9971478671068326
SCA,9,10,2029,1.875265808077529
SCA,9,10,2030,1.9045744199538603
SCA,10,10,2026,2.01796155795455
SCA,10,10,2027,1.8859962000278756
SCA,10,10,2028,1.92331143503543
SCA,10,10,2029,2.0539524611085653
SCA,10,10,2030,2.015153866028413
SCA,11,10,2026,2.536485895048827
SCA,11,10,2027,2.4278341190656647
SCA,11,10,2028,2.509378049056977
SCA,11,10,2029,2.594138100044802
SCA,11,10,2030,2.5721082750242203
SCA,12,10,2026,2.613169361022301
SCA,12,10,2027,2.894178993999958
SCA,12,10,2028,2.9980533439666033
SCA,12,10,2029,2.754984339000657
SCA,12,10,2030,2.7231731599895284
LSHADE,1,10,2026,1.2047058390453458
LSHADE,1,10,2027,1.3881080029532313
LSHADE,1,10,2028,1.350494176032953
LSHADE,1,10,2029,1.4214174159569666
LSHADE,1,10,2030,1.451430922956206
LSHADE,2,10,2026,1.2754918549908325
LSHADE,2,10,2027,1.4428810889367014
LSHADE,2,10,2028,1.3339023030130193
LSHADE,2,10,2029,1.3648531479993835
LSHADE,2,10,2030,1.311425216961652
LSHADE,3,10,2026,1.577160562039353
LSHADE,3,10,2027,1.567658485029824
LSHADE,3,10,2028,1.48453687899746
LSHADE,3,10,2029,1.5290987499756739
LSHADE,3,10,2030,1.5024262120714411
LSHADE,4,10,2026,1.827982009970583
LSHADE,4,10,2027,1.8875481759896502
LSHADE,4,10,2028,1.8735553569858894
LSHADE,4,10,2029,1.9117598430020735
LSHADE,4,10,2030,1.8549662730656564
LSHADE,5,10,2026,1.5241150470683351
LSHADE,5,10,2027,1.5375113119371235
LSHADE,5,10,2028,1.3897606179816648
LSHADE,5,10,2029,1.368648023926653
LSHADE,5,10,2030,1.4782431749626994
LSHADE,6,10,2026,1.5700217760168016
LSHADE,6,10,2027,1.4146212860941887
LSHADE,6,10,2028,1.5479783760383725
LSHADE,6,10,2029,1.449868889991194
LSHADE,6,10,2030,1.5607177179772407
LSHADE,7,10,2026,4.125323827960528
LSHADE,7,10,2027,3.9777260910486802
LSHADE,7,10,2028,4.191877169068903
LSHADE,7,10,2029,4.204704100964591
LSHADE,7,10,2030,3.9999385649571195
LSHADE,8,10,2026,5.186730460030958
LSHADE,8,10,2027,5.375850098906085
LSHADE,8,10,2028,5.08088599902112
LSHADE,8,10,2029,5.301864426000975
LSHADE,8,10,2030,5.036528505035676
LSHADE,9,10,2026,2.143844489939511
LSHADE,9,10,2027,2.141225124010816
LSHADE,9,10,2028,2.1938471200410277
LSHADE,9,10,2029,2.1290630899602547
LSHADE,9,10,2030,2.261936282971874
LSHADE,10,10,2026,2.3086524800164625
LSHADE,10,10,2027,2.135908105992712
LSHADE,10,10,2028,2.1027868119999766
LSHADE,10,10,2029,2.201115795993246
LSHADE,10,10,2030,2.22048415010795
LSHADE,11,10,2026,2.8313751749228686
LSHADE,11,10,2027,2.775511692976579
LSHADE,11,10,2028,2.9305789110949263
LSHADE,11,10,2029,2.8633666650857776
LSHADE,11,10,2030,2.8799786960007623
LSHADE,12,10,2026,3.0014463550178334
LSHADE,12,10,2027,3.128480134997517
LSHADE,12,10,2028,2.814366203965619
LSHADE,12,10,2029,3.1066652790177613
LSHADE,12,10,2030,2.8145007570274174
EAO,1,20,2026,0.22921663103625178
EAO,1,20,2027,0.23219060292467475
EAO,1,20,2028,0.2346513820812106
EAO,1,20,2029,0.20889922394417226
EAO,1,20,2030,0.30137666198424995
EAO,2,20,2026,0.27207118191290647
EAO,2,20,2027,0.3007071140455082
EAO,2,20,2028,0.27997251600027084
EAO,2,20,2029,0.264402930974029
EAO,2,20,2030,0.26848547300323844
EAO,3,20,2026,0.5837127129780129
EAO,3,20,2027,0.5103750210255384
EAO,3,20,2028,0.48061780899297446
EAO,3,20,2029,0.4396357969380915
EAO,3,20,2030,0.47300135798286647
EAO,4,20,2026,0.6764007889432833
EAO,4,20,2027,0.6921659240033478
EAO,4,20,2028,0.6425021829782054
EAO,4,20,2029,0.7821983289904892
EAO,4,20,2030,0.6198278650408611
EAO,5,20,2026,0.34487694303970784
EAO,5,20,2027,0.3944293510867283
EAO,5,20,2028,0.33867529896087945
EAO,5,20,2029,0.36426991294138134
EAO,5,20,2030,0.3657563669839874
EAO,6,20,2026,0.3724488379666582
EAO,6,20,2027,0.44424121105112135
EAO,6,20,2028,0.4489925840171054
EAO,6,20,2029,0.40378831897396594
EAO,6,20,2030,0.41464477393310517
EAO,7,20,2026,5.0646439279662445
EAO,7,20,2027,4.834394500008784
EAO,7,20,2028,4.764904345967807
EAO,7,20,2029,4.809759374009445
EAO,7,20,2030,4.809022062923759
EAO,8,20,2026,6.500600887928158
EAO,8,20,2027,6.735232364968397
EAO,8,20,2028,6.440806379891001
EAO,8,20,2029,6.646797978901304
EAO,8,20,2030,6.68148382299114
EAO,9,20,2026,1.0288454750552773
EAO,9,20,2027,0.9421597680775449
EAO,9,20,2028,0.9096628100378439
EAO,9,20,2029,0.9493408689741045
EAO,9,20,2030,0.8763330120127648
EAO,10,20,2026,1.088567506056279
EAO,10,20,2027,1.1864473660243675
EAO,10,20,2028,0.9370146190049127
EAO,10,20,2029,1.0828637359663844
EAO,10,20,2030,1.0254094999982044
EAO,11,20,2026,1.7093766069738194
EAO,11,20,2027,1.7034271759912372
EAO,11,20,2028,1.677136556012556
EAO,11,20,2029,1.5465653290739283
EAO,11,20,2030,1.5286226260941476
EAO,12,20,2026,1.7285383959533647
EAO,12,20,2027,1.6466364869847894
EAO,12,20,2028,1.7747070860350505
EAO,12,20,2029,1.6177649900782853
EAO,12,20,2030,1.8173901919508353
RS-EAO,1,20,2026,0.2842552060028538
RS-EAO,1,20,2027,0.36397458403371274
RS-EAO,1,20,2028,0.28399296302814037
RS-EAO,1,20,2029,0.3299610080430284
RS-EAO,1,20,2030,0.27183487406000495
RS-EAO,2,20,2026,0.37412135500926524
RS-EAO,2,20,2027,0.3435208660084754
RS-EAO,2,20,2028,0.3578990478999913
RS-EAO,2,20,2029,0.410565804108046
RS-EAO,2,20,2030,0.3749937299871817
RS-EAO,3,20,2026,0.4907277359161526
RS-EAO,3,20,2027,0.47651025699451566
RS-EAO,3,20,2028,0.6578019310254604
RS-EAO,3,20,2029,0.49790071905590594
RS-EAO,3,20,2030,0.5163036079611629
RS-EAO,4,20,2026,0.6813493149820715
RS-EAO,4,20,2027,0.6551585589768365
RS-EAO,4,20,2028,0.6455400859704241
RS-EAO,4,20,2029,0.679907500045374
RS-EAO,4,20,2030,0.7257550820941105
RS-EAO,5,20,2026,0.4048176041105762
RS-EAO,5,20,2027,0.5350346319610253
RS-EAO,5,20,2028,0.43715489306487143
RS-EAO,5,20,2029,0.38201187504455447
RS-EAO,5,20,2030,0.4100998130161315
RS-EAO,6,20,2026,0.4012288530357182
RS-EAO,6,20,2027,0.3949268270516768
RS-EAO,6,20,2028,0.49246813799254596
RS-EAO,6,20,2029,0.4060707070166245
RS-EAO,6,20,2030,0.502193656982854
RS-EAO,7,20,2026,4.834492273977958
RS-EAO,7,20,2027,4.8161513870581985
RS-EAO,7,20,2028,4.804257912910543
RS-EAO,7,20,2029,4.850336036994122
RS-EAO,7,20,2030,4.8425155150471255
RS-EAO,8,20,2026,6.663737153983675
RS-EAO,8,20,2027,6.872201910009608
RS-EAO,8,20,2028,6.517181236995384
RS-EAO,8,20,2029,6.615838231984526
RS-EAO,8,20,2030,6.557929641916417
RS-EAO,9,20,2026,1.0355959350708872
RS-EAO,9,20,2027,1.0693761729635298
RS-EAO,9,20,2028,1.005604823003523
RS-EAO,9,20,2029,0.9859549700049683
RS-EAO,9,20,2030,1.0861798300174996
RS-EAO,10,20,2026,1.0273742150748149
RS-EAO,10,20,2027,1.068741483031772
RS-EAO,10,20,2028,0.9676546009723097
RS-EAO,10,20,2029,1.0765986799960956
RS-EAO,10,20,2030,1.0302611939841881
RS-EAO,11,20,2026,1.5300409169867635
RS-EAO,11,20,2027,1.6840405280236155
RS-EAO,11,20,2028,1.6873675630195066
RS-EAO,11,20,2029,1.660198621917516
RS-EAO,11,20,2030,1.6456108459969983
RS-EAO,12,20,2026,1.7472468649502844
RS-EAO,12,20,2027,1.715192298986949
RS-EAO,12,20,2028,1.7154718328965828
RS-EAO,12,20,2029,1.8286013660253957
RS-EAO,12,20,2030,1.7270379380788654
AS-ABMO,1,20,2026,0.529096084064804
AS-ABMO,1,20,2027,0.435544156935066
AS-ABMO,1,20,2028,0.5262427299749106
AS-ABMO,1,20,2029,0.5339787349803373
AS-ABMO,1,20,2030,0.5242278759833425
AS-ABMO,2,20,2026,0.6631928860442713
AS-ABMO,2,20,2027,0.5373554589459673
AS-ABMO,2,20,2028,0.48334172600880265
AS-ABMO,2,20,2029,0.6075291660381481
AS-ABMO,2,20,2030,0.5563084969762713
AS-ABMO,3,20,2026,0.707563305972144
AS-ABMO,3,20,2027,0.6872977600432932
AS-ABMO,3,20,2028,0.7002381880301982
AS-ABMO,3,20,2029,0.8897196489851922
AS-ABMO,3,20,2030,0.7971328039420769
AS-ABMO,4,20,2026,0.889047606033273
AS-ABMO,4,20,2027,0.8983754490036517
AS-ABMO,4,20,2028,0.8655993980355561
AS-ABMO,4,20,2029,0.937946007004939
AS-ABMO,4,20,2030,0.8632667820202187
AS-ABMO,5,20,2026,0.5937237630132586
AS-ABMO,5,20,2027,0.6288322670152411
AS-ABMO,5,20,2028,0.8097395680379122
AS-ABMO,5,20,2029,0.6229243730194867
AS-ABMO,5,20,2030,0.6178429169813171
AS-ABMO,6,20,2026,0.6259534349665046
AS-ABMO,6,20,2027,0.6755780720850453
AS-ABMO,6,20,2028,0.6612600299995393
AS-ABMO,6,20,2029,0.7084895030129701
AS-ABMO,6,20,2030,0.8282248789910227
AS-ABMO,7,20,2026,5.106924711028114
AS-ABMO,7,20,2027,5.114283735048957
AS-ABMO,7,20,2028,4.906816489063203
AS-ABMO,7,20,2029,4.981958664022386
AS-ABMO,7,20,2030,5.235660873935558
AS-ABMO,8,20,2026,6.964797360007651
AS-ABMO,8,20,2027,6.848111127037555
AS-ABMO,8,20,2028,7.108575713005848
AS-ABMO,8,20,2029,7.03680132899899
AS-ABMO,8,20,2030,6.881713406997733
AS-ABMO,9,20,2026,1.3075960059650242
AS-ABMO,9,20,2027,1.1428689419990405
AS-ABMO,9,20,2028,1.1751064639538527
AS-ABMO,9,20,2029,1.09459575091023
AS-ABMO,9,20,2030,1.3012210510205477
AS-ABMO,10,20,2026,1.2665724559919909
AS-ABMO,10,20,2027,1.303973975009285
AS-ABMO,10,20,2028,1.3128607049584389
AS-ABMO,10,20,2029,1.2423759860685095
AS-ABMO,10,20,2030,1.2906316600274295
AS-ABMO,11,20,2026,1.972266283002682
AS-ABMO,11,20,2027,1.7800966550130397
AS-ABMO,11,20,2028,1.9271647420246154
AS-ABMO,11,20,2029,2.05978278699331
AS-ABMO,11,20,2030,1.8856105969753116
AS-ABMO,12,20,2026,2.1517447020160034
AS-ABMO,12,20,2027,1.9550713319331408
AS-ABMO,12,20,2028,1.9013076139381155
AS-ABMO,12,20,2029,1.918279192992486
AS-ABMO,12,20,2030,1.8764119130792096
RUN,1,20,2026,1.3719766199355945
RUN,1,20,2027,1.281435773940757
RUN,1,20,2028,1.2356382550206035
RUN,1,20,2029,1.241729962057434
RUN,1,20,2030,1.3249759250320494
RUN,2,20,2026,1.4059439220000058
RUN,2,20,2027,1.2763066360494122
RUN,2,20,2028,1.460553664015606
RUN,2,20,2029,1.2245411929907277
RUN,2,20,2030,1.4130062190815806
RUN,3,20,2026,1.467564407037571
RUN,3,20,2027,1.6129837150219828
RUN,3,20,2028,1.5711365609895438
RUN,3,20,2029,1.5373298339545727
RUN,3,20,2030,1.4381485850317404
RUN,4,20,2026,1.7784381250385195
RUN,4,20,2027,1.7363503099186346
RUN,4,20,2028,1.7512476929696277
RUN,4,20,2029,1.8517955369316041
RUN,4,20,2030,1.83424910902977
RUN,5,20,2026,1.353097626939416
RUN,5,20,2027,1.3619855849537998
RUN,5,20,2028,1.458454085048288
RUN,5,20,2029,1.4664164850255474
RUN,5,20,2030,1.4749746499583125
RUN,6,20,2026,1.4749242190737277
RUN,6,20,2027,1.4417578539578244
RUN,6,20,2028,1.5483161659212783
RUN,6,20,2029,1.4538741670548916
RUN,6,20,2030,1.4412044909549877
RUN,7,20,2026,5.8092442790511996
RUN,7,20,2027,5.9438013669569045
RUN,7,20,2028,6.047538902028464
RUN,7,20,2029,5.822684279992245
RUN,7,20,2030,6.228436570963822
RUN,8,20,2026,8.04330437805038
RUN,8,20,2027,7.744531024014577
RUN,8,20,2028,7.503635096014477
RUN,8,20,2029,7.736979531007819
RUN,8,20,2030,7.823038102011196
RUN,9,20,2026,2.2577124170493335
RUN,9,20,2027,2.0398805160075426
RUN,9,20,2028,1.9572085130494088
RUN,9,20,2029,2.046972492011264
RUN,9,20,2030,2.1169010429875925
RUN,10,20,2026,2.1423590449849144
RUN,10,20,2027,2.230002371012233
RUN,10,20,2028,2.1111382000381127
RUN,10,20,2029,2.0197820799658075
RUN,10,20,2030,2.231913527008146
RUN,11,20,2026,2.8087507450254634
RUN,11,20,2027,2.8249840890057385
RUN,11,20,2028,2.9996855740901083
RUN,11,20,2029,2.727724566939287
RUN,11,20,2030,2.965799718978815
RUN,12,20,2026,2.9965977410320193
RUN,12,20,2027,2.7779578479239717
RUN,12,20,2028,2.702370030921884
RUN,12,20,2029,2.7544711749069393
RUN,12,20,2030,2.8579643149860203
GWO,1,20,2026,0.7247050660662353
GWO,1,20,2027,0.6200416869251058
GWO,1,20,2028,0.6752526060445234
GWO,1,20,2029,0.580427119974047
GWO,1,20,2030,0.5737893530167639
GWO,2,20,2026,0.6116531059378758
GWO,2,20,2027,0.7220126279862598
GWO,2,20,2028,0.6905076960101724
GWO,2,20,2029,0.6140447650104761
GWO,2,20,2030,0.6996360550401732
GWO,3,20,2026,0.8706886769505218
GWO,3,20,2027,0.9258651119889691
GWO,3,20,2028,0.9178093110676855
GWO,3,20,2029,0.8941377239534631
GWO,3,20,2030,0.8746183400508016
GWO,4,20,2026,1.0820362110389397
GWO,4,20,2027,1.0997151730116457
GWO,4,20,2028,1.1340978409862146
GWO,4,20,2029,1.0899952079635113
GWO,4,20,2030,1.1055388890672475
GWO,5,20,2026,0.8162858790019527
GWO,5,20,2027,0.7400987829314545
GWO,5,20,2028,0.8736959809903055
GWO,5,20,2029,0.7955827650148422
GWO,5,20,2030,0.7318422120297328
GWO,6,20,2026,0.7598236580379307
GWO,6,20,2027,0.7846434769453481
GWO,6,20,2028,0.8156126919202507
GWO,6,20,2029,0.8116055489517748
GWO,6,20,2030,0.7292048140661791
GWO,7,20,2026,5.280370378983207
GWO,7,20,2027,5.29073624801822
GWO,7,20,2028,5.185244437889196
GWO,7,20,2029,5.176580133964308
GWO,7,20,2030,5.145385427982546
GWO,8,20,2026,7.4313932850491256
GWO,8,20,2027,7.180473113898188
GWO,8,20,2028,7.379585210932419
GWO,8,20,2029,7.342359203030355
GWO,8,20,2030,7.075891631073318
GWO,9,20,2026,1.3731707620900124
GWO,9,20,2027,1.3653939289506525
GWO,9,20,2028,1.4405299479840323
GWO,9,20,2029,1.4098964959848672
GWO,9,20,2030,1.3727280989987776
GWO,10,20,2026,1.4203157660085708
GWO,10,20,2027,1.4365882239071652
GWO,10,20,2028,1.5160259020049125
GWO,10,20,2029,1.5877276350511238
GWO,10,20,2030,1.4489594850456342
GWO,11,20,2026,2.1545226459857076
GWO,11,20,2027,2.0668318460229784
GWO,11,20,2028,2.0850179770495743
GWO,11,20,2029,2.1433490100316703
GWO,11,20,2030,2.177101965993643
GWO,12,20,2026,2.2483937949873507
GWO,12,20,2027,2.3012598460773006
GWO,12,20,2028,2.1414138440741226
GWO,12,20,2029,2.1054340309929103
GWO,12,20,2030,2.2557714630384
WOA,1,20,2026,0.6868177369469777
WOA,1,20,2027,0.5524693449260667
WOA,1,20,2028,0.5701354580232874
WOA,1,20,2029,0.44124099297914654
WOA,1,20,2030,0.6144882149528712
WOA,2,20,2026,0.648633009986952
WOA,2,20,2027,0.550024603959173
WOA,2,20,2028,0.5121051209280267
WOA,2,20,2029,0.5836260790238157
WOA,2,20,2030,0.6984345789533108
WOA,3,20,2026,1.0130640818970278
WOA,3,20,2027,0.8086300570284948
WOA,3,20,2028,0.7040889940690249
WOA,3,20,2029,0.755034850910306
WOA,3,20,2030,0.7640573710668832
WOA,4,20,2026,0.9646352929994464
WOA,4,20,2027,1.056073032086715
WOA,4,20,2028,0.9652291339589283
WOA,4,20,2029,0.9292088010115549
WOA,4,20,2030,1.014004238997586
WOA,5,20,2026,0.6184340629260987
WOA,5,20,2027,0.6538547469535843
WOA,5,20,2028,0.6545045580714941
WOA,5,20,2029,0.6937009809771553
WOA,5,20,2030,0.7167876160237938
WOA,6,20,2026,0.6681444629793987
WOA,6,20,2027,0.6808085709344596
WOA,6,20,2028,0.6290877000428736
WOA,6,20,2029,0.6651276709744707
WOA,6,20,2030,0.7701098900288343
WOA,7,20,2026,5.109884441015311
WOA,7,20,2027,5.097273965948261
WOA,7,20,2028,5.29458526102826
WOA,7,20,2029,5.200063309050165
WOA,7,20,2030,5.513466355972923
WOA,8,20,2026,7.269312081974931
WOA,8,20,2027,7.041273114969954
WOA,8,20,2028,7.044009524048306
WOA,8,20,2029,7.223352320957929
WOA,8,20,2030,7.164927204023115
WOA,9,20,2026,1.2723277140175924
WOA,9,20,2027,1.3281301440438256
WOA,9,20,2028,1.338348928024061
WOA,9,20,2029,1.2755723430309445
WOA,9,20,2030,1.3581935029942542
WOA,10,20,2026,1.3897409279597923
WOA,10,20,2027,1.3439861299702898
WOA,10,20,2028,1.4589850310003385
WOA,10,20,2029,1.4517189509933814
WOA,10,20,2030,1.3815543031087145
WOA,11,20,2026,1.807848942000419
WOA,11,20,2027,1.991898768930696
WOA,11,20,2028,1.8312596200266853
WOA,11,20,2029,2.036421936005354
WOA,11,20,2030,1.975514360005036
WOA,12,20,2026,2.15313882404007
WOA,12,20,2027,2.1514807789353654
WOA,12,20,2028,2.071947476011701
WOA,12,20,2029,2.0672026840038598
WOA,12,20,2030,1.9583608559332788
HHO,1,20,2026,0.48551913700066507
HHO,1,20,2027,0.35128530906513333
HHO,1,20,2028,0.44536807003896683
HHO,1,20,2029,0.4171663449378684
HHO,1,20,2030,0.43057617102749646
HHO,2,20,2026,0.4367729650111869
HHO,2,20,2027,0.4902847040211782
HHO,2,20,2028,0.46890430396888405
HHO,2,20,2029,0.5455817270558327
HHO,2,20,2030,0.4377147749764845
HHO,3,20,2026,0.6282135749934241
HHO,3,20,2027,0.6392150289611891
HHO,3,20,2028,0.5799887229222804
HHO,3,20,2029,0.6119561980012804
HHO,3,20,2030,0.5590054610511288
HHO,4,20,2026,0.8080822909250855
HHO,4,20,2027,0.9423044639406726
HHO,4,20,2028,0.8311827649595216
HHO,4,20,2029,0.7842924150172621
HHO,4,20,2030,0.8315909520024434
HHO,5,20,2026,0.5813147109001875
HHO,5,20,2027,0.5476781580364332
HHO,5,20,2028,0.4858043889980763
HHO,5,20,2029,0.5401158549357206
HHO,5,20,2030,0.48580556199885905
HHO,6,20,2026,0.5785125629045069
HHO,6,20,2027,0.6445100361015648
HHO,6,20,2028,0.5138201729860157
HHO,6,20,2029,0.5413260920904577
HHO,6,20,2030,0.5438329849857837
HHO,7,20,2026,5.0127297879662365
HHO,7,20,2027,5.164699112996459
HHO,7,20,2028,5.003192133037373
HHO,7,20,2029,5.26494719600305
HHO,7,20,2030,5.011595119955018
HHO,8,20,2026,6.808085493044928
HHO,8,20,2027,6.360023043002002
HHO,8,20,2028,6.991188556887209
HHO,8,20,2029,6.949563333997503
HHO,8,20,2030,6.968837060034275
HHO,9,20,2026,1.0979445999255404
HHO,9,20,2027,1.1028959779068828
HHO,9,20,2028,1.1012138910591602
HHO,9,20,2029,1.165980568039231
HHO,9,20,2030,1.0608874189201742
HHO,10,20,2026,1.2593764530029148
HHO,10,20,2027,1.171416151104495
HHO,10,20,2028,1.1141942029353231
HHO,10,20,2029,1.2325775460340083
HHO,10,20,2030,1.251136086997576
HHO,11,20,2026,1.7795474940212443
HHO,11,20,2027,1.9401494140038267
HHO,11,20,2028,1.7949586630566046
HHO,11,20,2029,1.72082288202364
HHO,11,20,2030,1.9061018880456686
HHO,12,20,2026,1.9396604169160128
HHO,12,20,2027,1.9620858579874039
HHO,12,20,2028,2.0060728690586984
HHO,12,20,2029,1.8495659369509667
HHO,12,20,2030,2.0818037680583075
SCA,1,20,2026,1.6546173699898645
SCA,1,20,2027,1.600141818053089
SCA,1,20,2028,1.6639443180756643
SCA,1,20,2029,1.6332200650358573
SCA,1,20,2030,1.6923915999941528
SCA,2,20,2026,1.7208384909899905
SCA,2,20,2027,1.703261379036121
SCA,2,20,2028,1.7023343710461631
SCA,2,20,2029,2.003607754013501
SCA,2,20,2030,1.806743639986962
SCA,3,20,2026,2.0065163399558514
SCA,3,20,2027,2.0480429420713335
SCA,3,20,2028,2.0179583759745583
SCA,3,20,2029,1.9439866379834712
SCA,3,20,2030,2.115370143088512
SCA,4,20,2026,2.0084983949782327
SCA,4,20,2027,2.255184035981074
SCA,4,20,2028,2.1232453749980778
SCA,4,20,2029,2.1981504319701344
SCA,4,20,2030,2.3223098979797214
SCA,5,20,2026,1.8298508950974792
SCA,5,20,2027,1.8983064629137516
SCA,5,20,2028,2.0068656540242955
SCA,5,20,2029,1.9209012489300221
SCA,5,20,2030,1.8153408139478415
SCA,6,20,2026,1.8293150250101462
SCA,6,20,2027,2.0887172470102087
SCA,6,20,2028,2.0094616390997544
SCA,6,20,2029,1.8018317150417715
SCA,6,20,2030,1.940348973032087
SCA,7,20,2026,6.3070624460233375
SCA,7,20,2027,6.42383406101726
SCA,7,20,2028,6.373053063056432
SCA,7,20,2029,6.380672727944329
SCA,7,20,2030,6.737199733033776
SCA,8,20,2026,8.434841493028216
SCA,8,20,2027,8.689210318028927
SCA,8,20,2028,8.398532371036708
SCA,8,20,2029,8.49693531007506
SCA,8,20,2030,8.40825469198171
SCA,9,20,2026,2.6589082879945636
SCA,9,20,2027,2.6158249160507694
SCA,9,20,2028,2.677055570995435
SCA,9,20,2029,2.5864518750458956
SCA,9,20,2030,2.4341464600292966
SCA,10,20,2026,2.6728582470677793
SCA,10,20,2027,2.4716073259478435
SCA,10,20,2028,2.547413276042789
SCA,10,20,2029,2.734853176982142
SCA,10,20,2030,2.637132723000832
SCA,11,20,2026,3.509665118996054
SCA,11,20,2027,3.133878455031663
SCA,11,20,2028,3.1031938329106197
SCA,11,20,2029,3.1323439920088276
SCA,11,20,2030,3.157003958011046
SCA,12,20,2026,3.2632492480333894
SCA,12,20,2027,3.2531788100022823
SCA,12,20,2028,3.206627539009787
SCA,12,20,2029,3.514754059026018
SCA,12,20,2030,3.5125788379227743
LSHADE,1,20,2026,1.4278278440469876
LSHADE,1,20,2027,1.3753762829583138
LSHADE,1,20,2028,1.3435465110233054
LSHADE,1,20,2029,1.2572037349455059
LSHADE,1,20,2030,1.4532059020129964
LSHADE,2,20,2026,1.5065881279297173
LSHADE,2,20,2027,1.444745882996358
LSHADE,2,20,2028,1.410382202011533
LSHADE,2,20,2029,1.4366665629204363
LSHADE,2,20,2030,1.4537268560379744
LSHADE,3,20,2026,1.8037193740019575
LSHADE,3,20,2027,1.5115626460174099
LSHADE,3,20,2028,1.5294109140522778
LSHADE,3,20,2029,1.523635267978534
LSHADE,3,20,2030,1.6238807250047103
LSHADE,4,20,2026,1.8139800099888816
LSHADE,4,20,2027,1.872963073081337
LSHADE,4,20,2028,1.71085374802351
LSHADE,4,20,2029,1.9498895560391247
LSHADE,4,20,2030,1.8075094179948792
LSHADE,5,20,2026,1.5000994120491669
LSHADE,5,20,2027,1.6387774320319295
LSHADE,5,20,2028,1.5119344379054382
LSHADE,5,20,2029,1.4542257660068572
LSHADE,5,20,2030,1.6584555349545553
LSHADE,6,20,2026,1.5740240679588169
LSHADE,6,20,2027,1.5959054749691859
LSHADE,6,20,2028,1.46555854100734
LSHADE,6,20,2029,1.498671154025942
LSHADE,6,20,2030,1.561829547979869
LSHADE,7,20,2026,6.138550473959185
LSHADE,7,20,2027,6.0308987819589674
LSHADE,7,20,2028,5.85664968600031
LSHADE,7,20,2029,5.994497144012712
LSHADE,7,20,2030,6.303918699966744
LSHADE,8,20,2026,7.946630050078966
LSHADE,8,20,2027,8.314702066942118
LSHADE,8,20,2028,8.072818362037651
LSHADE,8,20,2029,7.784772081999108
LSHADE,8,20,2030,8.218382786028087
LSHADE,9,20,2026,2.245666799019091
LSHADE,9,20,2027,2.18166059802752
LSHADE,9,20,2028,2.2670041910605505
LSHADE,9,20,2029,2.0315497900592163
LSHADE,9,20,2030,2.230901053058915
LSHADE,10,20,2026,2.5037996519822627
LSHADE,10,20,2027,2.3605994479730725
LSHADE,10,20,2028,2.336186444037594
LSHADE,10,20,2029,2.185129823978059
LSHADE,10,20,2030,2.297942789969966
LSHADE,11,20,2026,2.8081435669446364
LSHADE,11,20,2027,3.0964539470151067
LSHADE,11,20,2028,2.8734408270101994
LSHADE,11,20,2029,2.8266057160217315
LSHADE,11,20,2030,2.798215570044704
LSHADE,12,20,2026,2.9557608490576968
LSHADE,12,20,2027,2.6889832030283287
LSHADE,12,20,2028,2.7237016239669174
LSHADE,12,20,2029,2.610174202010967
LSHADE,12,20,2030,2.6241559690097347
