problem,seed,f,viol,nfe,x,c1_selected,c2_selected,c1_accepted,c2_accepted,iters,c1_sel_share,c1_acc_share,c1_acc_rate
classical_F1_d10,1000,4.609691603509664e-193,0.0,14970,"[9.168222502762377e-108, -4.974412954066316e-120, 4.911547663049603e-97, 4.687602328340506e-97, 2.402935913033032e-110, 5.131113880293465e-106, -5.027835166996529e-103, 7.542497924755979e-112, 7.001506465525473e-105, 4.928148556952943e-106]",3202,1778,3000,1772,166,0.6429718875502008,0.6286672254819782,0.9369144284821986
classical_F1_d10,1001,4.001650047997257e-200,0.0,14970,"[1.1661478471033271e-113, -7.432762481227708e-103, 9.925401995836667e-102, -3.0785158993397416e-104, 1.9979346847045645e-100, -5.538676265107739e-104, -3.2235354421534723e-115, -3.66943622672035e-115, -1.8887504274491735e-104, 6.959028429777338e-112]",3222,1758,3018,1752,166,0.6469879518072289,0.6327044025157232,0.9366852886405959
classical_F1_d10,1002,1.9990610811601313e-196,0.0,14970,"[-1.6299232955781734e-123, 2.6758941252710952e-114, -9.660811018520809e-99, 1.032350452733552e-98, 1.4059366512914294e-107, -1.3621416774459127e-102, 1.1520916406146387e-109, 7.521870951609044e-104, -2.2561368885062403e-110, -9.539047924594319e-102]",3239,1741,3046,1733,166,0.6504016064257028,0.6373718351119481,0.9404137079345477
classical_F1_d10,1003,1.3380679971933826e-194,0.0,14970,"[-7.239327584126298e-108, -1.8526612771596504e-110, 1.1567488911571874e-97, -3.1407567226794226e-106, 4.9556453040684214e-111, -2.1184439036211066e-111, -8.219211917716882e-109, 4.192310169786738e-106, 4.431376193574858e-118, 2.785105242295988e-107]",3222,1758,3045,1753,166,0.6469879518072289,0.6346394330971238,0.9450651769087524
classical_F1_d10,1004,2.6175225700222194e-189,0.0,14970,"[1.5102564768033336e-102, -1.0718343690150063e-100, 6.93223747482069e-104, 1.2078778902629096e-106, 1.878698037894744e-115, -1.0001001452996257e-105, -2.7192732813222603e-103, -4.636001649873287e-101, 5.11617295447347e-95, -4.325956137416821e-107]",3246,1734,3043,1728,166,0.6518072289156627,0.6378117795011528,0.9374614910659272
classical_F1_d10,1005,2.865356802641364e-193,0.0,14970,"[-2.8119879472407226e-115, 3.712389028124373e-101, -1.4984950743560974e-106, -5.35290275351564e-97, 1.2084453398816596e-107, -3.472919064141606e-108, 5.157139805084551e-111, 2.726887985307269e-109, 2.3990877512455893e-108, 7.503342018272795e-107]",3241,1739,3023,1732,166,0.6508032128514056,0.6357518401682439,0.9327368096266584
classical_F1_d10,1006,2.464186825061892e-197,0.0,14970,"[7.630486571348024e-119, -2.3923907685011863e-105, 4.964057338739505e-99, -1.8492243878800523e-104, -1.0475418032836201e-106, -1.7285747790838499e-102, -1.699729812392481e-105, 3.205543702623192e-115, 2.007631681227171e-105, -5.001666703965391e-109]",3135,1845,2940,1830,166,0.6295180722891566,0.6163522012578616,0.937799043062201
classical_F1_d10,1007,4.006928371729741e-190,0.0,14970,"[6.175073568440721e-114, -2.0017313433216423e-95, 2.723759176509073e-102, -1.7032468062404677e-111, 4.35662201313211e-109, -3.930147423625095e-108, 1.382908154209181e-110, 7.769018601201912e-113, -2.988979764523989e-100, 5.0002901111095177e-107]",3254,1726,3052,1715,166,0.6534136546184739,0.6402349486049926,0.9379225568531039
classical_F1_d10,1008,2.7334188801575197e-191,0.0,14970,"[-5.989608957936173e-104, -1.1037847043234463e-113, 1.13096668054383e-103, -5.228210860473546e-96, -7.843358388682969e-105, -4.824196438668676e-103, 9.002345708394397e-112, -7.590949331229247e-114, -6.5307721427378734e-111, 1.189493545520195e-102]",3143,1837,2954,1824,166,0.6311244979919679,0.6182503139388865,0.9398663697104677
classical_F1_d10,1009,1.2385284201403213e-198,0.0,14970,"[-5.041330618322047e-103, 1.1128915821181132e-99, 1.4108992825895507e-112, -8.492041277909069e-104, -6.965840519006928e-103, 2.5462268474048073e-115, -4.750218329568662e-107, -2.6405338399994703e-113, -5.496878063790177e-115, 5.648032780921113e-118]",3181,1799,2974,1793,166,0.6387550200803213,0.6238724564715754,0.9349261238604213
classical_F1_d10,1010,9.480947564705792e-200,0.0,14970,"[-6.246210516336732e-106, -4.7642701077543984e-113, -2.863565437227908e-101, -3.0657699650677446e-100, -9.956945736471647e-112, 1.0543849013854145e-104, 1.408506158415869e-103, -3.807470834801119e-113, 2.5841989757164415e-106, -1.4425283931123232e-104]",3189,1791,2993,1780,166,0.6403614457831325,0.6270689293945108,0.938538726873628
classical_F1_d10,1011,1.3985392745910854e-199,0.0,14970,"[-4.0748329224574855e-115, 5.313211269313316e-113, 2.9497972736715924e-104, -2.054863970824034e-110, -1.625566682111462e-122, 1.1582118446056423e-109, 2.2177705181756132e-113, 3.593145464222539e-104, -3.7397043006720704e-100, -2.0672023826370202e-103]",3207,1773,3019,1762,166,0.6439759036144578,0.6314578540054382,0.9413782351106954
classical_F1_d10,1012,2.0038704707202403e-205,0.0,14970,"[4.3736699101729156e-103, -9.461172608797622e-104, -7.577036298302766e-110, -2.8371081573311306e-107, 1.2074010247095968e-104, 7.252566616915293e-112, -3.1603506676723804e-107, 7.250823452707941e-110, -2.212473585941183e-111, 1.862257517920489e-110]",3206,1774,2998,1768,166,0.6437751004016065,0.629039026437264,0.9351216469120399
classical_F1_d10,1013,2.491109158422873e-200,0.0,14970,"[3.800092108678484e-110, 4.492428388492724e-111, -2.43354460144545e-108, 8.283453651778948e-107, 1.6224016021430281e-105, 6.062667753740159e-101, -1.085885943801169e-105, 4.161631072766386e-107, 1.4572404589217498e-100, -7.205405214520937e-113]",3232,1748,3006,1741,166,0.648995983935743,0.6332420476090163,0.9300742574257426
classical_F1_d10,1014,1.0012672209580605e-201,0.0,14970,"[2.976363803160069e-114, 3.018413836511545e-107, 1.1518631707541693e-104, 8.329535164586136e-105, -8.984033459424243e-107, -7.203967976082466e-114, -4.37731861305217e-113, -3.142862759859478e-101, 4.905365405995712e-107, 3.675375648214206e-102]",3175,1805,2971,1797,166,0.6375502008032129,0.6231124161073825,0.935748031496063
classical_F1_d10,1015,1.1885102459189177e-197,0.0,14970,"[-3.2171159484655955e-109, 6.230763283385946e-119, 4.638375646117353e-105, 1.6846122662173088e-109, 6.3086152833867886e-102, 2.2127454669101622e-105, 3.4474719230961066e-99, 1.049017628797037e-110, -6.358319387802027e-107, 4.8525524733768385e-115]",3222,1758,3011,1749,166,0.6469879518072289,0.632563025210084,0.9345127250155183
classical_F1_d10,1016,8.648002544706567e-197,0.0,14970,"[8.09646290402251e-114, -1.0198556036505985e-111, -7.80097605170209e-102, -4.186843257969379e-116, -6.723550537493114e-110, 6.2009098046522694e-102, -1.1401544598454424e-108, -3.3341908567262443e-103, -3.049707085927747e-105, -9.299458372904215e-99]",3218,1762,3015,1757,166,0.6461847389558233,0.6318105616093881,0.9369173399627098
classical_F1_d10,1017,7.625672200717279e-184,0.0,14970,"[1.1561192175462275e-106, 2.761461968001238e-92, -4.719059339129597e-112, 3.723721456868712e-107, -2.9464911330344663e-107, 4.992662128712103e-109, -9.232011110010778e-100, -4.962814269070033e-107, 1.75331435355175e-100, -2.715774292019611e-115]",3184,1796,3000,1784,166,0.6393574297188755,0.6270903010033445,0.9422110552763819
classical_F1_d10,1018,6.010948073921884e-203,0.0,14970,"[7.732735846804387e-106, 9.265682612300562e-117, -8.616526142365025e-104, -2.1646101231536245e-105, -1.3258828205175846e-107, -7.691549312284373e-102, -1.6384381732858207e-113, 5.8980579002624815e-112, -1.3794695661094116e-107, -9.7062875487248e-103]",3205,1775,3000,1772,166,0.643574297188755,0.6286672254819782,0.9360374414976599
classical_F1_d10,1019,1.663247953023615e-198,0.0,14970,"[-1.1376966238983923e-114, 1.9439054361695175e-103, -2.0799710031109872e-107, 3.618723147357648e-105, -2.4014541136660888e-114, 1.4055026787277801e-102, 2.050288763495121e-117, -1.2896689259639093e-99, -4.374076624306204e-112, -3.446958805091167e-104]",3257,1723,3063,1717,166,0.6540160642570281,0.6407949790794979,0.9404359840343874
classical_F1_d10,1020,1.2617683718731912e-192,0.0,14970,"[1.1232844990441714e-96, 5.188302269464148e-113, -2.128471648944973e-109, 5.532452205989394e-100, 5.060586387901452e-107, 1.5183347192303072e-107, -4.8200918377684204e-122, 1.4081453316372195e-116, -4.491698795231492e-104, -2.7745313146044952e-111]",3245,1735,3021,1727,166,0.6516064257028112,0.6362679022746419,0.9309707241910632
classical_F1_d10,1021,1.0598019977179176e-206,0.0,14970,"[-1.0294627649107369e-103, 1.6157147718781381e-108, -1.2076895047519637e-113, -5.177344751918765e-112, -9.526327425417292e-107, 2.64058771334887e-106, -6.920647865174776e-113, -2.9164867818704386e-115, 1.5506471551515745e-110, 7.300044979890872e-107]",3168,1812,2939,1796,166,0.636144578313253,0.6206969376979936,0.9277146464646465
classical_F1_d10,1022,8.88733896689932e-196,0.0,14970,"[6.385464991588941e-117, 2.461506169278732e-108, 1.567709310169221e-109, 3.5446864908097284e-111, 1.5459903034856415e-119, -2.981163648834048e-98, 1.5052474168182343e-101, -2.234494954419859e-122, 1.5157127959933392e-109, 9.688568136583232e-111]",3209,1771,3000,1763,166,0.6443775100401606,0.6298551333193365,0.9348706762231225
classical_F1_d10,1023,4.272517359941861e-192,0.0,14970,"[-1.2812080568886478e-108, 1.9141535025646867e-107, -1.0236663442563487e-109, 3.5080189273949973e-118, -2.0670068601583935e-96, -9.239162626232375e-105, -3.02918178664315e-104, -1.7285976969780255e-107, 1.0057378070113613e-106, 1.9483370220004468e-112]",3208,1772,2992,1759,166,0.6441767068273092,0.6297621553357188,0.9326683291770573
classical_F1_d10,1024,3.6829593599800416e-194,0.0,14970,"[2.978125440461443e-105, 6.043094317209041e-104, 1.6023096391824888e-103, 1.0737336560369938e-107, 1.4554747102691146e-103, -2.9582299263763873e-108, 9.395195761917009e-112, 1.9191037908291958e-97, -4.098629816505266e-108, -4.535594568095392e-109]",3201,1779,2998,1776,166,0.6427710843373494,0.6279849183074989,0.936582318025617
classical_F1_d10,1025,1.3707755393978555e-197,0.0,14970,"[-1.1851922524977154e-112, 2.3013104089401214e-101, 3.6383174514255583e-99, -1.0674068654988445e-105, -4.852711044231702e-111, -6.854720332955673e-100, 3.014121788390684e-114, -9.691819281132709e-110, -6.556527203265662e-104, 3.067010675649519e-104]",3264,1716,3040,1712,166,0.655421686746988,0.6397306397306397,0.9313725490196079
classical_F1_d10,1026,4.27679319949464e-194,0.0,14970,"[1.0182284531610724e-98, 1.447984330236259e-102, 3.0393359240706e-102, 1.0696962539891977e-107, -1.1799574334774637e-102, 1.6407466277888795e-97, -1.2547413318262614e-97, -2.470898728474562e-114, -9.189650956526818e-116, 3.4317177919523206e-106]",3237,1743,3035,1738,166,0.65,0.635868426566101,0.9375965400061785
classical_F1_d10,1027,2.394921591415918e-197,0.0,14970,"[-3.48658931221654e-104, 2.8358735525015385e-109, 8.95151249933287e-111, -1.038668279531492e-115, 1.1226698599162772e-100, -4.782000345428357e-99, 1.7557584507524246e-108, -1.0339655374565597e-99, 2.6529440137826102e-121, 2.17978160821834e-104]",3195,1785,3016,1774,166,0.641566265060241,0.6296450939457202,0.9439749608763693
classical_F1_d10,1028,1.2449242608229687e-206,0.0,14970,"[-7.183122118011155e-107, -1.3573002667216058e-104, -8.208980066432007e-104, 9.30121538893383e-119, 2.844780255954551e-104, 8.862029636817682e-107, -2.1796050790540251e-113, 1.6432746748909166e-106, -6.868015249293575e-104, -1.1033027524028776e-112]",3222,1758,3000,1755,166,0.6469879518072289,0.6309148264984227,0.931098696461825
classical_F1_d10,1029,2.0277928792909924e-184,0.0,14970,"[8.641014230616155e-112, 2.768752929218717e-108, 1.2465834829178697e-97, 1.4236201960844013e-92, -1.5474486143858615e-104, -1.5622998726402157e-110, -6.044108974410343e-103, 2.6034473465830583e-104, 3.7378505447023245e-104, -3.3142366182970905e-94]",3216,1764,3002,1754,166,0.6457831325301204,0.6312026913372581,0.9334577114427861
cec2022_F1_d10,1000,300.00000000018974,0.0,14970,"[-55.93832589037784, 4.543062748902223, 35.30007217293264, 8.27944453866127, -47.43693676757831, 7.302097403553988, 6.3876703211517425, -2.497827843250678, -61.05354902811599, -47.13399244453773]",98,4882,33,3779,166,0.01967871485943775,0.008656873032528857,0.336734693877551
cec2022_F1_d10,1001,300.00000000740954,0.0,14970,"[-55.9383187029374, 4.543073026156038, 35.30007477778371, 8.279511392888557, -47.43693046909177, 7.302115622747633, 6.387635817644435, -2.497823566445592, -61.05355597580615, -47.13402304380074]",117,4863,44,3740,166,0.023493975903614458,0.011627906976744186,0.37606837606837606
cec2022_F1_d10,1002,300.0000000000524,0.0,14970,"[-55.93833111495228, 4.543063621676786, 35.3000736568882, 8.279439154304857, -47.43694120289519, 7.30210023599247, 6.387665351610013, -2.497829245595818, -61.05355474603049, -47.133997092152825]",129,4851,39,3766,166,0.025903614457831327,0.010249671484888305,0.3023255813953488
cec2022_F1_d10,1003,300.0000000285983,0.0,14970,"[-55.938303229104434, 4.5430897090622535, 35.30011967498277, 8.279425714095346, -47.43695835006093, 7.30212649841389, 6.387733724659153, -2.4978628660404287, -61.05343802726218, -47.1339453033242]",85,4895,40,3694,166,0.01706827309236948,0.010712372790573112,0.47058823529411764
cec2022_F1_d10,1004,300.00000000010965,0.0,14970,"[-55.93832975106522, 4.5430645783373516, 35.30006825119552, 8.279438303630327, -47.43694615801537, 7.302099584292942, 6.387673121580898, -2.4978303110874447, -61.05356117373876, -47.133993427157755]",94,4886,30,3760,166,0.01887550200803213,0.0079155672823219,0.3191489361702128
cec2022_F1_d10,1005,300.00000000024363,0.0,14970,"[-55.938326033007215, 4.543068263316844, 35.30007276897861, 8.279444470163241, -47.43693635432581, 7.30210521264954, 6.387672816397329, -2.4978355408930097, -61.053549491862434, -47.1339975150224]",106,4874,38,3730,166,0.021285140562248995,0.010084925690021231,0.3584905660377358
cec2022_F1_d10,1006,300.0000003070683,0.0,14970,"[-55.93790356075235, 4.543082376704792, 35.299916466111505, 8.279324783913065, -47.437163591774194, 7.3020570944701335, 6.387627854311918, -2.497776525695313, -61.05340244042069, -47.133890311233344]",87,4893,36,3794,166,0.01746987951807229,0.009399477806788513,0.41379310344827586
cec2022_F1_d10,1007,300.00000000000705,0.0,14970,"[-55.93832688896315, 4.543065232307086, 35.30006998674612, 8.2794406319583, -47.436942771463094, 7.302099388211501, 6.387665785502502, -2.497831236039271, -61.053559609797425, -47.13399654528656]",104,4876,41,3696,166,0.020883534136546186,0.010971367407010971,0.3942307692307692
cec2022_F1_d10,1008,300.00003985717643,0.0,14970,"[-55.93846629627564, 4.541816523461124, 35.29911124613675, 8.280048200596845, -47.436785447140025, 7.302447955286814, 6.38742223161354, -2.491898940834792, -61.053209436667984, -47.134550672338854]",122,4858,37,3831,166,0.024497991967871485,0.009565667011375388,0.30327868852459017
cec2022_F1_d10,1009,300.00000101547187,0.0,14970,"[-55.938405228880285, 4.543898526702453, 35.29984032130397, 8.279487972458575, -47.4370737139866, 7.302105685762425, 6.387316924476642, -2.4980100961702054, -61.053356530416046, -47.134093021405164]",122,4858,38,3861,166,0.024497991967871485,0.009746088740702744,0.3114754098360656
cec2022_F1_d10,1010,300.0000000000366,0.0,14970,"[-55.938329637027444, 4.543066519305635, 35.30007209794657, 8.279441063835709, -47.43694562072956, 7.302099661999007, 6.387665666393025, -2.4978302186623114, -61.05355645505615, -47.13399279347279]",108,4872,36,3705,166,0.021686746987951807,0.009623095429029671,0.3333333333333333
cec2022_F1_d10,1011,300.00000003754855,0.0,14970,"[-55.938286411723475, 4.5430379579543, 35.30013231034945, 8.27943591771941, -47.43693362661484, 7.30213669630767, 6.3876798774267955, -2.4978236165529166, -61.05339578372395, -47.13405194477094]",110,4870,38,3859,166,0.02208835341365462,0.009751090582499358,0.34545454545454546
cec2022_F1_d10,1012,300.0000000000814,0.0,14970,"[-55.93832472547076, 4.543061116202557, 35.30007076213938, 8.279440361310252, -47.43693580022439, 7.302102237213506, 6.387665910259477, -2.4978323488833967, -61.05355771442749, -47.13399599361282]",87,4893,30,3815,166,0.01746987951807229,0.007802340702210663,0.3448275862068966
cec2022_F1_d10,1013,300.000000138282,0.0,14970,"[-55.938458047851576, 4.543106353719963, 35.300228884940424, 8.27957619382067, -47.436959318433246, 7.302199972548109, 6.387749108451673, -2.497916299039935, -61.05360734875838, -47.13379328088824]",107,4873,46,3711,166,0.0214859437751004,0.01224381155177003,0.42990654205607476
cec2022_F1_d10,1014,300.0000000064496,0.0,14970,"[-55.9383360448184, 4.543052165856561, 35.300047973473674, 8.27942717020662, -47.43697751112294, 7.302068174706783, 6.3877040414983455, -2.497794943967169, -61.05357630747531, -47.13398370914043]",95,4885,38,3822,166,0.019076305220883535,0.009844559585492229,0.4
cec2022_F1_d10,1015,300.0000000001755,0.0,14970,"[-55.93831851471291, 4.543065418034869, 35.300070720503854, 8.27944063466562, -47.43695234600366, 7.302098728885301, 6.387665227820188, -2.4978333783267512, -61.053558892202695, -47.133997352219325]",101,4879,43,3818,166,0.020281124497991968,0.011137011137011137,0.42574257425742573
cec2022_F1_d10,1016,300.00000000001427,0.0,14970,"[-55.938326804082614, 4.543065072705586, 35.30007003587995, 8.279441122454058, -47.43694299775005, 7.302099535329368, 6.387665640326367, -2.497831628405971, -61.053560795147135, -47.13399657813579]",86,4894,31,3269,166,0.017269076305220885,0.009393939393939394,0.36046511627906974
cec2022_F1_d10,1017,300.00000000064324,0.0,14970,"[-55.938327859738045, 4.54305847275949, 35.30008779140283, 8.279444808274189, -47.436938872911774, 7.302098410755611, 6.38766937318687, -2.4978438086653867, -61.05356563922492, -47.13399959625779]",95,4885,42,3752,166,0.019076305220883535,0.01107011070110701,0.4421052631578947
cec2022_F1_d10,1018,300.0000000069763,0.0,14970,"[-55.93832396805637, 4.543023959770425, 35.30007165655944, 8.27941733563128, -47.436942696415926, 7.302088526133837, 6.387729696951582, -2.4978356643648514, -61.05357841205654, -47.13399001094235]",86,4894,40,3761,166,0.017269076305220885,0.010523546435148644,0.46511627906976744
cec2022_F1_d10,1019,300.0000000000001,0.0,14970,"[-55.93832668864579, 4.543065371626775, 35.30007027707875, 8.27944089655455, -47.4369427021338, 7.302099591808982, 6.3876658207549815, -2.4978316174496236, -61.05355711217621, -47.13399652514047]",86,4894,38,3687,166,0.017269076305220885,0.010201342281879194,0.4418604651162791
cec2022_F1_d10,1020,300.000000000018,0.0,14970,"[-55.938327352126414, 4.5430669747701256, 35.30007007082072, 8.279441968630712, -47.436940230825776, 7.30209864607676, 6.387664758457032, -2.4978335196742014, -61.05355648335952, -47.13399626444425]",105,4875,31,3773,166,0.02108433734939759,0.00814931650893796,0.29523809523809524
cec2022_F1_d10,1021,300.00000002027224,0.0,14970,"[-55.93828256120487, 4.543012076129475, 35.30009206006896, 8.279420906973682, -47.43685160171245, 7.302117695117985, 6.387682526887398, -2.497801471705931, -61.05350549931393, -47.13399157036828]",106,4874,37,3772,166,0.021285140562248995,0.009713835652402206,0.3490566037735849
cec2022_F1_d10,1022,300.00000002213017,0.0,14970,"[-55.93833005866729, 4.543073458160424, 35.300035163088666, 8.279445213241107, -47.43694478964125, 7.3021015434034275, 6.387666039664621, -2.497836365779841, -61.053546265725906, -47.13385288244484]",83,4897,36,3826,166,0.016666666666666666,0.009321595028482652,0.43373493975903615
cec2022_F1_d10,1023,300.0000000000004,0.0,14970,"[-55.938327224671504, 4.543065388848777, 35.30007039711318, 8.279440770103099, -47.43694269416111, 7.302099710755896, 6.387665893440994, -2.4978314483297392, -61.05355689186706, -47.13399629380976]",92,4888,27,3682,166,0.018473895582329317,0.007279590186033971,0.29347826086956524
cec2022_F1_d10,1024,300.0000000055895,0.0,14970,"[-55.93829572643707, 4.543033824119361, 35.30010793156232, 8.279451930945596, -47.43695046741733, 7.302101243199509, 6.387651378718073, -2.4978070167100883, -61.0535352329313, -47.13397018462343]",110,4870,34,3779,166,0.02208835341365462,0.008916863362182009,0.3090909090909091
cec2022_F1_d10,1025,300.00000000029775,0.0,14970,"[-55.93832409798678, 4.5430620402657755, 35.30006705827147, 8.279441745348072, -47.43694779389474, 7.302095248619492, 6.387664478319039, -2.49781688501269, -61.05355689507147, -47.133999565439055]",87,4893,32,3694,166,0.01746987951807229,0.008588298443370907,0.367816091954023
cec2022_F1_d10,1026,300.0000000001843,0.0,14970,"[-55.93832487084077, 4.543058040328514, 35.30006923973138, 8.279440252805745, -47.43693676221008, 7.302098943896812, 6.38767281471949, -2.4978287635428718, -61.05356211599882, -47.13399503303173]",102,4878,40,3755,166,0.020481927710843374,0.010540184453227932,0.39215686274509803
cec2022_F1_d10,1027,300.0000000009131,0.0,14970,"[-55.93830470082379, 4.543067682918326, 35.30006794175351, 8.279430251815004, -47.43694793939364, 7.302102953733146, 6.387663672579488, -2.4978324422712586, -61.05354885716813, -47.13401011679839]",99,4881,43,3808,166,0.019879518072289156,0.01116593092703194,0.43434343434343436
cec2022_F1_d10,1028,300.00000000146844,0.0,14970,"[-55.93831348381741, 4.543064772072851, 35.30004607434684, 8.279427531764236, -47.436932361176666, 7.302109987669615, 6.387661396623605, -2.4978205383616623, -61.05354551087759, -47.133989905944176]",119,4861,40,3761,166,0.02389558232931727,0.010523546435148644,0.33613445378151263
cec2022_F1_d10,1029,300.0000000165013,0.0,14970,"[-55.93842857891254, 4.543108490679047, 35.30005864108697, 8.279463380736374, -47.43693786200603, 7.302153194830923, 6.387671346095244, -2.4978474499998393, -61.053572695005826, -47.133987502760604]",81,4899,38,3782,166,0.016265060240963854,0.009947643979057591,0.4691358024691358
spring,1000,0.012665637198320506,0.0,14970,"[0.05183815939975029, 0.3603152607700455, 11.081129392567464]",47,4933,39,1993,166,0.009437751004016065,0.019192913385826772,0.8297872340425532
spring,1001,0.012665240758234178,0.0,14970,"[0.0517098692695098, 0.35721853540698756, 11.259666000734294]",44,4936,44,1500,166,0.008835341365461847,0.02849740932642487,1.0
spring,1002,0.012722637970132226,0.0,14970,"[0.05348809332029979, 0.40156122298046815, 9.074169515733876]",51,4929,43,2480,166,0.010240963855421687,0.017043202536662704,0.8431372549019608
spring,1003,0.012665247922491902,0.0,14970,"[0.05171727946445698, 0.35739696819354433, 11.249255925749779]",52,4928,44,2002,166,0.010441767068273093,0.021505376344086023,0.8461538461538461
spring,1004,0.012665233171766752,0.0,14970,"[0.05169363885267347, 0.3568278788830376, 11.282511561098708]",43,4937,37,1468,166,0.008634538152610442,0.02458471760797342,0.8604651162790697
spring,1005,0.012665248247067743,0.0,14970,"[0.051718180247291905, 0.3574186745399449, 11.247990130177092]",50,4930,39,1771,166,0.010040160642570281,0.02154696132596685,0.78
spring,1006,0.012665889104569998,0.0,14970,"[0.05187850689044384, 0.3612923671866574, 11.025726595295417]",51,4929,48,2152,166,0.010240963855421687,0.02181818181818182,0.9411764705882353
spring,1007,0.012665368857300647,0.0,14970,"[0.05160277739093734, 0.3546455259126885, 11.411495337096653]",47,4933,42,1810,166,0.009437751004016065,0.02267818574514039,0.8936170212765957
spring,1008,0.012665234271764653,0.0,14970,"[0.051680045492393634, 0.35650088713027267, 11.301690481666013]",45,4935,40,1567,166,0.009036144578313253,0.024891101431238332,0.8888888888888888
spring,1009,0.012667045254756665,0.0,14970,"[0.05200402549370613, 0.3643421090046274, 10.855590474464304]",57,4923,48,1888,166,0.01144578313253012,0.024793388429752067,0.8421052631578947
spring,1010,0.012667736490882042,0.0,14970,"[0.05131980356386604, 0.3478991799271959, 11.825334413809621]",52,4928,48,2895,166,0.010441767068273093,0.0163098878695209,0.9230769230769231
spring,1011,0.012666487849177045,0.0,14970,"[0.051951479295736916, 0.36306363178608214, 10.92640105867667]",55,4925,36,1963,166,0.01104417670682731,0.018009004502251125,0.6545454545454545
spring,1012,0.012787524054081983,0.0,14970,"[0.054328931358192036, 0.4236134964909443, 8.227143506639518]",41,4939,32,3106,166,0.00823293172690763,0.010197578075207138,0.7804878048780488
spring,1013,0.012666010932066703,0.0,14970,"[0.05189596492299613, 0.36171573567239507, 11.001853658159787]",40,4940,31,1865,166,0.008032128514056224,0.016350210970464137,0.775
spring,1014,0.012665235372758652,0.0,14970,"[0.051677159146452246, 0.3564314780193028, 11.305768142255978]",55,4925,50,1952,166,0.01104417670682731,0.024975024975024976,0.9090909090909091
spring,1015,0.012665306371165896,0.0,14970,"[0.051752597069908424, 0.35824817339293785, 11.19980203168284]",47,4933,42,1689,166,0.009437751004016065,0.024263431542461005,0.8936170212765957
spring,1016,0.012665493579523754,0.0,14970,"[0.051807774546870106, 0.3595803178901031, 11.123096813425187]",50,4930,46,1953,166,0.010040160642570281,0.02301150575287644,0.92
spring,1017,0.00607614191588792,0.729689675967514,14970,"[0.05, 0.6076141915887919, 2.0]",361,4619,76,1146,166,0.07248995983935742,0.062193126022913256,0.21052631578947367
spring,1018,0.012666489818905722,0.0,14970,"[0.05195193642827727, 0.36307478771332763, 10.925778414352918]",43,4937,37,2027,166,0.008634538152610442,0.017926356589147287,0.8604651162790697
spring,1019,0.012665878877325997,0.0,14970,"[0.05150121489509041, 0.35221544306329494, 11.55788633675507]",50,4930,49,2299,166,0.010040160642570281,0.020868824531516183,0.98
spring,1020,0.012665272730486553,0.0,14970,"[0.05173550009698632, 0.3578359569345056, 11.223708430927196]",45,4935,38,1735,166,0.009036144578313253,0.02143260011280316,0.8444444444444444
spring,1021,0.01268389793450802,0.0,14970,"[0.0527090382345956, 0.38175528804017866, 9.959072352590145]",52,4928,41,2525,166,0.010441767068273093,0.01597817614964926,0.7884615384615384
spring,1022,0.012665237644139352,0.0,14970,"[0.05170529551200375, 0.35710842220666783, 11.266097992602633]",42,4938,40,1495,166,0.008433734939759036,0.026058631921824105,0.9523809523809523
spring,1023,0.012665237134204045,0.0,14970,"[0.05170449810917677, 0.3570892276431792, 11.267219761914644]",47,4933,43,2222,166,0.009437751004016065,0.018984547461368653,0.9148936170212766
spring,1024,0.012696064285612357,0.0,14970,"[0.053002906952236764, 0.3891562118446143, 9.613035861976508]",45,4935,31,2452,166,0.009036144578313253,0.012484897301651228,0.6888888888888889
spring,1025,0.012665303955991638,0.0,14970,"[0.051751560350029896, 0.3582231704682737, 11.201249717421813]",57,4923,49,2401,166,0.01144578313253012,0.02,0.8596491228070176
spring,1026,0.01304985060044235,0.0,14970,"[0.0564167928522623, 0.48146980611059814, 6.515687089654863]",56,4924,39,3202,166,0.011244979919678716,0.01203332304844184,0.6964285714285714
spring,1027,0.012665612446695713,0.0,14970,"[0.051545032252919905, 0.3532626595666176, 11.494438839855855]",64,4916,55,2419,166,0.01285140562248996,0.02223120452708165,0.859375
spring,1028,0.012672081957448771,0.0,14970,"[0.05230493902433641, 0.371715724645359, 10.460963944543067]",51,4929,46,2260,166,0.010240963855421687,0.0199479618386817,0.9019607843137255
spring,1029,0.012665539613618541,0.0,14970,"[0.051818906150354276, 0.3598495142088285, 11.107694008310606]",50,4930,46,2048,166,0.010040160642570281,0.021967526265520534,0.92
