problem,seed,f,viol,nfe,x,c1_selected,c2_selected,c1_accepted,c2_accepted,iters
truss,1000,263.89584337646835,0.0,45030,"[0.7886751320471789, 0.40824829766965975]",9,14991,8,2214,500
truss,1001,263.89584337646835,0.0,45030,"[0.7886751368068861, 0.40824828420717485]",12,14988,9,2318,500
truss,1002,263.8958433764684,0.0,45030,"[0.7886751367331754, 0.4082482844156608]",11,14989,10,2260,500
truss,1003,263.89584337646835,0.0,45030,"[0.7886751344662914, 0.4082482908273761]",16,14984,10,2208,500
truss,1004,263.89584337646835,0.0,45030,"[0.7886751371132954, 0.4082482833405183]",12,14988,11,2279,500
truss,1005,263.89584337646835,0.0,45030,"[0.7886751355428165, 0.4082482877825032]",12,14988,11,2167,500
truss,1006,263.89584337646835,0.0,45030,"[0.7886751346271096, 0.4082482903725137]",11,14989,11,2286,500
truss,1007,263.89584337646835,0.0,45030,"[0.7886751371569961, 0.4082482832169141]",9,14991,5,2194,500
truss,1008,263.8958433764684,0.0,45030,"[0.788675135711623, 0.40824828730504725]",14,14986,13,2281,500
truss,1009,263.8958433764684,0.0,45030,"[0.7886751306324014, 0.4082483016712555]",13,14987,12,2280,500
truss,1010,263.8958433764684,0.0,45030,"[0.7886751272793532, 0.40824831115510785]",17,14983,9,2330,500
truss,1011,263.89584337646835,0.0,45030,"[0.7886751321077972, 0.40824829749820524]",9,14991,9,2260,500
truss,1012,263.89584337646835,0.0,45030,"[0.7886751338739527, 0.40824829250276296]",13,14987,10,2269,500
truss,1013,263.8958433764684,0.0,45030,"[0.7886751319103935, 0.4082482980565479]",12,14988,12,2222,500
truss,1014,263.89584337646835,0.0,45030,"[0.7886751312123882, 0.4082483000308042]",10,14990,9,2228,500
truss,1015,263.8958433764684,0.0,45030,"[0.7886751382722094, 0.40824828006261515]",6,14994,4,2157,500
truss,1016,263.8958433764684,0.0,45030,"[0.7886751292263438, 0.4082483056481869]",11,14989,6,2096,500
truss,1017,263.8958433764684,0.0,45030,"[0.7886751397410783, 0.4082482759080265]",6,14994,5,2119,500
truss,1018,263.89584337646835,0.0,45030,"[0.7886751321271983, 0.4082482974433306]",12,14988,11,2201,500
truss,1019,263.89584337646835,0.0,45030,"[0.7886751322441083, 0.4082482971126591]",12,14988,10,2235,500
truss,1020,263.89584337646835,0.0,45030,"[0.7886751375142248, 0.40824828220651876]",10,14990,9,2215,500
truss,1021,263.89584337646835,0.0,45030,"[0.7886751359604668, 0.40824828660120993]",13,14987,8,2323,500
truss,1022,263.89584337646835,0.0,45030,"[0.7886751323661694, 0.40824829676741825]",15,14985,13,2206,500
truss,1023,263.8958433764684,0.0,45030,"[0.7886751414904015, 0.40824827096019345]",12,14988,11,2235,500
truss,1024,263.89584337646835,0.0,45030,"[0.7886751326511072, 0.40824829596149226]",7,14993,6,2265,500
truss,1025,263.8958433764684,0.0,45030,"[0.7886751359733357, 0.4082482865648119]",13,14987,12,2180,500
truss,1026,263.8958433764684,0.0,45030,"[0.7886751299173675, 0.4082483036936765]",12,14988,6,2194,500
truss,1027,263.89584337646835,0.0,45030,"[0.7886751332063794, 0.4082482943909455]",10,14990,8,2161,500
truss,1028,263.8958433764684,0.0,45030,"[0.7886751410272652, 0.4082482722701408]",9,14991,6,2276,500
truss,1029,263.89584337646835,0.0,45030,"[0.7886751375135547, 0.40824828220841414]",9,14991,9,2190,500
cantilever,1000,1.339956361205238,0.0,45030,"[6.0159618442028755, 5.309085667665797, 4.494411030033453, 3.501544794304772, 2.152656298492431]",73,14927,0,9375,500
cantilever,1001,1.3399563605990743,0.0,45030,"[6.016015890908947, 5.309173887063082, 4.494329584947602, 3.501474940719447, 2.152665321346093]",48,14952,0,3632,500
cantilever,1002,1.3399563605993448,0.0,45030,"[6.01601810014534, 5.309172789303638, 4.494327479859389, 3.5014754659550613, 2.152665789726077]",49,14951,0,8807,500
cantilever,1003,1.3399563606624718,0.0,45030,"[6.0160319123220924, 5.309176812139229, 4.4942887860507, 3.501484946684955, 2.1526771688041757]",51,14949,0,9221,500
cantilever,1004,1.3399563605990745,0.0,45030,"[6.016015882769444, 5.30917377352163, 4.494329614789696, 3.501475030358284, 2.1526653235461213]",46,14954,0,4126,500
cantilever,1005,1.3399563605991014,0.0,45030,"[6.016015091044501, 5.309173939883344, 4.494330163789788, 3.5014748604835813, 2.1526655697843884]",52,14948,0,8004,500
cantilever,1006,1.3399563607521883,0.0,45030,"[6.01605841110321, 5.309124589920371, 4.494366655574817, 3.5014570471024387, 2.1526529237380774]",44,14956,0,9118,500
cantilever,1007,1.3399563605993359,0.0,45030,"[6.016014035619233, 5.309175398134393, 4.494329690206642, 3.501473902922248, 2.1526665981068493]",49,14951,0,6774,500
cantilever,1008,1.3399563784735744,0.0,45030,"[6.015976766405042, 5.3092339083559335, 4.49390974342004, 3.5014061490993873, 2.153133344155083]",57,14943,0,9384,500
cantilever,1009,1.3399563605990743,0.0,45030,"[6.016015886105966, 5.30917384538163, 4.49432959861432, 3.5014749751769125, 2.152665319706342]",29,14971,0,3515,500
cantilever,1010,1.3399563612587027,0.0,45030,"[6.016043857167338, 5.3092298314010495, 4.494374562722156, 3.5013555500049383, 2.1526558342606497]",38,14962,0,9239,500
cantilever,1011,1.3399563605991023,0.0,45030,"[6.016015980381724, 5.309173945860391, 4.494329152016327, 3.501475601189047, 2.1526649455381293]",61,14939,0,6317,500
cantilever,1012,1.3399563663873337,0.0,45030,"[6.0159063140659805, 5.309238580943367, 4.494477926121142, 3.501189425428128, 2.152847471187115]",63,14937,0,9136,500
cantilever,1013,1.3399563606020926,0.0,45030,"[6.016020207134745, 5.309165734627048, 4.494328130314062, 3.5014803271959294, 2.1526652257617522]",72,14928,0,8812,500
cantilever,1014,1.3399563649208448,0.0,45030,"[6.016165105885849, 5.308865065124164, 4.494547283261918, 3.50148834788416, 2.1525938920882157]",43,14957,0,9186,500
cantilever,1015,1.3399563605990743,0.0,45030,"[6.016015888157226, 5.309173854612304, 4.494329597357869, 3.501474958655728, 2.152665326202042]",68,14932,0,3609,500
cantilever,1016,1.3399563629986804,0.0,45030,"[6.0161757607023425, 5.309191758289681, 4.49412951494393, 3.5013999218122525, 2.1527627076921845]",53,14947,0,9283,500
cantilever,1017,1.3399563605991398,0.0,45030,"[6.016015705608408, 5.309173300063499, 4.4943288963605434, 3.5014758616098103, 2.1526658613439595]",58,14942,0,5141,500
cantilever,1018,1.3399563605991525,0.0,45030,"[6.016015144616885, 5.30917475597858, 4.4943294712283945, 3.5014742317512333, 2.152666021411329]",71,14929,0,3944,500
cantilever,1019,1.3399563605990743,0.0,45030,"[6.016015871219372, 5.309173853714141, 4.494329574557274, 3.5014749914212477, 2.152665334073136]",75,14925,0,3631,500
cantilever,1020,1.3399563612280672,0.0,45030,"[6.015982176491319, 5.309297430475355, 4.494253009366424, 3.5014959401986396, 2.1526310785334375]",53,14947,0,9122,500
cantilever,1021,1.3399563605990987,0.0,45030,"[6.016015556921988, 5.309173957101811, 4.494330253828413, 3.5014749194757946, 2.1526649376575566]",55,14945,0,4738,500
cantilever,1022,1.3399563606711895,0.0,45030,"[6.016013384069901, 5.309182638107224, 4.494359988730759, 3.501439688081587, 2.1526639271513863]",53,14947,0,9409,500
cantilever,1023,1.3399563605993017,0.0,45030,"[6.0160175299916245, 5.309172914904218, 4.494330498501005, 3.501473107544276, 2.1526655740476897]",62,14938,0,6995,500
cantilever,1024,1.3399563605998976,0.0,45030,"[6.016013442246646, 5.3091750950331305, 4.494329372961404, 3.5014732784674734, 2.152668436289713]",68,14932,0,6447,500
cantilever,1025,1.3399563605991558,0.0,45030,"[6.0160161477949865, 5.309174726478165, 4.494329798328718, 3.5014736631744245, 2.1526652892101814]",47,14953,0,5108,500
cantilever,1026,1.33995636060332,0.0,45030,"[6.016004582357686, 5.309174682563321, 4.494336034528036, 3.5014782499783723, 2.152666075625789]",66,14934,0,9016,500
cantilever,1027,1.339956360599133,0.0,45030,"[6.016016855954578, 5.309173769818328, 4.494329868675593, 3.5014739817934633, 2.152665148744146]",54,14946,0,5319,500
cantilever,1028,1.3399563606353064,0.0,45030,"[6.016040136267254, 5.3091528674517345, 4.494315802438877, 3.501489474319095, 2.1526613450888474]",70,14930,0,9205,500
cantilever,1029,1.339956360599516,0.0,45030,"[6.016019412189707, 5.309171911458009, 4.4943278739078325, 3.5014746434528776, 2.152665783983822]",50,14950,0,7770,500
spring,1000,0.012665234290657246,0.0,45030,"[0.051698137502988024, 0.3569361338688038, 11.276173463330553]",51,14949,37,3310,500
spring,1001,0.01266523278840452,0.0,45030,"[0.05168912939257109, 0.35671938315599555, 11.288869407386553]",45,14955,45,3411,500
spring,1002,0.012665237355987315,0.0,45030,"[0.05167324058970983, 0.3563372595975928, 11.311307031176824]",54,14946,38,5293,500
spring,1003,0.012665242382274233,0.0,45030,"[0.051712000089569096, 0.35726984281556334, 11.256670920660335]",66,14934,55,4805,500
spring,1004,0.01266523285295297,0.0,45030,"[0.05169093832817175, 0.35676290306032926, 11.286318461596016]",48,14952,38,3070,500
spring,1005,0.012665451871858236,0.0,45030,"[0.051798743976210815, 0.3593621599685784, 11.135599120537405]",47,14953,36,6257,500
spring,1006,0.012665232794806022,0.0,45030,"[0.05168851642949575, 0.3567046369959688, 11.289733970230724]",51,14949,49,6044,500
spring,1007,0.012665232802869084,0.0,45030,"[0.05168816794315519, 0.3566962535894449, 11.290225532370107]",53,14947,46,3321,500
spring,1008,0.012665232801065388,0.0,45030,"[0.05168989461975702, 0.35673779283728446, 11.287790201326942]",49,14951,43,5044,500
spring,1009,0.012665312997379616,0.0,45030,"[0.051755413632559005, 0.3583161071311645, 11.195869991525148]",58,14942,46,4609,500
spring,1010,0.012665232788791574,0.0,45030,"[0.051688901897710124, 0.3567139102375989, 11.289190270436745]",52,14948,50,3449,500
spring,1011,0.012665429775264294,0.0,45030,"[0.05158523549194355, 0.3542251029614571, 11.436611523003121]",58,14942,41,4352,500
spring,1012,0.012690936686416007,0.0,45030,"[0.05288779867385928, 0.3862473291966268, 9.74673594036521]",48,14952,34,8301,500
spring,1013,0.012665766584038396,0.0,45030,"[0.05186039139084647, 0.36085350565849017, 11.050554699491226]",51,14949,36,5318,500
spring,1014,0.012665240144745822,0.0,45030,"[0.05166898897246142, 0.35623504951234836, 11.31732058929251]",58,14942,52,4900,500
spring,1015,0.012665374652909348,0.0,45030,"[0.051600945306231466, 0.35460160371676774, 11.414115151673467]",47,14953,45,2984,500
spring,1016,0.012665233130803942,0.0,45030,"[0.05169339449885257, 0.3568219993451696, 11.282855955639056]",55,14945,49,3979,500
spring,1017,0.00607614191588792,0.729689675967514,45030,"[0.05, 0.6076141915887919, 2.0]",551,14449,76,1452,500
spring,1018,0.012665243122303712,0.0,45030,"[0.05171286898177647, 0.3572907654483722, 11.255449942400967]",48,14952,40,3835,500
spring,1019,0.012665260631632282,0.0,45030,"[0.051650004700779205, 0.35577887275733383, 11.344221611002245]",57,14943,51,5680,500
spring,1020,0.012665233131706756,0.0,45030,"[0.0516847231642178, 0.356613389853139, 11.29508608718362]",52,14948,37,4347,500
spring,1021,0.012665310200994978,0.0,45030,"[0.051754238972889915, 0.3582877738898197, 11.197509665577178]",49,14951,42,3693,500
spring,1022,0.012665234820841097,0.0,45030,"[0.051699618417032744, 0.3569717746261458, 11.27408800588917]",44,14956,39,4385,500
spring,1023,0.01266524967321015,0.0,45030,"[0.05165864331785283, 0.3559864092602275, 11.331970528136564]",54,14946,44,6115,500
spring,1024,0.01266525278623224,0.0,45030,"[0.05172210001749399, 0.35751308826111183, 11.24248888822304]",50,14950,35,3464,500
spring,1025,0.01266523278833114,0.0,45030,"[0.051689086413285595, 0.3567183491854948, 11.288930025296171]",59,14941,51,2911,500
spring,1026,0.012699995424483447,0.0,45030,"[0.0530851280988646, 0.39124219523771975, 9.51892997300643]",75,14925,49,9864,500
spring,1027,0.012665415989995332,0.0,45030,"[0.05158893251297801, 0.354313684605108, 11.431312361955529]",59,14941,52,4190,500
spring,1028,0.012665241396384412,0.0,45030,"[0.051710763701851147, 0.35724007190300966, 11.258408630693463]",52,14948,49,3390,500
spring,1029,0.012665240507149792,0.0,45030,"[0.05166849683158685, 0.3562232194728961, 11.31801693738231]",57,14943,49,5650,500
vessel_relaxed,1000,5885.332773616458,0.0,45030,"[12.450698262001689, 6.154386602046432, 40.31961872409873, 199.99999999999977]",5,14995,0,4118,500
vessel_relaxed,1001,5885.332773616458,0.0,45030,"[12.45069826200169, 6.154386602046435, 40.31961872409874, 199.99999999999972]",5,14995,1,3994,500
vessel_relaxed,1002,5885.332773616458,0.0,45030,"[12.450698262001689, 6.15438660204643, 40.31961872409873, 199.99999999999983]",1,14999,1,4434,500
vessel_relaxed,1003,5885.332773616458,0.0,45030,"[12.450698262001689, 6.154386602046434, 40.31961872409873, 199.9999999999998]",8,14992,1,4243,500
vessel_relaxed,1004,5885.332773616458,0.0,45030,"[12.450698262001689, 6.1543866020464355, 40.31961872409873, 199.99999999999977]",7,14993,2,4108,500
vessel_relaxed,1005,5885.332773616458,0.0,45030,"[12.45069826200169, 6.15438660204643, 40.31961872409873, 199.9999999999998]",10,14990,4,4201,500
vessel_relaxed,1006,5885.332773616458,0.0,45030,"[12.450698262001689, 6.154386602046433, 40.31961872409873, 199.9999999999998]",10,14990,5,3893,500
vessel_relaxed,1007,5885.332773616458,0.0,45030,"[12.45069826200169, 6.154386602046434, 40.31961872409873, 199.99999999999977]",5,14995,1,4281,500
vessel_relaxed,1008,5885.332773616458,0.0,45030,"[12.45069826200169, 6.154386602046433, 40.31961872409873, 199.99999999999977]",5,14995,3,4106,500
vessel_relaxed,1009,5885.332773616458,0.0,45030,"[12.450698262001689, 6.154386602046432, 40.31961872409873, 199.99999999999977]",5,14995,1,3899,500
vessel_relaxed,1010,5885.332773616458,0.0,45030,"[12.45069826200169, 6.154386602046434, 40.31961872409873, 199.99999999999977]",1,14999,1,4159,500
vessel_relaxed,1011,5885.332773616458,0.0,45030,"[12.45069826200169, 6.15438660204643, 40.31961872409873, 199.99999999999977]",6,14994,2,4272,500
vessel_relaxed,1012,5885.332773616458,0.0,45030,"[12.45069826200169, 6.154386602046435, 40.31961872409874, 199.99999999999972]",5,14995,0,4274,500
vessel_relaxed,1013,5885.332773616458,0.0,45030,"[12.45069826200169, 6.154386602046434, 40.31961872409874, 199.99999999999972]",6,14994,1,4746,500
vessel_relaxed,1014,5885.332773616458,0.0,45030,"[12.45069826200169, 6.154386602046434, 40.31961872409874, 199.99999999999972]",1,14999,0,4081,500
vessel_relaxed,1015,5885.332773616458,0.0,45030,"[12.450698262001689, 6.154386602046434, 40.31961872409873, 199.9999999999998]",4,14996,0,4281,500
vessel_relaxed,1016,5885.332773616458,0.0,45030,"[12.450698262001689, 6.1543866020464355, 40.31961872409873, 199.99999999999977]",4,14996,1,4170,500
vessel_relaxed,1017,5885.332773616458,0.0,45030,"[12.45069826200169, 6.154386602046434, 40.31961872409874, 199.99999999999972]",5,14995,1,4322,500
vessel_relaxed,1018,5885.332773616458,0.0,45030,"[12.45069826200169, 6.154386602046435, 40.31961872409874, 199.99999999999972]",8,14992,6,4610,500
vessel_relaxed,1019,5885.332773616458,0.0,45030,"[12.450698262001689, 6.15438660204643, 40.31961872409873, 199.99999999999983]",1,14999,1,4260,500
vessel_relaxed,1020,5885.332773616458,0.0,45030,"[12.45069826200169, 6.154386602046431, 40.31961872409874, 199.99999999999974]",3,14997,2,4079,500
vessel_relaxed,1021,5885.332773616458,0.0,45030,"[12.45069826200169, 6.154386602046435, 40.31961872409874, 199.99999999999972]",7,14993,5,4427,500
vessel_relaxed,1022,5885.332773616458,0.0,45030,"[12.45069826200169, 6.15438660204643, 40.31961872409873, 199.99999999999977]",4,14996,2,4186,500
vessel_relaxed,1023,5885.332773616458,0.0,45030,"[12.450698262001689, 6.15438660204643, 40.31961872409873, 199.9999999999998]",1,14999,1,4027,500
vessel_relaxed,1024,5885.332773616458,0.0,45030,"[12.45069826200169, 6.154386602046431, 40.31961872409874, 199.99999999999972]",2,14998,0,4263,500
vessel_relaxed,1025,5885.332773616458,0.0,45030,"[12.45069826200169, 6.154386602046432, 40.31961872409874, 199.99999999999972]",6,14994,0,4194,500
vessel_relaxed,1026,5885.332773616458,0.0,45030,"[12.450698262001689, 6.1543866020464355, 40.31961872409873, 199.99999999999977]",4,14996,0,4059,500
vessel_relaxed,1027,5885.332773616458,0.0,45030,"[12.450698262001689, 6.154386602046434, 40.31961872409873, 199.9999999999998]",5,14995,2,3911,500
vessel_relaxed,1028,5885.332773616458,0.0,45030,"[12.45069826200169, 6.15438660204643, 40.31961872409873, 199.9999999999998]",7,14993,5,3976,500
vessel_relaxed,1029,5885.332773616458,0.0,45030,"[12.450698262001689, 6.154386602046433, 40.31961872409873, 199.99999999999977]",5,14995,2,4295,500
reducer,1000,2994.4710661468202,0.0,45030,"[3.5000000000000013, 0.7, 17.499937746871055, 7.3, 7.715319911478245, 3.3502146660964485, 5.286654464980222]",0,15000,0,4963,500
reducer,1001,2994.4710661468202,0.0,45030,"[3.500000000000001, 0.7, 17.012230538581292, 7.300000000000001, 7.715319911478248, 3.350214666096448, 5.286654464980222]",0,15000,0,5390,500
reducer,1002,2994.4710661468202,0.0,45030,"[3.5000000000000004, 0.7, 17.00138214721756, 7.300000000000005, 7.7153199114782485, 3.3502146660964485, 5.286654464980222]",0,15000,0,5187,500
reducer,1003,2994.4710661468202,0.0,45030,"[3.5000000000000013, 0.7, 17.0057271019593, 7.3, 7.715319911478252, 3.3502146660964485, 5.286654464980222]",0,15000,0,4666,500
reducer,1004,2994.4710661468202,0.0,45030,"[3.5000000000000013, 0.7, 17.015546413871647, 7.300000000000007, 7.7153199114782485, 3.350214666096448, 5.286654464980222]",0,15000,0,4934,500
reducer,1005,2994.4710661468202,0.0,45030,"[3.5, 0.7, 17.490620687423302, 7.3, 7.715319911478248, 3.3502146660964485, 5.286654464980222]",0,15000,0,4994,500
reducer,1006,2994.4710661468202,0.0,45030,"[3.5000000000000013, 0.7, 17.17870152156703, 7.300000000000001, 7.715319911478249, 3.3502146660964485, 5.286654464980222]",0,15000,0,4450,500
reducer,1007,2994.4710661468202,0.0,45030,"[3.5, 0.7, 17.00119526636747, 7.300000000000002, 7.7153199114782485, 3.350214666096449, 5.286654464980222]",0,15000,0,4938,500
reducer,1008,2994.4710661468202,0.0,45030,"[3.5000000000000013, 0.7, 17.001554567518077, 7.300000000000013, 7.715319911478245, 3.350214666096448, 5.286654464980222]",0,15000,0,5240,500
reducer,1009,2994.4710661468202,0.0,45030,"[3.5000000000000004, 0.7, 17.49390625217037, 7.3, 7.715319911478251, 3.3502146660964485, 5.286654464980222]",0,15000,0,4977,500
reducer,1010,2994.4710661468202,0.0,45030,"[3.500000000000001, 0.7, 17.01569473571545, 7.300000000000002, 7.715319911478246, 3.3502146660964485, 5.286654464980222]",0,15000,0,5102,500
reducer,1011,2994.4710661468202,0.0,45030,"[3.5000000000000013, 0.7, 17.073543383625374, 7.300000000000011, 7.7153199114782485, 3.350214666096448, 5.286654464980222]",0,15000,0,4872,500
reducer,1012,2994.4710661468202,0.0,45030,"[3.5, 0.7, 17.097349904779687, 7.300000000000005, 7.7153199114782485, 3.350214666096448, 5.286654464980222]",0,15000,0,4465,500
reducer,1013,2994.4710661468202,0.0,45030,"[3.5000000000000004, 0.7, 17.45163338464936, 7.3, 7.715319911478252, 3.3502146660964485, 5.286654464980222]",0,15000,0,4748,500
reducer,1014,2994.4710661468207,0.0,45030,"[3.500000000000001, 0.7, 17.001113053005607, 7.300000000000064, 7.7153199114782485, 3.3502146660964485, 5.286654464980222]",0,15000,0,5094,500
reducer,1015,2994.4710661468202,0.0,45030,"[3.5, 0.7, 17.02852562792118, 7.3, 7.715319911478248, 3.35021466609645, 5.286654464980222]",0,15000,0,5177,500
reducer,1016,2994.4710661468202,0.0,45030,"[3.5, 0.7, 17.000308031145554, 7.300000000000001, 7.715319911478252, 3.3502146660964485, 5.286654464980222]",0,15000,0,4807,500
reducer,1017,2994.4710661468202,0.0,45030,"[3.500000000000001, 0.7, 17.00177815633919, 7.3, 7.715319911478245, 3.3502146660964485, 5.286654464980222]",0,15000,0,4623,500
reducer,1018,2994.4710661468202,0.0,45030,"[3.5000000000000004, 0.7, 17.09147101441155, 7.300000000000012, 7.715319911478247, 3.3502146660964485, 5.286654464980222]",0,15000,0,4975,500
reducer,1019,2994.4710661468202,0.0,45030,"[3.5000000000000013, 0.7, 17.449189511330918, 7.3, 7.715319911478248, 3.3502146660964485, 5.286654464980222]",0,15000,0,5157,500
reducer,1020,2994.4710661468207,0.0,45030,"[3.5000000000000013, 0.7, 17.35533150491531, 7.300000000000061, 7.71531991147825, 3.350214666096448, 5.286654464980222]",0,15000,0,5148,500
reducer,1021,2994.4710661468202,0.0,45030,"[3.5000000000000004, 0.7, 17.009109614316753, 7.300000000000017, 7.715319911478245, 3.350214666096448, 5.286654464980222]",0,15000,0,4609,500
reducer,1022,2994.4710661468202,0.0,45030,"[3.5000000000000004, 0.7, 17.471954507727663, 7.300000000000005, 7.7153199114782485, 3.350214666096448, 5.286654464980222]",0,15000,0,4522,500
reducer,1023,2994.4710661468202,0.0,45030,"[3.5, 0.7, 17.36778502731802, 7.3, 7.7153199114782485, 3.3502146660964494, 5.286654464980222]",0,15000,0,4806,500
reducer,1024,2994.4710661468202,0.0,45030,"[3.5, 0.7, 17.000497606801837, 7.300000000000017, 7.715319911478245, 3.350214666096449, 5.286654464980222]",0,15000,0,5251,500
reducer,1025,2994.4710661468202,0.0,45030,"[3.5000000000000013, 0.7, 17.029690903759057, 7.300000000000013, 7.715319911478246, 3.3502146660964485, 5.286654464980222]",0,15000,0,4882,500
reducer,1026,2994.4710661468202,0.0,45030,"[3.5, 0.7, 17.072594815025347, 7.3, 7.7153199114782485, 3.350214666096448, 5.286654464980222]",0,15000,0,4690,500
reducer,1027,2994.4710661468202,0.0,45030,"[3.5, 0.7, 17.0006696742762, 7.300000000000004, 7.715319911478245, 3.3502146660964494, 5.286654464980222]",0,15000,0,5201,500
reducer,1028,2994.4710661468202,0.0,45030,"[3.500000000000001, 0.7, 17.02458686419335, 7.300000000000007, 7.715319911478246, 3.350214666096448, 5.286654464980222]",0,15000,0,5226,500
reducer,1029,2994.4710661468202,0.0,45030,"[3.5000000000000004, 0.7, 17.00854403872491, 7.3000000000000105, 7.715319911478246, 3.3502146660964485, 5.286654464980222]",0,15000,0,5427,500
