function,dim,variant,seed,err
F12022,10,EAO,1000,2.008818000831525e-08
F12022,10,EAO,1001,5.6884914556576405e-09
F12022,10,EAO,1002,8.128608897095546e-12
F12022,10,EAO,1003,6.423306331271306e-12
F12022,10,EAO,1004,3.626362286013318e-07
F12022,10,EAO,1005,5.197762220632285e-10
F12022,10,EAO,1006,8.850520316627808e-11
F12022,10,EAO,1007,4.547473508864641e-13
F12022,10,EAO,1008,1.6200374375330284e-11
F12022,10,EAO,1009,7.61809815230663e-09
F12022,10,EAO,1010,1.2215650713187642e-10
F12022,10,EAO,1011,1.8985701899509877e-11
F12022,10,EAO,1012,1.4267698134062812e-11
F12022,10,EAO,1013,2.8421709430404007e-13
F12022,10,EAO,1014,2.7320595563651295e-08
F12022,10,EAO,1015,5.684341886080802e-14
F12022,10,EAO,1016,3.979039320256561e-13
F12022,10,EAO,1017,2.846047095772519e-07
F12022,10,EAO,1018,2.5220175530193956e-06
F12022,10,EAO,1019,1.716513224891969e-07
F12022,10,EAO,1020,5.6274984672199935e-12
F12022,10,EAO,1021,1.460875864722766e-11
F12022,10,EAO,1022,4.750916104967473e-09
F12022,10,EAO,1023,5.5649707064731047e-11
F12022,10,EAO,1024,9.094947017729282e-13
F12022,10,EAO,1025,4.769731276610401e-10
F12022,10,EAO,1026,2.6830093702301383e-11
F12022,10,EAO,1027,8.135998541547451e-10
F12022,10,EAO,1028,9.912926657307253e-07
F12022,10,EAO,1029,9.881199503070093e-08
F12022,10,RS-EAO(centroid),1000,0.0
F12022,10,RS-EAO(centroid),1001,5.684341886080802e-14
F12022,10,RS-EAO(centroid),1002,0.0
F12022,10,RS-EAO(centroid),1003,5.684341886080802e-14
F12022,10,RS-EAO(centroid),1004,5.684341886080802e-14
F12022,10,RS-EAO(centroid),1005,0.0
F12022,10,RS-EAO(centroid),1006,5.684341886080802e-14
F12022,10,RS-EAO(centroid),1007,0.0
F12022,10,RS-EAO(centroid),1008,5.684341886080802e-14
F12022,10,RS-EAO(centroid),1009,0.0
F12022,10,RS-EAO(centroid),1010,0.0
F12022,10,RS-EAO(centroid),1011,0.0
F12022,10,RS-EAO(centroid),1012,5.684341886080802e-14
F12022,10,RS-EAO(centroid),1013,5.684341886080802e-14
F12022,10,RS-EAO(centroid),1014,5.684341886080802e-14
F12022,10,RS-EAO(centroid),1015,5.684341886080802e-14
F12022,10,RS-EAO(centroid),1016,5.684341886080802e-14
F12022,10,RS-EAO(centroid),1017,0.0
F12022,10,RS-EAO(centroid),1018,5.684341886080802e-14
F12022,10,RS-EAO(centroid),1019,5.684341886080802e-14
F12022,10,RS-EAO(centroid),1020,5.684341886080802e-14
F12022,10,RS-EAO(centroid),1021,5.684341886080802e-14
F12022,10,RS-EAO(centroid),1022,5.684341886080802e-14
F12022,10,RS-EAO(centroid),1023,5.684341886080802e-14
F12022,10,RS-EAO(centroid),1024,1.1368683772161603e-13
F12022,10,RS-EAO(centroid),1025,0.0
F12022,10,RS-EAO(centroid),1026,0.0
F12022,10,RS-EAO(centroid),1027,5.684341886080802e-14
F12022,10,RS-EAO(centroid),1028,0.0
F12022,10,RS-EAO(centroid),1029,5.684341886080802e-14
F12022,10,RS-EAO(sched),1000,0.0
F12022,10,RS-EAO(sched),1001,5.684341886080802e-14
F12022,10,RS-EAO(sched),1002,0.0
F12022,10,RS-EAO(sched),1003,5.684341886080802e-14
F12022,10,RS-EAO(sched),1004,0.0
F12022,10,RS-EAO(sched),1005,0.0
F12022,10,RS-EAO(sched),1006,0.0
F12022,10,RS-EAO(sched),1007,0.0
F12022,10,RS-EAO(sched),1008,0.0
F12022,10,RS-EAO(sched),1009,5.684341886080802e-14
F12022,10,RS-EAO(sched),1010,0.0
F12022,10,RS-EAO(sched),1011,5.684341886080802e-14
F12022,10,RS-EAO(sched),1012,1.7053025658242404e-13
F12022,10,RS-EAO(sched),1013,5.684341886080802e-14
F12022,10,RS-EAO(sched),1014,5.684341886080802e-14
F12022,10,RS-EAO(sched),1015,0.0
F12022,10,RS-EAO(sched),1016,5.684341886080802e-14
F12022,10,RS-EAO(sched),1017,5.684341886080802e-14
F12022,10,RS-EAO(sched),1018,1.1368683772161603e-13
F12022,10,RS-EAO(sched),1019,5.684341886080802e-14
F12022,10,RS-EAO(sched),1020,0.0
F12022,10,RS-EAO(sched),1021,5.684341886080802e-14
F12022,10,RS-EAO(sched),1022,5.684341886080802e-14
F12022,10,RS-EAO(sched),1023,0.0
F12022,10,RS-EAO(sched),1024,5.684341886080802e-14
F12022,10,RS-EAO(sched),1025,5.684341886080802e-14
F12022,10,RS-EAO(sched),1026,1.1368683772161603e-13
F12022,10,RS-EAO(sched),1027,1.1368683772161603e-13
F12022,10,RS-EAO(sched),1028,5.684341886080802e-14
F12022,10,RS-EAO(sched),1029,5.684341886080802e-14
F22022,10,EAO,1000,8.916101932685706
F22022,10,EAO,1001,7.318467181768199
F22022,10,EAO,1002,0.03809663122831353
F22022,10,EAO,1003,4.1808551983608595
F22022,10,EAO,1004,8.916101929009585
F22022,10,EAO,1005,8.916101927781597
F22022,10,EAO,1006,4.75215263577428
F22022,10,EAO,1007,0.3124776734682655
F22022,10,EAO,1008,0.07204719681226379
F22022,10,EAO,1009,5.1535537086046475
F22022,10,EAO,1010,0.37507727594908147
F22022,10,EAO,1011,5.709920617631212
F22022,10,EAO,1012,5.517586307255783
F22022,10,EAO,1013,8.916101942321006
F22022,10,EAO,1014,0.4826732952620887
F22022,10,EAO,1015,8.916101928277499
F22022,10,EAO,1016,6.515707591265482
F22022,10,EAO,1017,0.0010184859187347683
F22022,10,EAO,1018,8.916101928133287
F22022,10,EAO,1019,0.0001869277530772706
F22022,10,EAO,1020,8.916101928843034
F22022,10,EAO,1021,4.105806604546274
F22022,10,EAO,1022,8.916101930816865
F22022,10,EAO,1023,0.3272839252639983
F22022,10,EAO,1024,5.1060124258222
F22022,10,EAO,1025,8.916101928319279
F22022,10,EAO,1026,5.328108795528465
F22022,10,EAO,1027,5.860052430414953
F22022,10,EAO,1028,0.4424956271584506
F22022,10,EAO,1029,8.916101942827368
F22022,10,RS-EAO(centroid),1000,8.916101927781483
F22022,10,RS-EAO(centroid),1001,3.986579152720253
F22022,10,RS-EAO(centroid),1002,4.3589506617536244e-06
F22022,10,RS-EAO(centroid),1003,4.03218331327696
F22022,10,RS-EAO(centroid),1004,3.9943250469269174
F22022,10,RS-EAO(centroid),1005,3.9870835246076126
F22022,10,RS-EAO(centroid),1006,3.9866998734567005
F22022,10,RS-EAO(centroid),1007,8.916101927781312
F22022,10,RS-EAO(centroid),1008,8.91610192778137
F22022,10,RS-EAO(centroid),1009,8.916101927781312
F22022,10,RS-EAO(centroid),1010,8.916101927781483
F22022,10,RS-EAO(centroid),1011,8.91610192867438
F22022,10,RS-EAO(centroid),1012,3.9865800035348684
F22022,10,RS-EAO(centroid),1013,8.91610192778137
F22022,10,RS-EAO(centroid),1014,5.157743601933021
F22022,10,RS-EAO(centroid),1015,4.065596495252919
F22022,10,RS-EAO(centroid),1016,8.916101927781426
F22022,10,RS-EAO(centroid),1017,3.9866192471999398
F22022,10,RS-EAO(centroid),1018,3.9865791139849875
F22022,10,RS-EAO(centroid),1019,8.916101927781426
F22022,10,RS-EAO(centroid),1020,3.9866899878985578
F22022,10,RS-EAO(centroid),1021,4.418247565053093
F22022,10,RS-EAO(centroid),1022,6.796938123443397e-08
F22022,10,RS-EAO(centroid),1023,1.7492466497515125e-05
F22022,10,RS-EAO(centroid),1024,4.11953437681575
F22022,10,RS-EAO(centroid),1025,4.104891064722608
F22022,10,RS-EAO(centroid),1026,3.986584869211299
F22022,10,RS-EAO(centroid),1027,3.9865791136905386
F22022,10,RS-EAO(centroid),1028,3.986597188871599
F22022,10,RS-EAO(centroid),1029,8.916101927781312
F22022,10,RS-EAO(sched),1000,3.249738256272394e-10
F22022,10,RS-EAO(sched),1001,8.916101927781426
F22022,10,RS-EAO(sched),1002,8.843699106364511e-10
F22022,10,RS-EAO(sched),1003,8.91610192778137
F22022,10,RS-EAO(sched),1004,3.9915637571738785
F22022,10,RS-EAO(sched),1005,8.916101927781483
F22022,10,RS-EAO(sched),1006,4.175896845259501
F22022,10,RS-EAO(sched),1007,1.5044431052047003e-06
F22022,10,RS-EAO(sched),1008,8.91610192778137
F22022,10,RS-EAO(sched),1009,3.9865876810263217
F22022,10,RS-EAO(sched),1010,6.759250936738681e-10
F22022,10,RS-EAO(sched),1011,8.91610192778137
F22022,10,RS-EAO(sched),1012,8.91610192778137
F22022,10,RS-EAO(sched),1013,8.91610192778137
F22022,10,RS-EAO(sched),1014,4.0585370318451055
F22022,10,RS-EAO(sched),1015,8.916101927781312
F22022,10,RS-EAO(sched),1016,8.91610192778137
F22022,10,RS-EAO(sched),1017,4.005478382273509
F22022,10,RS-EAO(sched),1018,8.916101927781426
F22022,10,RS-EAO(sched),1019,3.986579112697939
F22022,10,RS-EAO(sched),1020,8.916101927781312
F22022,10,RS-EAO(sched),1021,8.916101927781483
F22022,10,RS-EAO(sched),1022,8.916101927781312
F22022,10,RS-EAO(sched),1023,8.91610192778137
F22022,10,RS-EAO(sched),1024,3.9865859153655947
F22022,10,RS-EAO(sched),1025,3.9865922627348596
F22022,10,RS-EAO(sched),1026,3.98687184296773
F22022,10,RS-EAO(sched),1027,3.9872533597493316
F22022,10,RS-EAO(sched),1028,3.9865796501403565
F22022,10,RS-EAO(sched),1029,3.9906111831684257
F32022,10,EAO,1000,9.686118573881686e-11
F32022,10,EAO,1001,1.7053025658242404e-12
F32022,10,EAO,1002,3.410605131648481e-13
F32022,10,EAO,1003,2.2737367544323206e-13
F32022,10,EAO,1004,1.0231815394945443e-12
F32022,10,EAO,1005,4.013145371573046e-11
F32022,10,EAO,1006,1.1368683772161603e-13
F32022,10,EAO,1007,4.547473508864641e-13
F32022,10,EAO,1008,5.993570084683597e-10
F32022,10,EAO,1009,4.547473508864641e-13
F32022,10,EAO,1010,1.3642420526593924e-12
F32022,10,EAO,1011,4.547473508864641e-13
F32022,10,EAO,1012,2.2737367544323206e-13
F32022,10,EAO,1013,2.2737367544323206e-13
F32022,10,EAO,1014,1.3642420526593924e-12
F32022,10,EAO,1015,1.1368683772161603e-12
F32022,10,EAO,1016,6.139089236967266e-12
F32022,10,EAO,1017,1.1368683772161603e-13
F32022,10,EAO,1018,1.1368683772161603e-13
F32022,10,EAO,1019,3.183231456205249e-12
F32022,10,EAO,1020,2.2737367544323206e-13
F32022,10,EAO,1021,7.958078640513122e-13
F32022,10,EAO,1022,1.7053025658242404e-12
F32022,10,EAO,1023,1.1368683772161603e-13
F32022,10,EAO,1024,1.1368683772161603e-13
F32022,10,EAO,1025,3.979039320256561e-12
F32022,10,EAO,1026,5.684341886080801e-13
F32022,10,EAO,1027,2.2737367544323206e-13
F32022,10,EAO,1028,2.2737367544323206e-13
F32022,10,EAO,1029,1.0231815394945443e-12
F32022,10,RS-EAO(centroid),1000,1.1368683772161603e-13
F32022,10,RS-EAO(centroid),1001,1.1368683772161603e-13
F32022,10,RS-EAO(centroid),1002,0.0
F32022,10,RS-EAO(centroid),1003,1.1368683772161603e-13
F32022,10,RS-EAO(centroid),1004,1.1368683772161603e-13
F32022,10,RS-EAO(centroid),1005,0.0
F32022,10,RS-EAO(centroid),1006,1.1368683772161603e-13
F32022,10,RS-EAO(centroid),1007,0.0
F32022,10,RS-EAO(centroid),1008,1.1368683772161603e-13
F32022,10,RS-EAO(centroid),1009,0.0
F32022,10,RS-EAO(centroid),1010,1.1368683772161603e-13
F32022,10,RS-EAO(centroid),1011,1.1368683772161603e-13
F32022,10,RS-EAO(centroid),1012,0.0
F32022,10,RS-EAO(centroid),1013,0.0
F32022,10,RS-EAO(centroid),1014,1.1368683772161603e-13
F32022,10,RS-EAO(centroid),1015,0.0
F32022,10,RS-EAO(centroid),1016,0.0
F32022,10,RS-EAO(centroid),1017,0.0
F32022,10,RS-EAO(centroid),1018,0.0
F32022,10,RS-EAO(centroid),1019,1.1368683772161603e-13
F32022,10,RS-EAO(centroid),1020,0.0
F32022,10,RS-EAO(centroid),1021,0.0
F32022,10,RS-EAO(centroid),1022,1.1368683772161603e-13
F32022,10,RS-EAO(centroid),1023,1.1368683772161603e-13
F32022,10,RS-EAO(centroid),1024,1.1368683772161603e-13
F32022,10,RS-EAO(centroid),1025,0.0
F32022,10,RS-EAO(centroid),1026,0.0
F32022,10,RS-EAO(centroid),1027,1.1368683772161603e-13
F32022,10,RS-EAO(centroid),1028,0.0
F32022,10,RS-EAO(centroid),1029,0.0
F32022,10,RS-EAO(sched),1000,1.1368683772161603e-13
F32022,10,RS-EAO(sched),1001,0.0
F32022,10,RS-EAO(sched),1002,0.0
F32022,10,RS-EAO(sched),1003,1.1368683772161603e-13
F32022,10,RS-EAO(sched),1004,1.1368683772161603e-13
F32022,10,RS-EAO(sched),1005,1.1368683772161603e-13
F32022,10,RS-EAO(sched),1006,0.0
F32022,10,RS-EAO(sched),1007,0.0
F32022,10,RS-EAO(sched),1008,1.1368683772161603e-13
F32022,10,RS-EAO(sched),1009,1.1368683772161603e-13
F32022,10,RS-EAO(sched),1010,1.1368683772161603e-13
F32022,10,RS-EAO(sched),1011,0.0
F32022,10,RS-EAO(sched),1012,1.1368683772161603e-13
F32022,10,RS-EAO(sched),1013,0.0
F32022,10,RS-EAO(sched),1014,1.1368683772161603e-13
F32022,10,RS-EAO(sched),1015,0.0
F32022,10,RS-EAO(sched),1016,1.1368683772161603e-13
F32022,10,RS-EAO(sched),1017,1.1368683772161603e-13
F32022,10,RS-EAO(sched),1018,0.0
F32022,10,RS-EAO(sched),1019,0.0
F32022,10,RS-EAO(sched),1020,1.1368683772161603e-13
F32022,10,RS-EAO(sched),1021,1.1368683772161603e-13
F32022,10,RS-EAO(sched),1022,0.0
F32022,10,RS-EAO(sched),1023,1.1368683772161603e-13
F32022,10,RS-EAO(sched),1024,1.1368683772161603e-13
F32022,10,RS-EAO(sched),1025,0.0
F32022,10,RS-EAO(sched),1026,1.1368683772161603e-13
F32022,10,RS-EAO(sched),1027,1.1368683772161603e-13
F32022,10,RS-EAO(sched),1028,1.1368683772161603e-13
F32022,10,RS-EAO(sched),1029,1.1368683772161603e-13
F42022,10,EAO,1000,42.58529674753356
F42022,10,EAO,1001,43.890370981337014
F42022,10,EAO,1002,29.556062198136033
F42022,10,EAO,1003,34.50539390267056
F42022,10,EAO,1004,58.19551258688318
F42022,10,EAO,1005,29.62264243741231
F42022,10,EAO,1006,45.06914428318942
F42022,10,EAO,1007,48.91662261859699
F42022,10,EAO,1008,40.966692464607945
F42022,10,EAO,1009,38.94476942576989
F42022,10,EAO,1010,42.739904298934675
F42022,10,EAO,1011,40.703926021138614
F42022,10,EAO,1012,53.710501739896586
F42022,10,EAO,1013,43.454519027772335
F42022,10,EAO,1014,50.74178333834175
F42022,10,EAO,1015,55.723021250092415
F42022,10,EAO,1016,37.48288142444528
F42022,10,EAO,1017,24.13741325166211
F42022,10,EAO,1018,47.010202053510284
F42022,10,EAO,1019,29.57285048205597
F42022,10,EAO,1020,35.57560074045034
F42022,10,EAO,1021,27.68016986153077
F42022,10,EAO,1022,40.10252933299694
F42022,10,EAO,1023,48.62666564185713
F42022,10,EAO,1024,44.33739500328397
F42022,10,EAO,1025,54.881779196672824
F42022,10,EAO,1026,38.36234421605582
F42022,10,EAO,1027,55.41614306363522
F42022,10,EAO,1028,23.267597968500695
F42022,10,EAO,1029,46.0023355464258
F42022,10,RS-EAO(centroid),1000,59.55208931976267
F42022,10,RS-EAO(centroid),1001,45.766027232595206
F42022,10,RS-EAO(centroid),1002,61.33575696933656
F42022,10,RS-EAO(centroid),1003,37.62298601316911
F42022,10,RS-EAO(centroid),1004,30.147177619248737
F42022,10,RS-EAO(centroid),1005,46.16540017861007
F42022,10,RS-EAO(centroid),1006,46.764776402298594
F42022,10,RS-EAO(centroid),1007,18.08677455216116
F42022,10,RS-EAO(centroid),1008,51.501651676620895
F42022,10,RS-EAO(centroid),1009,32.16010853279704
F42022,10,RS-EAO(centroid),1010,46.91005391230169
F42022,10,RS-EAO(centroid),1011,55.23562658085393
F42022,10,RS-EAO(centroid),1012,52.132640541551154
F42022,10,RS-EAO(centroid),1013,47.12190824289496
F42022,10,RS-EAO(centroid),1014,52.57799487906232
F42022,10,RS-EAO(centroid),1015,47.75654654708251
F42022,10,RS-EAO(centroid),1016,48.0
F42022,10,RS-EAO(centroid),1017,32.87624165940372
F42022,10,RS-EAO(centroid),1018,52.98599815122395
F42022,10,RS-EAO(centroid),1019,44.89177654576156
F42022,10,RS-EAO(centroid),1020,42.97930589472128
F42022,10,RS-EAO(centroid),1021,26.0
F42022,10,RS-EAO(centroid),1022,26.518677252961197
F42022,10,RS-EAO(centroid),1023,50.36857909047387
F42022,10,RS-EAO(centroid),1024,40.130426556520206
F42022,10,RS-EAO(centroid),1025,51.06518486104221
F42022,10,RS-EAO(centroid),1026,50.03246096325893
F42022,10,RS-EAO(centroid),1027,38.0
F42022,10,RS-EAO(centroid),1028,39.702355725617736
F42022,10,RS-EAO(centroid),1029,43.280495275723524
F42022,10,RS-EAO(sched),1000,63.17783367951961
F42022,10,RS-EAO(sched),1001,54.66432185777728
F42022,10,RS-EAO(sched),1002,60.08511146084709
F42022,10,RS-EAO(sched),1003,35.79961763721792
F42022,10,RS-EAO(sched),1004,27.381914984847413
F42022,10,RS-EAO(sched),1005,31.333117189718223
F42022,10,RS-EAO(sched),1006,20.869589840735216
F42022,10,RS-EAO(sched),1007,51.52435783922067
F42022,10,RS-EAO(sched),1008,28.82085755854382
F42022,10,RS-EAO(sched),1009,25.147374217558763
F42022,10,RS-EAO(sched),1010,44.000148199091655
F42022,10,RS-EAO(sched),1011,47.85963122223097
F42022,10,RS-EAO(sched),1012,37.489989104729716
F42022,10,RS-EAO(sched),1013,58.85856237062637
F42022,10,RS-EAO(sched),1014,34.71660605683962
F42022,10,RS-EAO(sched),1015,28.086870271059297
F42022,10,RS-EAO(sched),1016,42.391493452547934
F42022,10,RS-EAO(sched),1017,25.366150645989705
F42022,10,RS-EAO(sched),1018,54.0
F42022,10,RS-EAO(sched),1019,72.80112518917429
F42022,10,RS-EAO(sched),1020,54.38208008934191
F42022,10,RS-EAO(sched),1021,50.0
F42022,10,RS-EAO(sched),1022,54.24509603259719
F42022,10,RS-EAO(sched),1023,37.25110331977464
F42022,10,RS-EAO(sched),1024,51.298396065800375
F42022,10,RS-EAO(sched),1025,75.18526162343755
F42022,10,RS-EAO(sched),1026,58.0
F42022,10,RS-EAO(sched),1027,14.561492339771803
F42022,10,RS-EAO(sched),1028,37.93968132729992
F42022,10,RS-EAO(sched),1029,40.26731742402853
F52022,10,EAO,1000,0.00019036909645819833
F52022,10,EAO,1001,4.4131164486316266e-05
F52022,10,EAO,1002,2.842170943040401e-10
F52022,10,EAO,1003,3.123817577943555e-07
F52022,10,EAO,1004,2.76764581030875e-07
F52022,10,EAO,1005,0.08952898866652959
F52022,10,EAO,1006,7.620374162797816e-07
F52022,10,EAO,1007,1.524636445537908e-06
F52022,10,EAO,1008,2.6789280127559323e-08
F52022,10,EAO,1009,1.006999923447438e-06
F52022,10,EAO,1010,5.6300704613931885e-05
F52022,10,EAO,1011,5.38098447577795e-07
F52022,10,EAO,1012,5.836195805386524e-05
F52022,10,EAO,1013,2.40581982779986e-06
F52022,10,EAO,1014,3.305396603536792e-06
F52022,10,EAO,1015,9.168744554699515e-07
F52022,10,EAO,1016,4.76014949981618e-05
F52022,10,EAO,1017,2.0791544557141606e-06
F52022,10,EAO,1018,1.8475504930393072e-06
F52022,10,EAO,1019,2.8568040534082684e-05
F52022,10,EAO,1020,2.093135401537438e-05
F52022,10,EAO,1021,0.00037436981199334696
F52022,10,EAO,1022,0.08987249235929085
F52022,10,EAO,1023,2.4299064307342633e-06
F52022,10,EAO,1024,0.08952939984158093
F52022,10,EAO,1025,4.790288130607223e-07
F52022,10,EAO,1026,0.08952878588570456
F52022,10,EAO,1027,0.08952965870855678
F52022,10,EAO,1028,1.4619949411098787e-05
F52022,10,EAO,1029,1.1757796187339409e-05
F52022,10,RS-EAO(centroid),1000,0.08952825041660617
F52022,10,RS-EAO(centroid),1001,2.2737367544323206e-13
F52022,10,RS-EAO(centroid),1002,0.0
F52022,10,RS-EAO(centroid),1003,0.0
F52022,10,RS-EAO(centroid),1004,0.0
F52022,10,RS-EAO(centroid),1005,1.1368683772161603e-13
F52022,10,RS-EAO(centroid),1006,0.0
F52022,10,RS-EAO(centroid),1007,0.0
F52022,10,RS-EAO(centroid),1008,0.0
F52022,10,RS-EAO(centroid),1009,2.2737367544323206e-13
F52022,10,RS-EAO(centroid),1010,2.2737367544323206e-13
F52022,10,RS-EAO(centroid),1011,0.0
F52022,10,RS-EAO(centroid),1012,1.1368683772161603e-13
F52022,10,RS-EAO(centroid),1013,0.0
F52022,10,RS-EAO(centroid),1014,0.0
F52022,10,RS-EAO(centroid),1015,2.2737367544323206e-13
F52022,10,RS-EAO(centroid),1016,1.1368683772161603e-13
F52022,10,RS-EAO(centroid),1017,1.1368683772161603e-13
F52022,10,RS-EAO(centroid),1018,2.2737367544323206e-13
F52022,10,RS-EAO(centroid),1019,2.2737367544323206e-13
F52022,10,RS-EAO(centroid),1020,0.0
F52022,10,RS-EAO(centroid),1021,1.1368683772161603e-13
F52022,10,RS-EAO(centroid),1022,0.0
F52022,10,RS-EAO(centroid),1023,1.1368683772161603e-13
F52022,10,RS-EAO(centroid),1024,1.1368683772161603e-13
F52022,10,RS-EAO(centroid),1025,0.0
F52022,10,RS-EAO(centroid),1026,0.09297136890472757
F52022,10,RS-EAO(centroid),1027,0.08952825041649248
F52022,10,RS-EAO(centroid),1028,0.0
F52022,10,RS-EAO(centroid),1029,1.1368683772161603e-13
F52022,10,RS-EAO(sched),1000,1.1368683772161603e-13
F52022,10,RS-EAO(sched),1001,1.1368683772161603e-13
F52022,10,RS-EAO(sched),1002,4.547473508864641e-13
F52022,10,RS-EAO(sched),1003,1.1368683772161603e-13
F52022,10,RS-EAO(sched),1004,0.0
F52022,10,RS-EAO(sched),1005,0.0
F52022,10,RS-EAO(sched),1006,1.1368683772161603e-13
F52022,10,RS-EAO(sched),1007,0.0
F52022,10,RS-EAO(sched),1008,1.1368683772161603e-13
F52022,10,RS-EAO(sched),1009,0.0
F52022,10,RS-EAO(sched),1010,2.2737367544323206e-13
F52022,10,RS-EAO(sched),1011,0.0
F52022,10,RS-EAO(sched),1012,1.1368683772161603e-13
F52022,10,RS-EAO(sched),1013,0.08952825041660617
F52022,10,RS-EAO(sched),1014,4.547473508864641e-13
F52022,10,RS-EAO(sched),1015,1.1368683772161603e-13
F52022,10,RS-EAO(sched),1016,1.1368683772161603e-13
F52022,10,RS-EAO(sched),1017,1.1368683772161603e-13
F52022,10,RS-EAO(sched),1018,1.1368683772161603e-13
F52022,10,RS-EAO(sched),1019,2.2737367544323206e-13
F52022,10,RS-EAO(sched),1020,0.08952825041649248
F52022,10,RS-EAO(sched),1021,0.08952825041671986
F52022,10,RS-EAO(sched),1022,0.08952825041694723
F52022,10,RS-EAO(sched),1023,0.0
F52022,10,RS-EAO(sched),1024,0.08952825041649248
F52022,10,RS-EAO(sched),1025,0.08952825041649248
F52022,10,RS-EAO(sched),1026,1.1368683772161603e-13
F52022,10,RS-EAO(sched),1027,1.1368683772161603e-13
F52022,10,RS-EAO(sched),1028,1.1368683772161603e-13
F52022,10,RS-EAO(sched),1029,0.0
F62022,10,EAO,1000,1161.4641708763902
F62022,10,EAO,1001,4783.648617549872
F62022,10,EAO,1002,760.910257052497
F62022,10,EAO,1003,5601.786473205293
F62022,10,EAO,1004,9967.316461097087
F62022,10,EAO,1005,796.2557246736669
F62022,10,EAO,1006,616.4178370165346
F62022,10,EAO,1007,4099.5182147247715
F62022,10,EAO,1008,435.4883345669673
F62022,10,EAO,1009,2250.8717363551214
F62022,10,EAO,1010,3219.70951456683
F62022,10,EAO,1011,7788.061818008167
F62022,10,EAO,1012,10709.65417763891
F62022,10,EAO,1013,1943.192064170531
F62022,10,EAO,1014,1768.3038792334355
F62022,10,EAO,1015,16386.9111137209
F62022,10,EAO,1016,4001.1858249925044
F62022,10,EAO,1017,2512.446068102752
F62022,10,EAO,1018,6213.913558392813
F62022,10,EAO,1019,1052.4799201987153
F62022,10,EAO,1020,2163.594349625707
F62022,10,EAO,1021,1226.1797509418766
F62022,10,EAO,1022,2522.8207983091606
F62022,10,EAO,1023,422.50277094701187
F62022,10,EAO,1024,1404.8563625062352
F62022,10,EAO,1025,1798.1596394102835
F62022,10,EAO,1026,1561.319405543656
F62022,10,EAO,1027,6854.29455060605
F62022,10,EAO,1028,653.7615014644143
F62022,10,EAO,1029,83.93626826948412
F62022,10,RS-EAO(centroid),1000,93.9419697415392
F62022,10,RS-EAO(centroid),1001,543.4612687468589
F62022,10,RS-EAO(centroid),1002,915.5886380638503
F62022,10,RS-EAO(centroid),1003,18261.32041004486
F62022,10,RS-EAO(centroid),1004,581.8851225905655
F62022,10,RS-EAO(centroid),1005,174.7007167157094
F62022,10,RS-EAO(centroid),1006,906.034885108646
F62022,10,RS-EAO(centroid),1007,2365.2381426283064
F62022,10,RS-EAO(centroid),1008,110.26860324932318
F62022,10,RS-EAO(centroid),1009,42.01372988940625
F62022,10,RS-EAO(centroid),1010,465.072598600726
F62022,10,RS-EAO(centroid),1011,516.3804263132279
F62022,10,RS-EAO(centroid),1012,93.69115806473997
F62022,10,RS-EAO(centroid),1013,906.5004365004156
F62022,10,RS-EAO(centroid),1014,32.964352158151996
F62022,10,RS-EAO(centroid),1015,1709.7166532790143
F62022,10,RS-EAO(centroid),1016,2148.125580460415
F62022,10,RS-EAO(centroid),1017,46.68805246138436
F62022,10,RS-EAO(centroid),1018,271.6315401434981
F62022,10,RS-EAO(centroid),1019,285.34620038120283
F62022,10,RS-EAO(centroid),1020,37.30593599098643
F62022,10,RS-EAO(centroid),1021,351.6332510712932
F62022,10,RS-EAO(centroid),1022,229.2275196083849
F62022,10,RS-EAO(centroid),1023,68.2835589788383
F62022,10,RS-EAO(centroid),1024,182.59159875958676
F62022,10,RS-EAO(centroid),1025,1700.1734611884176
F62022,10,RS-EAO(centroid),1026,1524.9747967207722
F62022,10,RS-EAO(centroid),1027,2689.1169355257352
F62022,10,RS-EAO(centroid),1028,2641.9118947759707
F62022,10,RS-EAO(centroid),1029,1328.5211773529672
F62022,10,RS-EAO(sched),1000,1172.7565658768872
F62022,10,RS-EAO(sched),1001,3452.3022597420077
F62022,10,RS-EAO(sched),1002,103.59061271132646
F62022,10,RS-EAO(sched),1003,371.1866467755244
F62022,10,RS-EAO(sched),1004,71.77790340308457
F62022,10,RS-EAO(sched),1005,642.7096124038217
F62022,10,RS-EAO(sched),1006,71.23886980153702
F62022,10,RS-EAO(sched),1007,264.4346972182443
F62022,10,RS-EAO(sched),1008,2381.881577570726
F62022,10,RS-EAO(sched),1009,108.02545684031975
F62022,10,RS-EAO(sched),1010,376.51403409845443
F62022,10,RS-EAO(sched),1011,1741.5462755622948
F62022,10,RS-EAO(sched),1012,3820.6310252640433
F62022,10,RS-EAO(sched),1013,1944.5016575964369
F62022,10,RS-EAO(sched),1014,58.25266764514663
F62022,10,RS-EAO(sched),1015,314.65475931360015
F62022,10,RS-EAO(sched),1016,97.00847312455676
F62022,10,RS-EAO(sched),1017,525.8080615952431
F62022,10,RS-EAO(sched),1018,224.02854710288466
F62022,10,RS-EAO(sched),1019,1595.2084653206875
F62022,10,RS-EAO(sched),1020,904.1469273480507
F62022,10,RS-EAO(sched),1021,2326.2838149609724
F62022,10,RS-EAO(sched),1022,1969.896371364805
F62022,10,RS-EAO(sched),1023,2316.6036047589787
F62022,10,RS-EAO(sched),1024,1531.1008216784653
F62022,10,RS-EAO(sched),1025,314.3221580716536
F62022,10,RS-EAO(sched),1026,1975.9942810100956
F62022,10,RS-EAO(sched),1027,703.8490214056606
F62022,10,RS-EAO(sched),1028,4359.19881311047
F62022,10,RS-EAO(sched),1029,851.3142924961371
F72022,10,EAO,1000,34.50756930365583
F72022,10,EAO,1001,37.95792381848469
F72022,10,EAO,1002,43.37200484773393
F72022,10,EAO,1003,36.72503626658272
F72022,10,EAO,1004,35.12295397303956
F72022,10,EAO,1005,33.17374242723281
F72022,10,EAO,1006,30.504891571205007
F72022,10,EAO,1007,33.746620207937895
F72022,10,EAO,1008,35.085087643837596
F72022,10,EAO,1009,40.257313475261526
F72022,10,EAO,1010,34.70268899024654
F72022,10,EAO,1011,33.32442304457686
F72022,10,EAO,1012,43.12607182730403
F72022,10,EAO,1013,38.105717306007364
F72022,10,EAO,1014,36.95165347094644
F72022,10,EAO,1015,49.98969060122863
F72022,10,EAO,1016,34.1494329347895
F72022,10,EAO,1017,32.10861143688453
F72022,10,EAO,1018,27.04515561105586
F72022,10,EAO,1019,44.92915214190862
F72022,10,EAO,1020,41.65305402627132
F72022,10,EAO,1021,36.47263884128074
F72022,10,EAO,1022,30.25945436865436
F72022,10,EAO,1023,40.438158091445075
F72022,10,EAO,1024,30.94601860553439
F72022,10,EAO,1025,41.89724778523669
F72022,10,EAO,1026,39.17932711026765
F72022,10,EAO,1027,32.123373882141095
F72022,10,EAO,1028,36.11192746244433
F72022,10,EAO,1029,33.905240559049844
F72022,10,RS-EAO(centroid),1000,29.174168581884032
F72022,10,RS-EAO(centroid),1001,38.54470296617001
F72022,10,RS-EAO(centroid),1002,40.14280704153043
F72022,10,RS-EAO(centroid),1003,33.497562581353804
F72022,10,RS-EAO(centroid),1004,31.751625552267342
F72022,10,RS-EAO(centroid),1005,33.25937109444476
F72022,10,RS-EAO(centroid),1006,33.785233469644936
F72022,10,RS-EAO(centroid),1007,31.73649504402374
F72022,10,RS-EAO(centroid),1008,31.425202288781293
F72022,10,RS-EAO(centroid),1009,33.20173845666477
F72022,10,RS-EAO(centroid),1010,146.96617398427406
F72022,10,RS-EAO(centroid),1011,36.194894739223855
F72022,10,RS-EAO(centroid),1012,33.61029446401221
F72022,10,RS-EAO(centroid),1013,134.340779050503
F72022,10,RS-EAO(centroid),1014,38.496775646107835
F72022,10,RS-EAO(centroid),1015,35.88438141845813
F72022,10,RS-EAO(centroid),1016,38.3894893068466
F72022,10,RS-EAO(centroid),1017,19.628063359468797
F72022,10,RS-EAO(centroid),1018,35.35573254951578
F72022,10,RS-EAO(centroid),1019,30.101418006396443
F72022,10,RS-EAO(centroid),1020,30.42589104400713
F72022,10,RS-EAO(centroid),1021,26.629925288177674
F72022,10,RS-EAO(centroid),1022,38.44016311226119
F72022,10,RS-EAO(centroid),1023,33.79160913165356
F72022,10,RS-EAO(centroid),1024,33.31881129229123
F72022,10,RS-EAO(centroid),1025,30.525383758415956
F72022,10,RS-EAO(centroid),1026,36.36599201597187
F72022,10,RS-EAO(centroid),1027,36.455007296522126
F72022,10,RS-EAO(centroid),1028,28.67257856817082
F72022,10,RS-EAO(centroid),1029,38.77190760535177
F72022,10,RS-EAO(sched),1000,29.987896937291225
F72022,10,RS-EAO(sched),1001,31.907382449129045
F72022,10,RS-EAO(sched),1002,38.27736099652725
F72022,10,RS-EAO(sched),1003,31.889317216834797
F72022,10,RS-EAO(sched),1004,31.545960124063186
F72022,10,RS-EAO(sched),1005,31.747254726648862
F72022,10,RS-EAO(sched),1006,28.840262572138272
F72022,10,RS-EAO(sched),1007,23.38024036480465
F72022,10,RS-EAO(sched),1008,33.875666605438255
F72022,10,RS-EAO(sched),1009,32.27583000037407
F72022,10,RS-EAO(sched),1010,34.746880626540815
F72022,10,RS-EAO(sched),1011,31.05760496299672
F72022,10,RS-EAO(sched),1012,33.13920383052459
F72022,10,RS-EAO(sched),1013,38.047470566058564
F72022,10,RS-EAO(sched),1014,28.478514431281155
F72022,10,RS-EAO(sched),1015,27.02739543096186
F72022,10,RS-EAO(sched),1016,36.770144118107055
F72022,10,RS-EAO(sched),1017,40.215664982843236
F72022,10,RS-EAO(sched),1018,30.23467142308573
F72022,10,RS-EAO(sched),1019,31.02333975909687
F72022,10,RS-EAO(sched),1020,35.157112055939024
F72022,10,RS-EAO(sched),1021,34.55181441464583
F72022,10,RS-EAO(sched),1022,35.45310912088394
F72022,10,RS-EAO(sched),1023,30.15904291086349
F72022,10,RS-EAO(sched),1024,39.23102917331698
F72022,10,RS-EAO(sched),1025,35.96081697863019
F72022,10,RS-EAO(sched),1026,39.83242225813024
F72022,10,RS-EAO(sched),1027,38.42483588373693
F72022,10,RS-EAO(sched),1028,39.033103899778325
F72022,10,RS-EAO(sched),1029,34.47599226944703
F82022,10,EAO,1000,8.326646576045732
F82022,10,EAO,1001,12.648422260855568
F82022,10,EAO,1002,24.767676267558727
F82022,10,EAO,1003,13.76974511815206
F82022,10,EAO,1004,25.964697578707728
F82022,10,EAO,1005,24.73378311720535
F82022,10,EAO,1006,26.461380608080617
F82022,10,EAO,1007,14.38343055205496
F82022,10,EAO,1008,25.06453452439564
F82022,10,EAO,1009,8.739328305569416
F82022,10,EAO,1010,25.09487937818767
F82022,10,EAO,1011,25.731293327160074
F82022,10,EAO,1012,19.850719787597882
F82022,10,EAO,1013,24.327417887583124
F82022,10,EAO,1014,26.125070758764195
F82022,10,EAO,1015,7.891366013609058
F82022,10,EAO,1016,24.621890237601747
F82022,10,EAO,1017,24.173542030388035
F82022,10,EAO,1018,23.519516687763826
F82022,10,EAO,1019,25.11440966806549
F82022,10,EAO,1020,25.08201568353661
F82022,10,EAO,1021,26.47264429232291
F82022,10,EAO,1022,26.262522587617696
F82022,10,EAO,1023,25.489969145998657
F82022,10,EAO,1024,26.387970456451967
F82022,10,EAO,1025,8.876105920953705
F82022,10,EAO,1026,25.044806488674567
F82022,10,EAO,1027,25.302986318768944
F82022,10,EAO,1028,23.68260542089638
F82022,10,EAO,1029,24.295430145587034
F82022,10,RS-EAO(centroid),1000,25.787900922529843
F82022,10,RS-EAO(centroid),1001,8.213169104863937
F82022,10,RS-EAO(centroid),1002,7.865500661509486
F82022,10,RS-EAO(centroid),1003,23.83893740194435
F82022,10,RS-EAO(centroid),1004,10.794205690679064
F82022,10,RS-EAO(centroid),1005,25.557857806398715
F82022,10,RS-EAO(centroid),1006,25.34864481202476
F82022,10,RS-EAO(centroid),1007,25.571470231971944
F82022,10,RS-EAO(centroid),1008,25.277841056820307
F82022,10,RS-EAO(centroid),1009,13.786725825859776
F82022,10,RS-EAO(centroid),1010,7.667589181693074
F82022,10,RS-EAO(centroid),1011,24.782661347085195
F82022,10,RS-EAO(centroid),1012,25.0955989852323
F82022,10,RS-EAO(centroid),1013,25.460760449585905
F82022,10,RS-EAO(centroid),1014,7.052975556309775
F82022,10,RS-EAO(centroid),1015,7.8396994205904775
F82022,10,RS-EAO(centroid),1016,26.3643113788753
F82022,10,RS-EAO(centroid),1017,25.08416074856723
F82022,10,RS-EAO(centroid),1018,24.670232978134663
F82022,10,RS-EAO(centroid),1019,11.993646559106764
F82022,10,RS-EAO(centroid),1020,7.4058802918721085
F82022,10,RS-EAO(centroid),1021,24.78971504676838
F82022,10,RS-EAO(centroid),1022,7.073296000838127
F82022,10,RS-EAO(centroid),1023,25.06077059139261
F82022,10,RS-EAO(centroid),1024,25.361852358346823
F82022,10,RS-EAO(centroid),1025,25.752389475328528
F82022,10,RS-EAO(centroid),1026,23.81295901500198
F82022,10,RS-EAO(centroid),1027,9.479416500372281
F82022,10,RS-EAO(centroid),1028,23.935410481801682
F82022,10,RS-EAO(centroid),1029,25.514070302610435
F82022,10,RS-EAO(sched),1000,8.478748470686696
F82022,10,RS-EAO(sched),1001,6.344622527200045
F82022,10,RS-EAO(sched),1002,24.82574257519127
F82022,10,RS-EAO(sched),1003,25.08348816388161
F82022,10,RS-EAO(sched),1004,24.583938138656322
F82022,10,RS-EAO(sched),1005,24.788947998100866
F82022,10,RS-EAO(sched),1006,24.97109086316732
F82022,10,RS-EAO(sched),1007,25.88296626998499
F82022,10,RS-EAO(sched),1008,6.537452259206475
F82022,10,RS-EAO(sched),1009,10.149829307410073
F82022,10,RS-EAO(sched),1010,12.255284777714223
F82022,10,RS-EAO(sched),1011,9.193699878097505
F82022,10,RS-EAO(sched),1012,25.044535859078223
F82022,10,RS-EAO(sched),1013,24.54307085938035
F82022,10,RS-EAO(sched),1014,8.457157289113638
F82022,10,RS-EAO(sched),1015,13.715856344640542
F82022,10,RS-EAO(sched),1016,24.232628886285056
F82022,10,RS-EAO(sched),1017,8.469954898216201
F82022,10,RS-EAO(sched),1018,25.55386122159325
F82022,10,RS-EAO(sched),1019,26.021853996607206
F82022,10,RS-EAO(sched),1020,25.406255097169833
F82022,10,RS-EAO(sched),1021,26.83078828062071
F82022,10,RS-EAO(sched),1022,25.01061013814069
F82022,10,RS-EAO(sched),1023,15.85055343625072
F82022,10,RS-EAO(sched),1024,24.771749152524535
F82022,10,RS-EAO(sched),1025,25.143147912593577
F82022,10,RS-EAO(sched),1026,4.410615706284716
F82022,10,RS-EAO(sched),1027,4.618798366491774
F82022,10,RS-EAO(sched),1028,25.24622445028399
F82022,10,RS-EAO(sched),1029,26.503353586209414
F92022,10,EAO,1000,0.00011769780257964157
F92022,10,EAO,1001,1.9760860595852137e-05
F92022,10,EAO,1002,359.09445642774426
F92022,10,EAO,1003,1.241568952536909e-06
F92022,10,EAO,1004,0.00026573221703074523
F92022,10,EAO,1005,0.00039074349479051307
F92022,10,EAO,1006,0.00012739194335154025
F92022,10,EAO,1007,3.0417163543461356e-06
F92022,10,EAO,1008,4.1732058889465407e-05
F92022,10,EAO,1009,3.081402564930613e-05
F92022,10,EAO,1010,3.0228515242924914e-05
F92022,10,EAO,1011,3.306690814497415e-07
F92022,10,EAO,1012,6.090614988352172e-06
F92022,10,EAO,1013,0.0001095668967536767
F92022,10,EAO,1014,7.308567273867084e-05
F92022,10,EAO,1015,1.6971080185612664e-07
F92022,10,EAO,1016,0.0028753946621691284
F92022,10,EAO,1017,5.4833907597640064e-05
F92022,10,EAO,1018,9.730691544973524e-06
F92022,10,EAO,1019,1.6818847143440507e-05
F92022,10,EAO,1020,365.4093969711189
F92022,10,EAO,1021,2.7843291263707215e-05
F92022,10,EAO,1022,359.10049063011775
F92022,10,EAO,1023,0.00033002897134792875
F92022,10,EAO,1024,0.00011270088634773856
F92022,10,EAO,1025,2.466274509060895e-06
F92022,10,EAO,1026,0.00022971155385675956
F92022,10,EAO,1027,7.27172255210462e-06
F92022,10,EAO,1028,368.6590878435004
F92022,10,EAO,1029,7.624911222592345e-05
F92022,10,RS-EAO(centroid),1000,359.09434478035973
F92022,10,RS-EAO(centroid),1001,359.09434478036474
F92022,10,RS-EAO(centroid),1002,359.09434478036155
F92022,10,RS-EAO(centroid),1003,359.09434478036064
F92022,10,RS-EAO(centroid),1004,359.09434478036064
F92022,10,RS-EAO(centroid),1005,1.3642420526593924e-12
F92022,10,RS-EAO(centroid),1006,359.0943447803611
F92022,10,RS-EAO(centroid),1007,359.09434478035973
F92022,10,RS-EAO(centroid),1008,1.8189894035458565e-12
F92022,10,RS-EAO(centroid),1009,359.0943447803602
F92022,10,RS-EAO(centroid),1010,359.0943447803602
F92022,10,RS-EAO(centroid),1011,359.09434478035973
F92022,10,RS-EAO(centroid),1012,359.0943447803634
F92022,10,RS-EAO(centroid),1013,359.0943447803611
F92022,10,RS-EAO(centroid),1014,359.09434478035973
F92022,10,RS-EAO(centroid),1015,359.0943447803602
F92022,10,RS-EAO(centroid),1016,1.8189894035458565e-12
F92022,10,RS-EAO(centroid),1017,359.094362091987
F92022,10,RS-EAO(centroid),1018,359.0943447803602
F92022,10,RS-EAO(centroid),1019,359.0943447803602
F92022,10,RS-EAO(centroid),1020,359.0943447803602
F92022,10,RS-EAO(centroid),1021,359.0943447803602
F92022,10,RS-EAO(centroid),1022,359.09435202846726
F92022,10,RS-EAO(centroid),1023,359.09434482380084
F92022,10,RS-EAO(centroid),1024,359.09434478035973
F92022,10,RS-EAO(centroid),1025,359.0943447803602
F92022,10,RS-EAO(centroid),1026,359.19449807093497
F92022,10,RS-EAO(centroid),1027,359.0943447803602
F92022,10,RS-EAO(centroid),1028,359.09434478035973
F92022,10,RS-EAO(centroid),1029,359.0943447803602
F92022,10,RS-EAO(sched),1000,3.183231456205249e-12
F92022,10,RS-EAO(sched),1001,1.8189894035458565e-12
F92022,10,RS-EAO(sched),1002,359.0943447803611
F92022,10,RS-EAO(sched),1003,359.0943447806171
F92022,10,RS-EAO(sched),1004,359.0943447803638
F92022,10,RS-EAO(sched),1005,4.547473508864641e-13
F92022,10,RS-EAO(sched),1006,1.3642420526593924e-12
F92022,10,RS-EAO(sched),1007,2.2737367544323206e-12
F92022,10,RS-EAO(sched),1008,3.637978807091713e-12
F92022,10,RS-EAO(sched),1009,359.0943447803611
F92022,10,RS-EAO(sched),1010,1.8189894035458565e-12
F92022,10,RS-EAO(sched),1011,359.094344780362
F92022,10,RS-EAO(sched),1012,1.3642420526593924e-12
F92022,10,RS-EAO(sched),1013,359.09434478036064
F92022,10,RS-EAO(sched),1014,359.09964403801996
F92022,10,RS-EAO(sched),1015,1.3642420526593924e-12
F92022,10,RS-EAO(sched),1016,3.183231456205249e-12
F92022,10,RS-EAO(sched),1017,359.09434478035973
F92022,10,RS-EAO(sched),1018,5.002220859751105e-12
F92022,10,RS-EAO(sched),1019,1.3642420526593924e-12
F92022,10,RS-EAO(sched),1020,359.09434478035973
F92022,10,RS-EAO(sched),1021,1.8189894035458565e-12
F92022,10,RS-EAO(sched),1022,1.3642420526593924e-12
F92022,10,RS-EAO(sched),1023,359.094344780362
F92022,10,RS-EAO(sched),1024,5.4569682106375694e-12
F92022,10,RS-EAO(sched),1025,359.09434478036155
F92022,10,RS-EAO(sched),1026,1.3642420526593924e-12
F92022,10,RS-EAO(sched),1027,2.7284841053187847e-12
F92022,10,RS-EAO(sched),1028,359.0943447803602
F92022,10,RS-EAO(sched),1029,1.8189894035458565e-12
F102022,10,EAO,1000,221.4845451767992
F102022,10,EAO,1001,222.11682031837654
F102022,10,EAO,1002,222.93179550404784
F102022,10,EAO,1003,223.0031490245724
F102022,10,EAO,1004,222.0781541073211
F102022,10,EAO,1005,223.34519962920467
F102022,10,EAO,1006,332.2030994370043
F102022,10,EAO,1007,222.6761531977745
F102022,10,EAO,1008,221.4857469461772
F102022,10,EAO,1009,222.17440204660443
F102022,10,EAO,1010,227.26008408509415
F102022,10,EAO,1011,223.0755822214237
F102022,10,EAO,1012,222.1858150659782
F102022,10,EAO,1013,226.8602855840195
F102022,10,EAO,1014,338.98700281749825
F102022,10,EAO,1015,223.73496194770587
F102022,10,EAO,1016,221.3529365132881
F102022,10,EAO,1017,221.45612280652358
F102022,10,EAO,1018,223.63020358185122
F102022,10,EAO,1019,222.17454271364704
F102022,10,EAO,1020,223.07009208350019
F102022,10,EAO,1021,225.24682301048642
F102022,10,EAO,1022,221.12218183829918
F102022,10,EAO,1023,222.47387661569792
F102022,10,EAO,1024,227.70372323862648
F102022,10,EAO,1025,223.73324018252788
F102022,10,EAO,1026,223.45837701519622
F102022,10,EAO,1027,222.15165069848354
F102022,10,EAO,1028,221.1220572942484
F102022,10,EAO,1029,220.8726508752643
F102022,10,RS-EAO(centroid),1000,223.18016742733607
F102022,10,RS-EAO(centroid),1001,222.1516506522962
F102022,10,RS-EAO(centroid),1002,221.1220572825241
F102022,10,RS-EAO(centroid),1003,220.8726497489797
F102022,10,RS-EAO(centroid),1004,222.11669476851148
F102022,10,RS-EAO(centroid),1005,221.1220572825241
F102022,10,RS-EAO(centroid),1006,324.4048449746074
F102022,10,RS-EAO(centroid),1007,222.17440007749428
F102022,10,RS-EAO(centroid),1008,329.129366902504
F102022,10,RS-EAO(centroid),1009,224.12510664069396
F102022,10,RS-EAO(centroid),1010,326.59846146495784
F102022,10,RS-EAO(centroid),1011,221.12205728252457
F102022,10,RS-EAO(centroid),1012,221.19652827736445
F102022,10,RS-EAO(centroid),1013,321.0841220759917
F102022,10,RS-EAO(centroid),1014,222.67187793514904
F102022,10,RS-EAO(centroid),1015,220.8726497489797
F102022,10,RS-EAO(centroid),1016,222.17440007749474
F102022,10,RS-EAO(centroid),1017,220.8726497489797
F102022,10,RS-EAO(centroid),1018,222.17440007749474
F102022,10,RS-EAO(centroid),1019,223.37383250831454
F102022,10,RS-EAO(centroid),1020,226.6130746154049
F102022,10,RS-EAO(centroid),1021,220.9610006406415
F102022,10,RS-EAO(centroid),1022,221.42324848208455
F102022,10,RS-EAO(centroid),1023,223.34049647721713
F102022,10,RS-EAO(centroid),1024,329.2258587000697
F102022,10,RS-EAO(centroid),1025,223.53440719485207
F102022,10,RS-EAO(centroid),1026,222.5376874926992
F102022,10,RS-EAO(centroid),1027,221.57243303321457
F102022,10,RS-EAO(centroid),1028,223.6539047432948
F102022,10,RS-EAO(centroid),1029,222.47387661441644
F102022,10,RS-EAO(sched),1000,222.1516506522962
F102022,10,RS-EAO(sched),1001,226.61329047260824
F102022,10,RS-EAO(sched),1002,221.625667771189
F102022,10,RS-EAO(sched),1003,223.22714132880265
F102022,10,RS-EAO(sched),1004,221.23503663992187
F102022,10,RS-EAO(sched),1005,222.67367778824928
F102022,10,RS-EAO(sched),1006,221.12205728252457
F102022,10,RS-EAO(sched),1007,220.87264974898017
F102022,10,RS-EAO(sched),1008,220.87264974898062
F102022,10,RS-EAO(sched),1009,219.40297208785387
F102022,10,RS-EAO(sched),1010,222.4738766144178
F102022,10,RS-EAO(sched),1011,222.1045115708621
F102022,10,RS-EAO(sched),1012,221.42576468119387
F102022,10,RS-EAO(sched),1013,222.19803452380802
F102022,10,RS-EAO(sched),1014,227.26695736767942
F102022,10,RS-EAO(sched),1015,221.19681862125344
F102022,10,RS-EAO(sched),1016,222.47387661441644
F102022,10,RS-EAO(sched),1017,219.4046894600424
F102022,10,RS-EAO(sched),1018,221.1220572825241
F102022,10,RS-EAO(sched),1019,222.53768749269875
F102022,10,RS-EAO(sched),1020,221.46580049381237
F102022,10,RS-EAO(sched),1021,223.5350028887833
F102022,10,RS-EAO(sched),1022,220.8726497489797
F102022,10,RS-EAO(sched),1023,222.19776874288073
F102022,10,RS-EAO(sched),1024,226.3267680192257
F102022,10,RS-EAO(sched),1025,222.1516506522962
F102022,10,RS-EAO(sched),1026,223.0004322279301
F102022,10,RS-EAO(sched),1027,222.06335748945776
F102022,10,RS-EAO(sched),1028,220.8726497489797
F102022,10,RS-EAO(sched),1029,220.87264974898108
F112022,10,EAO,1000,9.742220299813198e-06
F112022,10,EAO,1001,4.361671471997397e-06
F112022,10,EAO,1002,876.0688983266191
F112022,10,EAO,1003,5.40693645234569e-06
F112022,10,EAO,1004,3.4388399399176706e-06
F112022,10,EAO,1005,1.118701220548246e-07
F112022,10,EAO,1006,4.786720637639519e-07
F112022,10,EAO,1007,6.032916462572757e-05
F112022,10,EAO,1008,0.00010946836255243397
F112022,10,EAO,1009,2.3806387616787106e-07
F112022,10,EAO,1010,3.9391253721987596e-05
F112022,10,EAO,1011,2.056903213087935e-06
F112022,10,EAO,1012,6.728774087605416e-05
F112022,10,EAO,1013,0.00010704738042477402
F112022,10,EAO,1014,6.412437869585119e-08
F112022,10,EAO,1015,4.773769433086272e-07
F112022,10,EAO,1016,1.356528582618921e-05
F112022,10,EAO,1017,7.595117494929582e-07
F112022,10,EAO,1018,2.893593773478642e-05
F112022,10,EAO,1019,0.0002928260441876773
F112022,10,EAO,1020,4.794405413122149e-06
F112022,10,EAO,1021,2.63969332081615e-06
F112022,10,EAO,1022,8.897372390492819e-05
F112022,10,EAO,1023,4.136336428928189e-06
F112022,10,EAO,1024,3.2795251172501594e-06
F112022,10,EAO,1025,1.1461320355010685e-06
F112022,10,EAO,1026,3.043618107767543e-06
F112022,10,EAO,1027,6.85530267219292e-07
F112022,10,EAO,1028,1.7166408269986277e-05
F112022,10,EAO,1029,2.358585561523796e-05
F112022,10,RS-EAO(centroid),1000,1.8189894035458565e-12
F112022,10,RS-EAO(centroid),1001,1.8189894035458565e-12
F112022,10,RS-EAO(centroid),1002,876.9248252571197
F112022,10,RS-EAO(centroid),1003,9.094947017729282e-13
F112022,10,RS-EAO(centroid),1004,876.4586436866825
F112022,10,RS-EAO(centroid),1005,877.2869003609458
F112022,10,RS-EAO(centroid),1006,876.9932866950985
F112022,10,RS-EAO(centroid),1007,22.778723065048325
F112022,10,RS-EAO(centroid),1008,876.4588212167132
F112022,10,RS-EAO(centroid),1009,9.094947017729282e-13
F112022,10,RS-EAO(centroid),1010,9.740688255988061e-10
F112022,10,RS-EAO(centroid),1011,2.7284841053187847e-12
F112022,10,RS-EAO(centroid),1012,876.0688983265482
F112022,10,RS-EAO(centroid),1013,3.183231456205249e-12
F112022,10,RS-EAO(centroid),1014,876.06889832655
F112022,10,RS-EAO(centroid),1015,9.094947017729282e-13
F112022,10,RS-EAO(centroid),1016,4.547473508864641e-13
F112022,10,RS-EAO(centroid),1017,1.3642420526593924e-12
F112022,10,RS-EAO(centroid),1018,876.0688983265482
F112022,10,RS-EAO(centroid),1019,1.3642420526593924e-12
F112022,10,RS-EAO(centroid),1020,879.1476007340307
F112022,10,RS-EAO(centroid),1021,877.2869165176435
F112022,10,RS-EAO(centroid),1022,2.2737367544323206e-12
F112022,10,RS-EAO(centroid),1023,1.3642420526593924e-12
F112022,10,RS-EAO(centroid),1024,1.3642420526593924e-12
F112022,10,RS-EAO(centroid),1025,876.0688983265504
F112022,10,RS-EAO(centroid),1026,4.547473508864641e-13
F112022,10,RS-EAO(centroid),1027,4.092726157978177e-12
F112022,10,RS-EAO(centroid),1028,876.0688983265513
F112022,10,RS-EAO(centroid),1029,1.3642420526593924e-12
F112022,10,RS-EAO(sched),1000,2.2737367544323206e-12
F112022,10,RS-EAO(sched),1001,1.8189894035458565e-12
F112022,10,RS-EAO(sched),1002,876.9248252571206
F112022,10,RS-EAO(sched),1003,3.637978807091713e-12
F112022,10,RS-EAO(sched),1004,1.3642420526593924e-12
F112022,10,RS-EAO(sched),1005,9.094947017729282e-13
F112022,10,RS-EAO(sched),1006,1.8189894035458565e-12
F112022,10,RS-EAO(sched),1007,2.7284841053187847e-12
F112022,10,RS-EAO(sched),1008,1.3642420526593924e-12
F112022,10,RS-EAO(sched),1009,1.3642420526593924e-12
F112022,10,RS-EAO(sched),1010,9.094947017729282e-13
F112022,10,RS-EAO(sched),1011,1.3642420526593924e-12
F112022,10,RS-EAO(sched),1012,876.9932866633126
F112022,10,RS-EAO(sched),1013,9.094947017729282e-13
F112022,10,RS-EAO(sched),1014,1.3642420526593924e-12
F112022,10,RS-EAO(sched),1015,1.3642420526593924e-12
F112022,10,RS-EAO(sched),1016,2.2737367544323206e-12
F112022,10,RS-EAO(sched),1017,1.3642420526593924e-12
F112022,10,RS-EAO(sched),1018,3.183231456205249e-12
F112022,10,RS-EAO(sched),1019,3.637978807091713e-12
F112022,10,RS-EAO(sched),1020,1.8189894035458565e-12
F112022,10,RS-EAO(sched),1021,1.8189894035458565e-12
F112022,10,RS-EAO(sched),1022,1.8189894035458565e-12
F112022,10,RS-EAO(sched),1023,9.094947017729282e-13
F112022,10,RS-EAO(sched),1024,1.8189894035458565e-12
F112022,10,RS-EAO(sched),1025,876.9248252571206
F112022,10,RS-EAO(sched),1026,9.094947017729282e-13
F112022,10,RS-EAO(sched),1027,1.3642420526593924e-12
F112022,10,RS-EAO(sched),1028,2.2737367544323206e-12
F112022,10,RS-EAO(sched),1029,1.3642420526593924e-12
F122022,10,EAO,1000,166.42419807546185
F122022,10,EAO,1001,164.48201615720154
F122022,10,EAO,1002,165.9017265066882
F122022,10,EAO,1003,164.9002275195494
F122022,10,EAO,1004,165.4724345156992
F122022,10,EAO,1005,171.64259272300797
F122022,10,EAO,1006,166.4517040523865
F122022,10,EAO,1007,164.5689733232325
F122022,10,EAO,1008,166.71262026361183
F122022,10,EAO,1009,165.58727088151272
F122022,10,EAO,1010,166.39115766652685
F122022,10,EAO,1011,166.46035906754742
F122022,10,EAO,1012,164.687218293961
F122022,10,EAO,1013,166.44780668905514
F122022,10,EAO,1014,163.77024424361252
F122022,10,EAO,1015,166.711748099151
F122022,10,EAO,1016,166.46035719053043
F122022,10,EAO,1017,166.39016567203544
F122022,10,EAO,1018,168.0550483185084
F122022,10,EAO,1019,164.52564857374955
F122022,10,EAO,1020,169.6043224595046
F122022,10,EAO,1021,166.2182066299997
F122022,10,EAO,1022,168.84425236693687
F122022,10,EAO,1023,164.51222553677326
F122022,10,EAO,1024,165.4422823434743
F122022,10,EAO,1025,164.6988599872302
F122022,10,EAO,1026,166.57571268184074
F122022,10,EAO,1027,166.44728929646772
F122022,10,EAO,1028,167.2456191939391
F122022,10,EAO,1029,166.54817182439092
F122022,10,RS-EAO(centroid),1000,178.03192165054043
F122022,10,RS-EAO(centroid),1001,167.43783677220927
F122022,10,RS-EAO(centroid),1002,164.4806595180512
F122022,10,RS-EAO(centroid),1003,167.48001670169515
F122022,10,RS-EAO(centroid),1004,166.67991181690104
F122022,10,RS-EAO(centroid),1005,173.10947847574334
F122022,10,RS-EAO(centroid),1006,172.3323041673466
F122022,10,RS-EAO(centroid),1007,167.44684193114563
F122022,10,RS-EAO(centroid),1008,185.27938441271408
F122022,10,RS-EAO(centroid),1009,167.44684193114517
F122022,10,RS-EAO(centroid),1010,167.44684193114517
F122022,10,RS-EAO(centroid),1011,192.82074018253024
F122022,10,RS-EAO(centroid),1012,165.47013439450984
F122022,10,RS-EAO(centroid),1013,165.93195488208448
F122022,10,RS-EAO(centroid),1014,168.60028790869455
F122022,10,RS-EAO(centroid),1015,165.42832937015964
F122022,10,RS-EAO(centroid),1016,164.48444294553792
F122022,10,RS-EAO(centroid),1017,166.2463818680617
F122022,10,RS-EAO(centroid),1018,165.9003332910247
F122022,10,RS-EAO(centroid),1019,165.47078229742738
F122022,10,RS-EAO(centroid),1020,165.89938703482903
F122022,10,RS-EAO(centroid),1021,166.5250872061556
F122022,10,RS-EAO(centroid),1022,170.53374259875818
F122022,10,RS-EAO(centroid),1023,167.29589336872687
F122022,10,RS-EAO(centroid),1024,171.79360944681684
F122022,10,RS-EAO(centroid),1025,166.21908960031215
F122022,10,RS-EAO(centroid),1026,166.44339029445564
F122022,10,RS-EAO(centroid),1027,170.30035671318956
F122022,10,RS-EAO(centroid),1028,166.5093957247759
F122022,10,RS-EAO(centroid),1029,169.89148826553037
F122022,10,RS-EAO(sched),1000,167.43732288460023
F122022,10,RS-EAO(sched),1001,166.44847441287448
F122022,10,RS-EAO(sched),1002,172.87686532669431
F122022,10,RS-EAO(sched),1003,166.44712330172297
F122022,10,RS-EAO(sched),1004,165.91786105785468
F122022,10,RS-EAO(sched),1005,166.44752482452577
F122022,10,RS-EAO(sched),1006,164.89758486797245
F122022,10,RS-EAO(sched),1007,166.40119135037003
F122022,10,RS-EAO(sched),1008,166.3907440209132
F122022,10,RS-EAO(sched),1009,166.51609857791573
F122022,10,RS-EAO(sched),1010,167.44684193114563
F122022,10,RS-EAO(sched),1011,166.2186178457091
F122022,10,RS-EAO(sched),1012,164.90029860896811
F122022,10,RS-EAO(sched),1013,166.7081566211018
F122022,10,RS-EAO(sched),1014,164.89858249367762
F122022,10,RS-EAO(sched),1015,169.34629922784143
F122022,10,RS-EAO(sched),1016,165.1216706228838
F122022,10,RS-EAO(sched),1017,166.22563748759603
F122022,10,RS-EAO(sched),1018,172.34387591501036
F122022,10,RS-EAO(sched),1019,165.4812427272559
F122022,10,RS-EAO(sched),1020,165.4267354926942
F122022,10,RS-EAO(sched),1021,164.48000259531636
F122022,10,RS-EAO(sched),1022,164.89794932887708
F122022,10,RS-EAO(sched),1023,166.9025430376073
F122022,10,RS-EAO(sched),1024,166.40234086352075
F122022,10,RS-EAO(sched),1025,165.8998707349083
F122022,10,RS-EAO(sched),1026,171.79639449744082
F122022,10,RS-EAO(sched),1027,165.47319149878876
F122022,10,RS-EAO(sched),1028,166.22428175540426
F122022,10,RS-EAO(sched),1029,164.8977525541377
F12022,20,EAO,1000,16.102364760082992
F12022,20,EAO,1001,9.043222386612854
F12022,20,EAO,1002,5.165364852982464
F12022,20,EAO,1003,51.432880084554085
F12022,20,EAO,1004,5.732227791254957
F12022,20,EAO,1005,53.33166324402913
F12022,20,EAO,1006,351.6200083834739
F12022,20,EAO,1007,6.080147595102915
F12022,20,EAO,1008,140.78408806799723
F12022,20,EAO,1009,1.002159785673598
F12022,20,EAO,1010,19.520443425534495
F12022,20,EAO,1011,31.13187019839171
F12022,20,EAO,1012,2.906738289100815
F12022,20,EAO,1013,23.37420229091157
F12022,20,EAO,1014,246.19957442794168
F12022,20,EAO,1015,2.926770366036749
F12022,20,EAO,1016,15.446517577186455
F12022,20,EAO,1017,4.5764026742077135
F12022,20,EAO,1018,3.985296610834723
F12022,20,EAO,1019,6.040892376052739
F12022,20,EAO,1020,20.707884482454972
F12022,20,EAO,1021,30.570961353899293
F12022,20,EAO,1022,12.277613209258504
F12022,20,EAO,1023,1.8199167252088273
F12022,20,EAO,1024,463.5109982792052
F12022,20,EAO,1025,35.65424340969827
F12022,20,EAO,1026,17.377807694156274
F12022,20,EAO,1027,9.426404122892507
F12022,20,EAO,1028,4.8725622742334735
F12022,20,EAO,1029,18.469158818753556
F12022,20,RS-EAO(centroid),1000,5.053720997238997e-09
F12022,20,RS-EAO(centroid),1001,3.5672655940288678e-09
F12022,20,RS-EAO(centroid),1002,5.411493475548923e-11
F12022,20,RS-EAO(centroid),1003,1.9952040020143613e-11
F12022,20,RS-EAO(centroid),1004,2.5011104298755527e-12
F12022,20,RS-EAO(centroid),1005,1.1823431123048067e-11
F12022,20,RS-EAO(centroid),1006,3.2724756238167174e-10
F12022,20,RS-EAO(centroid),1007,3.6355254451336805e-07
F12022,20,RS-EAO(centroid),1008,3.979039320256561e-12
F12022,20,RS-EAO(centroid),1009,9.213300700139371e-08
F12022,20,RS-EAO(centroid),1010,4.283151611161884e-10
F12022,20,RS-EAO(centroid),1011,1.6279955161735415e-10
F12022,20,RS-EAO(centroid),1012,1.0449866749695502e-08
F12022,20,RS-EAO(centroid),1013,7.958078640513122e-13
F12022,20,RS-EAO(centroid),1014,7.507162536057876e-08
F12022,20,RS-EAO(centroid),1015,3.0086653168837074e-09
F12022,20,RS-EAO(centroid),1016,3.636500878201332e-09
F12022,20,RS-EAO(centroid),1017,1.1208123851247365e-07
F12022,20,RS-EAO(centroid),1018,1.1888232620549388e-09
F12022,20,RS-EAO(centroid),1019,6.144773578853346e-11
F12022,20,RS-EAO(centroid),1020,1.8932269085780717e-09
F12022,20,RS-EAO(centroid),1021,1.1084466677857563e-10
F12022,20,RS-EAO(centroid),1022,6.966217824810883e-09
F12022,20,RS-EAO(centroid),1023,1.5234036254696548e-11
F12022,20,RS-EAO(centroid),1024,1.4048282537260093e-09
F12022,20,RS-EAO(centroid),1025,8.390088623855263e-11
F12022,20,RS-EAO(centroid),1026,3.041856189156533e-08
F12022,20,RS-EAO(centroid),1027,5.924789547862019e-10
F12022,20,RS-EAO(centroid),1028,3.1093350116861984e-11
F12022,20,RS-EAO(centroid),1029,3.20159188049729e-09
F12022,20,RS-EAO(sched),1000,1.0948042472591624e-10
F12022,20,RS-EAO(sched),1001,9.095003861148143e-09
F12022,20,RS-EAO(sched),1002,5.012623205402633e-09
F12022,20,RS-EAO(sched),1003,1.0763301361293998e-08
F12022,20,RS-EAO(sched),1004,2.6566567612462677e-08
F12022,20,RS-EAO(sched),1005,9.12223185878247e-10
F12022,20,RS-EAO(sched),1006,1.262134219359723e-08
F12022,20,RS-EAO(sched),1007,9.443510862183757e-09
F12022,20,RS-EAO(sched),1008,1.3358203432289883e-11
F12022,20,RS-EAO(sched),1009,1.2429779872036306e-08
F12022,20,RS-EAO(sched),1010,7.183018624346005e-09
F12022,20,RS-EAO(sched),1011,2.8780448246834567e-08
F12022,20,RS-EAO(sched),1012,5.3690314416598994e-09
F12022,20,RS-EAO(sched),1013,0.00019921223798746723
F12022,20,RS-EAO(sched),1014,2.396461695752805e-09
F12022,20,RS-EAO(sched),1015,7.0475039137818385e-09
F12022,20,RS-EAO(sched),1016,2.0241373022145126e-09
F12022,20,RS-EAO(sched),1017,3.923960889551381e-07
F12022,20,RS-EAO(sched),1018,5.553033588512335e-10
F12022,20,RS-EAO(sched),1019,9.504788067715708e-10
F12022,20,RS-EAO(sched),1020,1.746911948430352e-09
F12022,20,RS-EAO(sched),1021,1.1185647963429801e-09
F12022,20,RS-EAO(sched),1022,9.242739906767383e-11
F12022,20,RS-EAO(sched),1023,1.1823431123048067e-11
F12022,20,RS-EAO(sched),1024,6.952404874027707e-09
F12022,20,RS-EAO(sched),1025,6.684786058031023e-11
F12022,20,RS-EAO(sched),1026,1.0988969734171405e-09
F12022,20,RS-EAO(sched),1027,4.735022685053991e-08
F12022,20,RS-EAO(sched),1028,1.7398690488334978e-08
F12022,20,RS-EAO(sched),1029,2.513161234674044e-09
F22022,20,EAO,1000,51.028143898256644
F22022,20,EAO,1001,52.80483829600155
F22022,20,EAO,1002,72.77208283899228
F22022,20,EAO,1003,67.26863832573798
F22022,20,EAO,1004,70.85802897880421
F22022,20,EAO,1005,72.64283650803321
F22022,20,EAO,1006,71.66140859826231
F22022,20,EAO,1007,49.35526460677727
F22022,20,EAO,1008,74.63000904888531
F22022,20,EAO,1009,72.5251938196842
F22022,20,EAO,1010,60.83981740498473
F22022,20,EAO,1011,51.29948852766938
F22022,20,EAO,1012,50.90142020726404
F22022,20,EAO,1013,80.83321213916508
F22022,20,EAO,1014,82.26020889891703
F22022,20,EAO,1015,70.10508630405792
F22022,20,EAO,1016,79.26944450271628
F22022,20,EAO,1017,72.40477866285772
F22022,20,EAO,1018,57.00878701366662
F22022,20,EAO,1019,127.5758695483596
F22022,20,EAO,1020,65.32270387191113
F22022,20,EAO,1021,73.55356937816896
F22022,20,EAO,1022,72.07616363270705
F22022,20,EAO,1023,76.02378687593415
F22022,20,EAO,1024,75.014125507156
F22022,20,EAO,1025,159.4233879144125
F22022,20,EAO,1026,56.2164108334527
F22022,20,EAO,1027,49.13274380510853
F22022,20,EAO,1028,53.58225379794942
F22022,20,EAO,1029,122.6074958432497
F22022,20,RS-EAO(centroid),1000,49.084606856512664
F22022,20,RS-EAO(centroid),1001,38.45568399508545
F22022,20,RS-EAO(centroid),1002,12.46761867325921
F22022,20,RS-EAO(centroid),1003,67.57644816374977
F22022,20,RS-EAO(centroid),1004,49.08459444027494
F22022,20,RS-EAO(centroid),1005,49.08448715671102
F22022,20,RS-EAO(centroid),1006,69.87331694793329
F22022,20,RS-EAO(centroid),1007,73.15691101145416
F22022,20,RS-EAO(centroid),1008,4.654241482755197
F22022,20,RS-EAO(centroid),1009,49.08457706103002
F22022,20,RS-EAO(centroid),1010,66.80058938692724
F22022,20,RS-EAO(centroid),1011,44.89546937188993
F22022,20,RS-EAO(centroid),1012,49.08452763283418
F22022,20,RS-EAO(centroid),1013,69.90869296634503
F22022,20,RS-EAO(centroid),1014,70.05741046335885
F22022,20,RS-EAO(centroid),1015,2.0138076585217277
F22022,20,RS-EAO(centroid),1016,67.5102719375713
F22022,20,RS-EAO(centroid),1017,6.42284738747361
F22022,20,RS-EAO(centroid),1018,44.89553781416123
F22022,20,RS-EAO(centroid),1019,73.08148455406422
F22022,20,RS-EAO(centroid),1020,49.31697161203465
F22022,20,RS-EAO(centroid),1021,49.08497366253988
F22022,20,RS-EAO(centroid),1022,6.4314819340912095
F22022,20,RS-EAO(centroid),1023,49.0844893794299
F22022,20,RS-EAO(centroid),1024,72.31525163854542
F22022,20,RS-EAO(centroid),1025,70.06097010250369
F22022,20,RS-EAO(centroid),1026,4.748694144584988
F22022,20,RS-EAO(centroid),1027,49.68079395640416
F22022,20,RS-EAO(centroid),1028,49.08480186914187
F22022,20,RS-EAO(centroid),1029,74.64568575026806
F22022,20,RS-EAO(sched),1000,1.2362602368052649
F22022,20,RS-EAO(sched),1001,72.04632526225032
F22022,20,RS-EAO(sched),1002,49.08459114292543
F22022,20,RS-EAO(sched),1003,73.48775315112829
F22022,20,RS-EAO(sched),1004,68.85094681478915
F22022,20,RS-EAO(sched),1005,44.90745558108722
F22022,20,RS-EAO(sched),1006,49.08453105184719
F22022,20,RS-EAO(sched),1007,49.14392645383742
F22022,20,RS-EAO(sched),1008,49.08473534308439
F22022,20,RS-EAO(sched),1009,45.28872851263213
F22022,20,RS-EAO(sched),1010,69.56645639437977
F22022,20,RS-EAO(sched),1011,49.08464685120259
F22022,20,RS-EAO(sched),1012,72.68845721755741
F22022,20,RS-EAO(sched),1013,0.33311986012250827
F22022,20,RS-EAO(sched),1014,30.59967055990137
F22022,20,RS-EAO(sched),1015,49.08464826074197
F22022,20,RS-EAO(sched),1016,73.88696891294637
F22022,20,RS-EAO(sched),1017,49.08448969307733
F22022,20,RS-EAO(sched),1018,69.5589370991429
F22022,20,RS-EAO(sched),1019,49.084962298619985
F22022,20,RS-EAO(sched),1020,49.084528112295516
F22022,20,RS-EAO(sched),1021,44.895469403256016
F22022,20,RS-EAO(sched),1022,49.08447901964951
F22022,20,RS-EAO(sched),1023,73.37426259205472
F22022,20,RS-EAO(sched),1024,6.455697524267748
F22022,20,RS-EAO(sched),1025,68.53211645901467
F22022,20,RS-EAO(sched),1026,49.086430798729054
F22022,20,RS-EAO(sched),1027,70.75440251336317
F22022,20,RS-EAO(sched),1028,5.892945305625858
F22022,20,RS-EAO(sched),1029,49.08449216925004
F32022,20,EAO,1000,2.4011214577512874e-05
F32022,20,EAO,1001,5.511923211543035e-05
F32022,20,EAO,1002,0.00026497842088701873
F32022,20,EAO,1003,4.99877268111959e-05
F32022,20,EAO,1004,7.360995368799195e-05
F32022,20,EAO,1005,1.8510719883124693e-05
F32022,20,EAO,1006,0.00018739220251973165
F32022,20,EAO,1007,6.381219145623618e-05
F32022,20,EAO,1008,1.7550395909893268e-05
F32022,20,EAO,1009,0.0003806438345463903
F32022,20,EAO,1010,0.0004392574594476173
F32022,20,EAO,1011,4.009568817764375e-05
F32022,20,EAO,1012,8.984899557162862e-05
F32022,20,EAO,1013,0.0008963557537526867
F32022,20,EAO,1014,0.0021589569589650637
F32022,20,EAO,1015,0.000276793049238222
F32022,20,EAO,1016,0.0006887537564352897
F32022,20,EAO,1017,4.6269564336398616e-05
F32022,20,EAO,1018,6.137347781987046e-06
F32022,20,EAO,1019,0.00016488603694142512
F32022,20,EAO,1020,4.887954412424733e-05
F32022,20,EAO,1021,1.9634305886029324e-05
F32022,20,EAO,1022,9.464872277931136e-05
F32022,20,EAO,1023,1.8658485828382254e-05
F32022,20,EAO,1024,7.922362101453473e-06
F32022,20,EAO,1025,2.1814512365381233e-06
F32022,20,EAO,1026,0.0006355077294983857
F32022,20,EAO,1027,0.000801363384312026
F32022,20,EAO,1028,1.96340885167956e-05
F32022,20,EAO,1029,7.911410841643374e-05
F32022,20,RS-EAO(centroid),1000,2.6147972675971687e-12
F32022,20,RS-EAO(centroid),1001,1.7053025658242404e-12
F32022,20,RS-EAO(centroid),1002,2.7284841053187847e-12
F32022,20,RS-EAO(centroid),1003,1.2505552149377763e-12
F32022,20,RS-EAO(centroid),1004,1.3642420526593924e-12
F32022,20,RS-EAO(centroid),1005,1.1368683772161603e-12
F32022,20,RS-EAO(centroid),1006,1.2505552149377763e-12
F32022,20,RS-EAO(centroid),1007,4.547473508864641e-13
F32022,20,RS-EAO(centroid),1008,5.684341886080801e-13
F32022,20,RS-EAO(centroid),1009,1.2505552149377763e-12
F32022,20,RS-EAO(centroid),1010,1.7053025658242404e-12
F32022,20,RS-EAO(centroid),1011,2.0463630789890885e-12
F32022,20,RS-EAO(centroid),1012,1.7053025658242404e-12
F32022,20,RS-EAO(centroid),1013,1.1368683772161603e-12
F32022,20,RS-EAO(centroid),1014,9.208633855450898e-12
F32022,20,RS-EAO(centroid),1015,1.3642420526593924e-12
F32022,20,RS-EAO(centroid),1016,9.094947017729282e-13
F32022,20,RS-EAO(centroid),1017,6.821210263296962e-13
F32022,20,RS-EAO(centroid),1018,6.821210263296962e-13
F32022,20,RS-EAO(centroid),1019,1.3642420526593924e-12
F32022,20,RS-EAO(centroid),1020,1.0231815394945443e-12
F32022,20,RS-EAO(centroid),1021,5.684341886080801e-13
F32022,20,RS-EAO(centroid),1022,1.2505552149377763e-12
F32022,20,RS-EAO(centroid),1023,3.069544618483633e-12
F32022,20,RS-EAO(centroid),1024,1.0231815394945443e-12
F32022,20,RS-EAO(centroid),1025,7.503331289626658e-12
F32022,20,RS-EAO(centroid),1026,1.8189894035458565e-12
F32022,20,RS-EAO(centroid),1027,4.547473508864641e-13
F32022,20,RS-EAO(centroid),1028,6.821210263296962e-13
F32022,20,RS-EAO(centroid),1029,5.684341886080801e-13
F32022,20,RS-EAO(sched),1000,1.0231815394945443e-12
F32022,20,RS-EAO(sched),1001,2.3874235921539366e-12
F32022,20,RS-EAO(sched),1002,7.958078640513122e-13
F32022,20,RS-EAO(sched),1003,2.3874235921539366e-12
F32022,20,RS-EAO(sched),1004,1.1368683772161603e-12
F32022,20,RS-EAO(sched),1005,3.069544618483633e-12
F32022,20,RS-EAO(sched),1006,2.6147972675971687e-12
F32022,20,RS-EAO(sched),1007,2.5011104298755527e-12
F32022,20,RS-EAO(sched),1008,1.0379608283983544e-10
F32022,20,RS-EAO(sched),1009,2.6147972675971687e-12
F32022,20,RS-EAO(sched),1010,1.8189894035458565e-12
F32022,20,RS-EAO(sched),1011,1.9326762412674725e-12
F32022,20,RS-EAO(sched),1012,4.206412995699793e-12
F32022,20,RS-EAO(sched),1013,4.092726157978177e-12
F32022,20,RS-EAO(sched),1014,1.9326762412674725e-12
F32022,20,RS-EAO(sched),1015,3.979039320256561e-12
F32022,20,RS-EAO(sched),1016,7.958078640513122e-13
F32022,20,RS-EAO(sched),1017,4.888534022029489e-12
F32022,20,RS-EAO(sched),1018,1.2505552149377763e-12
F32022,20,RS-EAO(sched),1019,9.094947017729282e-13
F32022,20,RS-EAO(sched),1020,1.7053025658242404e-12
F32022,20,RS-EAO(sched),1021,1.0231815394945443e-12
F32022,20,RS-EAO(sched),1022,6.821210263296962e-13
F32022,20,RS-EAO(sched),1023,1.5916157281026244e-12
F32022,20,RS-EAO(sched),1024,1.1368683772161603e-12
F32022,20,RS-EAO(sched),1025,4.774847184307873e-12
F32022,20,RS-EAO(sched),1026,2.6147972675971687e-12
F32022,20,RS-EAO(sched),1027,1.0231815394945443e-12
F32022,20,RS-EAO(sched),1028,5.684341886080801e-13
F32022,20,RS-EAO(sched),1029,1.2505552149377763e-12
F42022,20,EAO,1000,162.3785541702639
F42022,20,EAO,1001,227.64829321388743
F42022,20,EAO,1002,228.82062063937792
F42022,20,EAO,1003,77.80880414420665
F42022,20,EAO,1004,228.8305528668336
F42022,20,EAO,1005,215.7703773572008
F42022,20,EAO,1006,160.19990748552095
F42022,20,EAO,1007,168.82089308846435
F42022,20,EAO,1008,202.0792838182549
F42022,20,EAO,1009,230.06317455795306
F42022,20,EAO,1010,184.27327740212127
F42022,20,EAO,1011,253.80892706465534
F42022,20,EAO,1012,203.62757126342785
F42022,20,EAO,1013,172.56542626470355
F42022,20,EAO,1014,151.83889086276406
F42022,20,EAO,1015,225.50036368564338
F42022,20,EAO,1016,172.25181903062833
F42022,20,EAO,1017,181.11511168585344
F42022,20,EAO,1018,194.2930533430424
F42022,20,EAO,1019,215.0661851633863
F42022,20,EAO,1020,197.094621708492
F42022,20,EAO,1021,200.87851957864893
F42022,20,EAO,1022,226.4882759573402
F42022,20,EAO,1023,175.14664884123897
F42022,20,EAO,1024,239.44017836452554
F42022,20,EAO,1025,201.14956886034133
F42022,20,EAO,1026,152.2357913581883
F42022,20,EAO,1027,232.48928795940583
F42022,20,EAO,1028,249.52519490972554
F42022,20,EAO,1029,185.91303311166826
F42022,20,RS-EAO(centroid),1000,199.78745232770893
F42022,20,RS-EAO(centroid),1001,108.71763806578304
F42022,20,RS-EAO(centroid),1002,154.75721595116875
F42022,20,RS-EAO(centroid),1003,176.2526720678353
F42022,20,RS-EAO(centroid),1004,212.15061594330268
F42022,20,RS-EAO(centroid),1005,197.31280881936425
F42022,20,RS-EAO(centroid),1006,266.0167228660241
F42022,20,RS-EAO(centroid),1007,221.65108831944622
F42022,20,RS-EAO(centroid),1008,222.81243853559613
F42022,20,RS-EAO(centroid),1009,188.06183969560993
F42022,20,RS-EAO(centroid),1010,196.75598337616475
F42022,20,RS-EAO(centroid),1011,226.670319808125
F42022,20,RS-EAO(centroid),1012,197.76546906976432
F42022,20,RS-EAO(centroid),1013,154.6282798056517
F42022,20,RS-EAO(centroid),1014,191.00450239849488
F42022,20,RS-EAO(centroid),1015,261.85791993818066
F42022,20,RS-EAO(centroid),1016,203.01765315099715
F42022,20,RS-EAO(centroid),1017,183.882410540524
F42022,20,RS-EAO(centroid),1018,181.80210677538594
F42022,20,RS-EAO(centroid),1019,163.55674121644518
F42022,20,RS-EAO(centroid),1020,206.9855003890633
F42022,20,RS-EAO(centroid),1021,130.45602948563135
F42022,20,RS-EAO(centroid),1022,165.9347406167842
F42022,20,RS-EAO(centroid),1023,92.33126737013606
F42022,20,RS-EAO(centroid),1024,238.59631066548036
F42022,20,RS-EAO(centroid),1025,194.8432532391397
F42022,20,RS-EAO(centroid),1026,152.22836144379698
F42022,20,RS-EAO(centroid),1027,178.28595803555925
F42022,20,RS-EAO(centroid),1028,161.03935987735872
F42022,20,RS-EAO(centroid),1029,227.56193647402552
F42022,20,RS-EAO(sched),1000,162.3280227763587
F42022,20,RS-EAO(sched),1001,146.43441570274172
F42022,20,RS-EAO(sched),1002,160.54980019275058
F42022,20,RS-EAO(sched),1003,146.93141822651478
F42022,20,RS-EAO(sched),1004,200.89133776989593
F42022,20,RS-EAO(sched),1005,171.07623147694062
F42022,20,RS-EAO(sched),1006,222.39674851254517
F42022,20,RS-EAO(sched),1007,152.6751024316211
F42022,20,RS-EAO(sched),1008,152.63365286378098
F42022,20,RS-EAO(sched),1009,186.46301543028972
F42022,20,RS-EAO(sched),1010,157.3355680232329
F42022,20,RS-EAO(sched),1011,223.47614261241074
F42022,20,RS-EAO(sched),1012,212.38278467637122
F42022,20,RS-EAO(sched),1013,173.65381573609807
F42022,20,RS-EAO(sched),1014,116.4678723494651
F42022,20,RS-EAO(sched),1015,218.4310149675581
F42022,20,RS-EAO(sched),1016,168.99831376032853
F42022,20,RS-EAO(sched),1017,221.5098210506078
F42022,20,RS-EAO(sched),1018,198.9919127402586
F42022,20,RS-EAO(sched),1019,165.93987765934116
F42022,20,RS-EAO(sched),1020,190.15991312751976
F42022,20,RS-EAO(sched),1021,110.64018102527757
F42022,20,RS-EAO(sched),1022,206.41760746096452
F42022,20,RS-EAO(sched),1023,175.86535064093187
F42022,20,RS-EAO(sched),1024,222.19216906884913
F42022,20,RS-EAO(sched),1025,203.8509631466195
F42022,20,RS-EAO(sched),1026,157.90108201461362
F42022,20,RS-EAO(sched),1027,105.92388047872373
F42022,20,RS-EAO(sched),1028,145.14501326371192
F42022,20,RS-EAO(sched),1029,207.61822478485385
F52022,20,EAO,1000,0.8234282143847622
F52022,20,EAO,1001,1.00190822632635
F52022,20,EAO,1002,0.7351471062157771
F52022,20,EAO,1003,1.4863710983379406
F52022,20,EAO,1004,0.7491380197789113
F52022,20,EAO,1005,0.9036910398144755
F52022,20,EAO,1006,1.9774550819884098
F52022,20,EAO,1007,1.739241264271186
F52022,20,EAO,1008,1.1802831489455912
F52022,20,EAO,1009,1.2301601579209773
F52022,20,EAO,1010,2.449475510437196
F52022,20,EAO,1011,1.1971313799566587
F52022,20,EAO,1012,1.542532464330634
F52022,20,EAO,1013,1.1389492436795763
F52022,20,EAO,1014,0.635004738149064
F52022,20,EAO,1015,0.5490293237021433
F52022,20,EAO,1016,1.2731835076676816
F52022,20,EAO,1017,0.6363607886838736
F52022,20,EAO,1018,0.2245063034438317
F52022,20,EAO,1019,0.1807744188865854
F52022,20,EAO,1020,0.5468503273992837
F52022,20,EAO,1021,0.7318958208821869
F52022,20,EAO,1022,1.088132522557089
F52022,20,EAO,1023,1.0019074584747614
F52022,20,EAO,1024,0.7243126828072946
F52022,20,EAO,1025,0.008482423195573574
F52022,20,EAO,1026,1.2811699641637233
F52022,20,EAO,1027,0.7243869700553205
F52022,20,EAO,1028,0.27061309406235523
F52022,20,EAO,1029,1.0934817925102607
F52022,20,RS-EAO(centroid),1000,2.341621438972652e-07
F52022,20,RS-EAO(centroid),1001,0.633381477241187
F52022,20,RS-EAO(centroid),1002,2.1586722407129173
F52022,20,RS-EAO(centroid),1003,0.5438523755849474
F52022,20,RS-EAO(centroid),1004,0.08952825055030189
F52022,20,RS-EAO(centroid),1005,0.45432402303072195
F52022,20,RS-EAO(centroid),1006,0.9981776153082365
F52022,20,RS-EAO(centroid),1007,1.0877107984393888
F52022,20,RS-EAO(centroid),1008,1.9963916529952712
F52022,20,RS-EAO(centroid),1009,1.9069852025301088
F52022,20,RS-EAO(centroid),1010,0.7229089154657231
F52022,20,RS-EAO(centroid),1011,3.56180862581823e-10
F52022,20,RS-EAO(centroid),1012,0.9086491742548333
F52022,20,RS-EAO(centroid),1013,0.5438523293556727
F52022,20,RS-EAO(centroid),1014,1.6315568529134907
F52022,20,RS-EAO(centroid),1015,0.7229088609030896
F52022,20,RS-EAO(centroid),1016,0.5438529742511946
F52022,20,RS-EAO(centroid),1017,0.9091331827859221
F52022,20,RS-EAO(centroid),1018,0.5438527376643378
F52022,20,RS-EAO(centroid),1019,0.17905650619331936
F52022,20,RS-EAO(centroid),1020,1.542028735996496
F52022,20,RS-EAO(centroid),1021,1.8106276575332458
F52022,20,RS-EAO(centroid),1022,0.08952836583330281
F52022,20,RS-EAO(centroid),1023,0.08952825752260196
F52022,20,RS-EAO(centroid),1024,0.63338053139762
F52022,20,RS-EAO(centroid),1025,0.35811323516634275
F52022,20,RS-EAO(centroid),1026,1.4527139795080757
F52022,20,RS-EAO(centroid),1027,1.1772327921189571
F52022,20,RS-EAO(centroid),1028,0.5438533192143495
F52022,20,RS-EAO(centroid),1029,0.08952825087385463
F52022,20,RS-EAO(sched),1000,1.5420289351076235
F52022,20,RS-EAO(sched),1001,0.9981898043728279
F52022,20,RS-EAO(sched),1002,2.3612083076579893
F52022,20,RS-EAO(sched),1003,0.6333805718719532
F52022,20,RS-EAO(sched),1004,0.633380519798493
F52022,20,RS-EAO(sched),1005,0.6333805469168965
F52022,20,RS-EAO(sched),1006,1.4525006827140032
F52022,20,RS-EAO(sched),1007,0.9019652739477806
F52022,20,RS-EAO(sched),1008,0.4546891339900867
F52022,20,RS-EAO(sched),1009,1.631556919008176
F52022,20,RS-EAO(sched),1010,0.5438528130597433
F52022,20,RS-EAO(sched),1011,0.5371696024121775
F52022,20,RS-EAO(sched),1012,0.5438534125969454
F52022,20,RS-EAO(sched),1013,1.0877485844761168
F52022,20,RS-EAO(sched),1014,2.540441361094622
F52022,20,RS-EAO(sched),1015,1.3629771062828695
F52022,20,RS-EAO(sched),1016,0.9086485822891746
F52022,20,RS-EAO(sched),1017,0.7229157890296847
F52022,20,RS-EAO(sched),1018,0.45434223356153325
F52022,20,RS-EAO(sched),1019,1.362982859629824
F52022,20,RS-EAO(sched),1020,1.906824833469841
F52022,20,RS-EAO(sched),1021,0.7229102206130165
F52022,20,RS-EAO(sched),1022,1.4525302971831024
F52022,20,RS-EAO(sched),1023,0.9108303638232655
F52022,20,RS-EAO(sched),1024,1.3629720581411675
F52022,20,RS-EAO(sched),1025,0.7229089535630919
F52022,20,RS-EAO(sched),1026,1.906924279380064
F52022,20,RS-EAO(sched),1027,1.5420286468456652
F52022,20,RS-EAO(sched),1028,1.1772615518664225
F52022,20,RS-EAO(sched),1029,0.543852693282588
F62022,20,EAO,1000,60870.15409900133
F62022,20,EAO,1001,69742.10401040473
F62022,20,EAO,1002,69339.36192973879
F62022,20,EAO,1003,44655.69830791817
F62022,20,EAO,1004,56884.970047516326
F62022,20,EAO,1005,52862.322060064915
F62022,20,EAO,1006,74105.192484335
F62022,20,EAO,1007,52359.35852521742
F62022,20,EAO,1008,19770.32457261711
F62022,20,EAO,1009,46869.246383133024
F62022,20,EAO,1010,29293.989007563257
F62022,20,EAO,1011,42817.73893479243
F62022,20,EAO,1012,41513.04857504295
F62022,20,EAO,1013,41064.83179606407
F62022,20,EAO,1014,41190.50306681845
F62022,20,EAO,1015,32511.726072777026
F62022,20,EAO,1016,93106.42882890775
F62022,20,EAO,1017,53258.43261154459
F62022,20,EAO,1018,46490.26078748188
F62022,20,EAO,1019,30418.121195634427
F62022,20,EAO,1020,70319.45371246585
F62022,20,EAO,1021,51902.41247099981
F62022,20,EAO,1022,36459.93973311334
F62022,20,EAO,1023,73143.09839834926
F62022,20,EAO,1024,61480.75312049285
F62022,20,EAO,1025,53419.79098663121
F62022,20,EAO,1026,71714.05440178166
F62022,20,EAO,1027,81050.8545596166
F62022,20,EAO,1028,54763.394101415455
F62022,20,EAO,1029,55400.027475121715
F62022,20,RS-EAO(centroid),1000,77325.84391357066
F62022,20,RS-EAO(centroid),1001,98623.91319193992
F62022,20,RS-EAO(centroid),1002,80021.58487140312
F62022,20,RS-EAO(centroid),1003,45343.21379042977
F62022,20,RS-EAO(centroid),1004,63533.859225830805
F62022,20,RS-EAO(centroid),1005,66288.42971987202
F62022,20,RS-EAO(centroid),1006,39706.92265162778
F62022,20,RS-EAO(centroid),1007,61317.43781938536
F62022,20,RS-EAO(centroid),1008,14092.885334792605
F62022,20,RS-EAO(centroid),1009,37879.51767785413
F62022,20,RS-EAO(centroid),1010,35695.410733837896
F62022,20,RS-EAO(centroid),1011,95928.29626204356
F62022,20,RS-EAO(centroid),1012,19002.169268261267
F62022,20,RS-EAO(centroid),1013,46236.201134536204
F62022,20,RS-EAO(centroid),1014,51847.78285148228
F62022,20,RS-EAO(centroid),1015,24791.16189541239
F62022,20,RS-EAO(centroid),1016,95113.84194137258
F62022,20,RS-EAO(centroid),1017,55559.76142419742
F62022,20,RS-EAO(centroid),1018,39178.702629634645
F62022,20,RS-EAO(centroid),1019,40735.452285407984
F62022,20,RS-EAO(centroid),1020,89192.01577107907
F62022,20,RS-EAO(centroid),1021,88561.12982294541
F62022,20,RS-EAO(centroid),1022,22517.681247327164
F62022,20,RS-EAO(centroid),1023,32299.619644407634
F62022,20,RS-EAO(centroid),1024,97329.41109210144
F62022,20,RS-EAO(centroid),1025,52626.584398917475
F62022,20,RS-EAO(centroid),1026,71815.41638443155
F62022,20,RS-EAO(centroid),1027,43581.32397936868
F62022,20,RS-EAO(centroid),1028,56366.705198338954
F62022,20,RS-EAO(centroid),1029,80122.71565973034
F62022,20,RS-EAO(sched),1000,16413.60350464707
F62022,20,RS-EAO(sched),1001,30891.416631386273
F62022,20,RS-EAO(sched),1002,70779.0215344194
F62022,20,RS-EAO(sched),1003,44552.79568988554
F62022,20,RS-EAO(sched),1004,28817.312664406203
F62022,20,RS-EAO(sched),1005,47359.8565073959
F62022,20,RS-EAO(sched),1006,47923.05692969569
F62022,20,RS-EAO(sched),1007,54303.03262758573
F62022,20,RS-EAO(sched),1008,57272.11723527775
F62022,20,RS-EAO(sched),1009,37030.4627180286
F62022,20,RS-EAO(sched),1010,21688.93900434424
F62022,20,RS-EAO(sched),1011,54694.88265300863
F62022,20,RS-EAO(sched),1012,23492.748822263773
F62022,20,RS-EAO(sched),1013,29983.267788715097
F62022,20,RS-EAO(sched),1014,25452.170394210487
F62022,20,RS-EAO(sched),1015,35627.17604179308
F62022,20,RS-EAO(sched),1016,21434.242768379383
F62022,20,RS-EAO(sched),1017,54695.372375695224
F62022,20,RS-EAO(sched),1018,32386.07810661973
F62022,20,RS-EAO(sched),1019,23605.104046915032
F62022,20,RS-EAO(sched),1020,59855.24490586832
F62022,20,RS-EAO(sched),1021,48252.91002938886
F62022,20,RS-EAO(sched),1022,27632.354500644666
F62022,20,RS-EAO(sched),1023,51266.48879325382
F62022,20,RS-EAO(sched),1024,83550.83397023159
F62022,20,RS-EAO(sched),1025,33410.55061866806
F62022,20,RS-EAO(sched),1026,37589.4162609182
F62022,20,RS-EAO(sched),1027,58664.332050155084
F62022,20,RS-EAO(sched),1028,18834.372924574138
F62022,20,RS-EAO(sched),1029,54992.248914648255
F72022,20,EAO,1000,46.52420878727071
F72022,20,EAO,1001,46.691245590484414
F72022,20,EAO,1002,42.69545765014777
F72022,20,EAO,1003,107.52820616736744
F72022,20,EAO,1004,62.66181075370696
F72022,20,EAO,1005,76.73134760371931
F72022,20,EAO,1006,48.74619746707958
F72022,20,EAO,1007,48.803555893423436
F72022,20,EAO,1008,39.109141510223935
F72022,20,EAO,1009,47.9410540150368
F72022,20,EAO,1010,126.40497500493302
F72022,20,EAO,1011,119.65402527651213
F72022,20,EAO,1012,37.33856222113059
F72022,20,EAO,1013,62.74615853345995
F72022,20,EAO,1014,66.15914685133566
F72022,20,EAO,1015,42.34348319313267
F72022,20,EAO,1016,51.35570012546077
F72022,20,EAO,1017,54.66379552775334
F72022,20,EAO,1018,60.65170445194235
F72022,20,EAO,1019,47.547570358308576
F72022,20,EAO,1020,58.903648636237904
F72022,20,EAO,1021,83.28119733055973
F72022,20,EAO,1022,46.53316142440599
F72022,20,EAO,1023,62.672624692038426
F72022,20,EAO,1024,58.510930194863704
F72022,20,EAO,1025,41.702476076078256
F72022,20,EAO,1026,51.41738004547824
F72022,20,EAO,1027,83.00173985258243
F72022,20,EAO,1028,62.55868921987303
F72022,20,EAO,1029,97.42690876196684
F72022,20,RS-EAO(centroid),1000,70.56128252485587
F72022,20,RS-EAO(centroid),1001,47.6817892949407
F72022,20,RS-EAO(centroid),1002,61.560867751202295
F72022,20,RS-EAO(centroid),1003,57.564217689961424
F72022,20,RS-EAO(centroid),1004,48.28519210294644
F72022,20,RS-EAO(centroid),1005,106.81490124448328
F72022,20,RS-EAO(centroid),1006,55.45454004472049
F72022,20,RS-EAO(centroid),1007,60.64417384319222
F72022,20,RS-EAO(centroid),1008,78.89527351947936
F72022,20,RS-EAO(centroid),1009,51.37288353804388
F72022,20,RS-EAO(centroid),1010,104.80455463984936
F72022,20,RS-EAO(centroid),1011,65.14397919994644
F72022,20,RS-EAO(centroid),1012,80.98641683040614
F72022,20,RS-EAO(centroid),1013,52.54872163925393
F72022,20,RS-EAO(centroid),1014,48.25488005161333
F72022,20,RS-EAO(centroid),1015,67.79894718359446
F72022,20,RS-EAO(centroid),1016,41.60696489248812
F72022,20,RS-EAO(centroid),1017,40.983228441966276
F72022,20,RS-EAO(centroid),1018,56.361288292177505
F72022,20,RS-EAO(centroid),1019,88.6025158518105
F72022,20,RS-EAO(centroid),1020,55.03005209997309
F72022,20,RS-EAO(centroid),1021,48.82219529127542
F72022,20,RS-EAO(centroid),1022,104.40932783511425
F72022,20,RS-EAO(centroid),1023,608.9424101793402
F72022,20,RS-EAO(centroid),1024,58.09681519324613
F72022,20,RS-EAO(centroid),1025,71.24199300614373
F72022,20,RS-EAO(centroid),1026,43.49726710601931
F72022,20,RS-EAO(centroid),1027,53.17299492549273
F72022,20,RS-EAO(centroid),1028,122.75850272471462
F72022,20,RS-EAO(centroid),1029,74.51198603185412
F72022,20,RS-EAO(sched),1000,65.0197128389159
F72022,20,RS-EAO(sched),1001,77.2525719297173
F72022,20,RS-EAO(sched),1002,69.6730624319398
F72022,20,RS-EAO(sched),1003,58.14681603560484
F72022,20,RS-EAO(sched),1004,57.58138437315347
F72022,20,RS-EAO(sched),1005,49.76526689626007
F72022,20,RS-EAO(sched),1006,70.9593388545818
F72022,20,RS-EAO(sched),1007,62.9763681437762
F72022,20,RS-EAO(sched),1008,162.92565159680953
F72022,20,RS-EAO(sched),1009,61.89010161740316
F72022,20,RS-EAO(sched),1010,48.333016925229
F72022,20,RS-EAO(sched),1011,47.18966778975209
F72022,20,RS-EAO(sched),1012,38.91175286995394
F72022,20,RS-EAO(sched),1013,75.25384206631452
F72022,20,RS-EAO(sched),1014,63.23899782031913
F72022,20,RS-EAO(sched),1015,55.69737444498696
F72022,20,RS-EAO(sched),1016,47.755053639027665
F72022,20,RS-EAO(sched),1017,45.301880608682495
F72022,20,RS-EAO(sched),1018,44.84691674268697
F72022,20,RS-EAO(sched),1019,52.45379685911348
F72022,20,RS-EAO(sched),1020,54.15776724204807
F72022,20,RS-EAO(sched),1021,57.65982126952849
F72022,20,RS-EAO(sched),1022,56.692908413410805
F72022,20,RS-EAO(sched),1023,53.959665216502344
F72022,20,RS-EAO(sched),1024,48.801877255845284
F72022,20,RS-EAO(sched),1025,53.11490262315965
F72022,20,RS-EAO(sched),1026,61.554355000376745
F72022,20,RS-EAO(sched),1027,87.5609978721377
F72022,20,RS-EAO(sched),1028,53.12047293469368
F72022,20,RS-EAO(sched),1029,46.849205442973016
F82022,20,EAO,1000,60.089986117754506
F82022,20,EAO,1001,28.72155378039315
F82022,20,EAO,1002,39.78743079243077
F82022,20,EAO,1003,63.7776722316753
F82022,20,EAO,1004,46.000555713095764
F82022,20,EAO,1005,32.63309861026846
F82022,20,EAO,1006,87.7594284165707
F82022,20,EAO,1007,68.89721228612234
F82022,20,EAO,1008,89.27099208308664
F82022,20,EAO,1009,46.41225339501352
F82022,20,EAO,1010,30.33294351273753
F82022,20,EAO,1011,231.0985185950799
F82022,20,EAO,1012,90.75620648136328
F82022,20,EAO,1013,155.67715616262194
F82022,20,EAO,1014,40.653949801073395
F82022,20,EAO,1015,45.789629577507185
F82022,20,EAO,1016,38.75189482608812
F82022,20,EAO,1017,55.93721224227738
F82022,20,EAO,1018,33.63851791358229
F82022,20,EAO,1019,64.58535655558944
F82022,20,EAO,1020,38.47783025666968
F82022,20,EAO,1021,34.42179528893075
F82022,20,EAO,1022,28.943392154484172
F82022,20,EAO,1023,31.92699156312574
F82022,20,EAO,1024,39.39568575311887
F82022,20,EAO,1025,225.47625386547816
F82022,20,EAO,1026,61.235694496042925
F82022,20,EAO,1027,111.11652481864394
F82022,20,EAO,1028,52.9905870524758
F82022,20,EAO,1029,31.79387643485279
F82022,20,RS-EAO(centroid),1000,29.61866313377641
F82022,20,RS-EAO(centroid),1001,26.88442446402314
F82022,20,RS-EAO(centroid),1002,42.97930028456449
F82022,20,RS-EAO(centroid),1003,29.830659512542297
F82022,20,RS-EAO(centroid),1004,50.778429915797005
F82022,20,RS-EAO(centroid),1005,32.39469379514503
F82022,20,RS-EAO(centroid),1006,703.3809960238532
F82022,20,RS-EAO(centroid),1007,35.73417925122567
F82022,20,RS-EAO(centroid),1008,148.55921688530634
F82022,20,RS-EAO(centroid),1009,130.12638549263647
F82022,20,RS-EAO(centroid),1010,30.878269913815075
F82022,20,RS-EAO(centroid),1011,331.42843532536153
F82022,20,RS-EAO(centroid),1012,47.311859424697104
F82022,20,RS-EAO(centroid),1013,43.072330180847985
F82022,20,RS-EAO(centroid),1014,119.81313187293972
F82022,20,RS-EAO(centroid),1015,38.444540824500564
F82022,20,RS-EAO(centroid),1016,30.22067847626613
F82022,20,RS-EAO(centroid),1017,387.6636013132029
F82022,20,RS-EAO(centroid),1018,44.49713239282573
F82022,20,RS-EAO(centroid),1019,41.298069885185214
F82022,20,RS-EAO(centroid),1020,1095.5081294491874
F82022,20,RS-EAO(centroid),1021,34.09181511072347
F82022,20,RS-EAO(centroid),1022,1290.5676741861207
F82022,20,RS-EAO(centroid),1023,32.19248983334728
F82022,20,RS-EAO(centroid),1024,36.64452473525671
F82022,20,RS-EAO(centroid),1025,36.09739642675686
F82022,20,RS-EAO(centroid),1026,29.47528574766511
F82022,20,RS-EAO(centroid),1027,28.719307807522
F82022,20,RS-EAO(centroid),1028,33.1253831580575
F82022,20,RS-EAO(centroid),1029,36.77039900714635
F82022,20,RS-EAO(sched),1000,29.104094949619594
F82022,20,RS-EAO(sched),1001,27.01076504050343
F82022,20,RS-EAO(sched),1002,47.19717690425523
F82022,20,RS-EAO(sched),1003,80.16216354388598
F82022,20,RS-EAO(sched),1004,47.67454763918431
F82022,20,RS-EAO(sched),1005,37.94314377018645
F82022,20,RS-EAO(sched),1006,26.17736359471155
F82022,20,RS-EAO(sched),1007,71.82770975848052
F82022,20,RS-EAO(sched),1008,57.90211988956298
F82022,20,RS-EAO(sched),1009,44.08042994374182
F82022,20,RS-EAO(sched),1010,28.807019344759283
F82022,20,RS-EAO(sched),1011,26.893937187798656
F82022,20,RS-EAO(sched),1012,42.60442404611695
F82022,20,RS-EAO(sched),1013,36.87651835381439
F82022,20,RS-EAO(sched),1014,29.5284274846681
F82022,20,RS-EAO(sched),1015,30.931264865642788
F82022,20,RS-EAO(sched),1016,26.464065112963908
F82022,20,RS-EAO(sched),1017,31.127440516028855
F82022,20,RS-EAO(sched),1018,31.780321315281526
F82022,20,RS-EAO(sched),1019,28.621947513499435
F82022,20,RS-EAO(sched),1020,96.93645195491808
F82022,20,RS-EAO(sched),1021,29.449106975280756
F82022,20,RS-EAO(sched),1022,35.31544966921729
F82022,20,RS-EAO(sched),1023,39.60695236517813
F82022,20,RS-EAO(sched),1024,36.16584325498752
F82022,20,RS-EAO(sched),1025,28.029841546738226
F82022,20,RS-EAO(sched),1026,29.11673999851928
F82022,20,RS-EAO(sched),1027,40.96999744123377
F82022,20,RS-EAO(sched),1028,45.080455909628654
F82022,20,RS-EAO(sched),1029,69.68767989224807
F92022,20,EAO,1000,370.5782596756367
F92022,20,EAO,1001,342.6804143528516
F92022,20,EAO,1002,346.8547646213019
F92022,20,EAO,1003,340.79529998598537
F92022,20,EAO,1004,339.3790360224484
F92022,20,EAO,1005,342.45840171954615
F92022,20,EAO,1006,337.850607684295
F92022,20,EAO,1007,377.36404436877183
F92022,20,EAO,1008,338.44567921876387
F92022,20,EAO,1009,339.76271600880864
F92022,20,EAO,1010,345.7905761992665
F92022,20,EAO,1011,344.0900058540674
F92022,20,EAO,1012,348.8362656235454
F92022,20,EAO,1013,351.3516681622623
F92022,20,EAO,1014,336.2218307158587
F92022,20,EAO,1015,344.0519401436927
F92022,20,EAO,1016,337.8246432339806
F92022,20,EAO,1017,350.70743115826735
F92022,20,EAO,1018,350.54439789578464
F92022,20,EAO,1019,337.639879982959
F92022,20,EAO,1020,341.54731446423875
F92022,20,EAO,1021,342.817404245312
F92022,20,EAO,1022,338.66570124052623
F92022,20,EAO,1023,338.92928941835453
F92022,20,EAO,1024,384.4548998848077
F92022,20,EAO,1025,335.8236246250681
F92022,20,EAO,1026,337.18925826133864
F92022,20,EAO,1027,356.36126167161547
F92022,20,EAO,1028,340.3416337024546
F92022,20,EAO,1029,342.0430731483689
F92022,20,RS-EAO(centroid),1000,335.63889929741526
F92022,20,RS-EAO(centroid),1001,335.7955792380608
F92022,20,RS-EAO(centroid),1002,335.81296432757335
F92022,20,RS-EAO(centroid),1003,335.6699072037409
F92022,20,RS-EAO(centroid),1004,335.6388467461302
F92022,20,RS-EAO(centroid),1005,335.64672021839806
F92022,20,RS-EAO(centroid),1006,335.6387821611179
F92022,20,RS-EAO(centroid),1007,337.77027460065256
F92022,20,RS-EAO(centroid),1008,335.63990128001114
F92022,20,RS-EAO(centroid),1009,335.64495875484863
F92022,20,RS-EAO(centroid),1010,335.6387820539412
F92022,20,RS-EAO(centroid),1011,335.7599205928436
F92022,20,RS-EAO(centroid),1012,335.64166650099287
F92022,20,RS-EAO(centroid),1013,335.6388374876733
F92022,20,RS-EAO(centroid),1014,335.67706149148034
F92022,20,RS-EAO(centroid),1015,335.84006985756287
F92022,20,RS-EAO(centroid),1016,335.6976324140883
F92022,20,RS-EAO(centroid),1017,335.7555934526631
F92022,20,RS-EAO(centroid),1018,344.41571720879256
F92022,20,RS-EAO(centroid),1019,335.75108827915756
F92022,20,RS-EAO(centroid),1020,335.63881320854216
F92022,20,RS-EAO(centroid),1021,335.6404047768615
F92022,20,RS-EAO(centroid),1022,342.4127424427861
F92022,20,RS-EAO(centroid),1023,342.0015939568889
F92022,20,RS-EAO(centroid),1024,341.58261176711676
F92022,20,RS-EAO(centroid),1025,342.35726342241287
F92022,20,RS-EAO(centroid),1026,335.6762363241737
F92022,20,RS-EAO(centroid),1027,335.63885531406777
F92022,20,RS-EAO(centroid),1028,335.8055333103989
F92022,20,RS-EAO(centroid),1029,335.6687445858861
F92022,20,RS-EAO(sched),1000,335.63877674817513
F92022,20,RS-EAO(sched),1001,335.63877275740924
F92022,20,RS-EAO(sched),1002,335.63877720585697
F92022,20,RS-EAO(sched),1003,335.6400344430672
F92022,20,RS-EAO(sched),1004,335.6388099719402
F92022,20,RS-EAO(sched),1005,335.6390723369459
F92022,20,RS-EAO(sched),1006,335.7618502262799
F92022,20,RS-EAO(sched),1007,335.6387843552702
F92022,20,RS-EAO(sched),1008,335.6402406541688
F92022,20,RS-EAO(sched),1009,335.63880906954455
F92022,20,RS-EAO(sched),1010,335.7219831760708
F92022,20,RS-EAO(sched),1011,335.6581102348255
F92022,20,RS-EAO(sched),1012,335.6389665253396
F92022,20,RS-EAO(sched),1013,335.638788517143
F92022,20,RS-EAO(sched),1014,335.639532936812
F92022,20,RS-EAO(sched),1015,335.6387998927885
F92022,20,RS-EAO(sched),1016,335.63912086410164
F92022,20,RS-EAO(sched),1017,335.63927944657644
F92022,20,RS-EAO(sched),1018,335.64070764851476
F92022,20,RS-EAO(sched),1019,335.6391169243225
F92022,20,RS-EAO(sched),1020,335.63896126700183
F92022,20,RS-EAO(sched),1021,335.6389469024207
F92022,20,RS-EAO(sched),1022,335.90691286695574
F92022,20,RS-EAO(sched),1023,335.7924855254487
F92022,20,RS-EAO(sched),1024,335.6769270722971
F92022,20,RS-EAO(sched),1025,335.66760935373486
F92022,20,RS-EAO(sched),1026,342.00099850135393
F92022,20,RS-EAO(sched),1027,335.6388688551174
F92022,20,RS-EAO(sched),1028,335.6475870146005
F92022,20,RS-EAO(sched),1029,335.63877907987126
F102022,20,EAO,1000,411.5789817796094
F102022,20,EAO,1001,433.98629768126375
F102022,20,EAO,1002,4627.049942212354
F102022,20,EAO,1003,418.67525326726627
F102022,20,EAO,1004,631.1230452095933
F102022,20,EAO,1005,404.7811580888665
F102022,20,EAO,1006,4430.418155233348
F102022,20,EAO,1007,545.7494569461392
F102022,20,EAO,1008,594.9179774010286
F102022,20,EAO,1009,413.77484463573273
F102022,20,EAO,1010,4247.277335975101
F102022,20,EAO,1011,422.0981896510675
F102022,20,EAO,1012,631.1670833130042
F102022,20,EAO,1013,416.1704140428187
F102022,20,EAO,1014,4382.48755460216
F102022,20,EAO,1015,4372.59269101659
F102022,20,EAO,1016,572.7720768921336
F102022,20,EAO,1017,413.927919317483
F102022,20,EAO,1018,413.1558061298456
F102022,20,EAO,1019,4177.961635550704
F102022,20,EAO,1020,430.51015858926803
F102022,20,EAO,1021,406.62782555455397
F102022,20,EAO,1022,405.28009701433166
F102022,20,EAO,1023,4742.898485616545
F102022,20,EAO,1024,3898.5032609662576
F102022,20,EAO,1025,4586.460038612182
F102022,20,EAO,1026,416.97979635079037
F102022,20,EAO,1027,4482.081653034465
F102022,20,EAO,1028,401.8832156474882
F102022,20,EAO,1029,575.3778785541167
F102022,20,RS-EAO(centroid),1000,4270.820250726995
F102022,20,RS-EAO(centroid),1001,402.8383740255108
F102022,20,RS-EAO(centroid),1002,4391.826529316766
F102022,20,RS-EAO(centroid),1003,402.1859475239962
F102022,20,RS-EAO(centroid),1004,408.4472827593736
F102022,20,RS-EAO(centroid),1005,408.66951186903543
F102022,20,RS-EAO(centroid),1006,4072.800064929492
F102022,20,RS-EAO(centroid),1007,4384.5123307637705
F102022,20,RS-EAO(centroid),1008,401.51816375814815
F102022,20,RS-EAO(centroid),1009,413.03947357432435
F102022,20,RS-EAO(centroid),1010,4625.853737417128
F102022,20,RS-EAO(centroid),1011,637.0418410059019
F102022,20,RS-EAO(centroid),1012,4851.866880486924
F102022,20,RS-EAO(centroid),1013,4336.538511383328
F102022,20,RS-EAO(centroid),1014,4056.517337413655
F102022,20,RS-EAO(centroid),1015,409.13609254368293
F102022,20,RS-EAO(centroid),1016,4047.677911670815
F102022,20,RS-EAO(centroid),1017,412.3773101641127
F102022,20,RS-EAO(centroid),1018,549.1521289751568
F102022,20,RS-EAO(centroid),1019,576.325941491571
F102022,20,RS-EAO(centroid),1020,411.7534970587317
F102022,20,RS-EAO(centroid),1021,563.6402242253193
F102022,20,RS-EAO(centroid),1022,411.5949773303646
F102022,20,RS-EAO(centroid),1023,4531.05599770496
F102022,20,RS-EAO(centroid),1024,4688.06548203554
F102022,20,RS-EAO(centroid),1025,3913.953598268865
F102022,20,RS-EAO(centroid),1026,412.570894694004
F102022,20,RS-EAO(centroid),1027,626.3885704973627
F102022,20,RS-EAO(centroid),1028,409.2420674392547
F102022,20,RS-EAO(centroid),1029,4515.784539921011
F102022,20,RS-EAO(sched),1000,4404.420074214983
F102022,20,RS-EAO(sched),1001,408.51180152039524
F102022,20,RS-EAO(sched),1002,411.17104115353595
F102022,20,RS-EAO(sched),1003,409.28431053006125
F102022,20,RS-EAO(sched),1004,617.0734825438344
F102022,20,RS-EAO(sched),1005,508.90447483633216
F102022,20,RS-EAO(sched),1006,2500.9069353147825
F102022,20,RS-EAO(sched),1007,411.4283978793237
F102022,20,RS-EAO(sched),1008,403.95441582748344
F102022,20,RS-EAO(sched),1009,404.0582346212
F102022,20,RS-EAO(sched),1010,3947.8550566485683
F102022,20,RS-EAO(sched),1011,405.50858635986106
F102022,20,RS-EAO(sched),1012,4715.890213333734
F102022,20,RS-EAO(sched),1013,4789.656925275111
F102022,20,RS-EAO(sched),1014,409.14365824115794
F102022,20,RS-EAO(sched),1015,546.8523004338822
F102022,20,RS-EAO(sched),1016,407.567151235628
F102022,20,RS-EAO(sched),1017,407.9104166544739
F102022,20,RS-EAO(sched),1018,424.6983328706624
F102022,20,RS-EAO(sched),1019,557.4561927089221
F102022,20,RS-EAO(sched),1020,410.0303823295867
F102022,20,RS-EAO(sched),1021,600.30669809438
F102022,20,RS-EAO(sched),1022,407.0919934509402
F102022,20,RS-EAO(sched),1023,560.2197116354259
F102022,20,RS-EAO(sched),1024,407.6234257463375
F102022,20,RS-EAO(sched),1025,544.1283577191061
F102022,20,RS-EAO(sched),1026,419.31010556344245
F102022,20,RS-EAO(sched),1027,413.2810314522244
F102022,20,RS-EAO(sched),1028,417.49874819231536
F102022,20,RS-EAO(sched),1029,550.3661537028047
F112022,20,EAO,1000,11.145427246139661
F112022,20,EAO,1001,8.673972674247125
F112022,20,EAO,1002,0.8502168524864828
F112022,20,EAO,1003,0.46592321209936927
F112022,20,EAO,1004,8.348949133247515
F112022,20,EAO,1005,0.239153537256243
F112022,20,EAO,1006,4.295818898498055
F112022,20,EAO,1007,0.8763077388293823
F112022,20,EAO,1008,2.404460887663845
F112022,20,EAO,1009,0.9043257052712761
F112022,20,EAO,1010,0.17949146177761577
F112022,20,EAO,1011,0.9098450250453425
F112022,20,EAO,1012,1.415412763426957
F112022,20,EAO,1013,0.41025008248243466
F112022,20,EAO,1014,7.118749495681186
F112022,20,EAO,1015,2.76781940785213
F112022,20,EAO,1016,8.34398788535691
F112022,20,EAO,1017,3.8459459777259326
F112022,20,EAO,1018,5.3580928680166835
F112022,20,EAO,1019,1.2150087898417041
F112022,20,EAO,1020,0.9623469399384703
F112022,20,EAO,1021,29.457438946747516
F112022,20,EAO,1022,0.38989488781862747
F112022,20,EAO,1023,20.244342388638415
F112022,20,EAO,1024,1573.2733652609659
F112022,20,EAO,1025,0.19732366186690342
F112022,20,EAO,1026,10.018571067862922
F112022,20,EAO,1027,17.177027915487997
F112022,20,EAO,1028,17.174754870527522
F112022,20,EAO,1029,3.9189469452721823
F112022,20,RS-EAO(centroid),1000,0.004102816055819858
F112022,20,RS-EAO(centroid),1001,206.54081827909795
F112022,20,RS-EAO(centroid),1002,2.1948244466329925e-06
F112022,20,RS-EAO(centroid),1003,4.645124281119934
F112022,20,RS-EAO(centroid),1004,13.908678694971513
F112022,20,RS-EAO(centroid),1005,1291.2784084346736
F112022,20,RS-EAO(centroid),1006,15.526170891013862
F112022,20,RS-EAO(centroid),1007,2.794474767142674e-05
F112022,20,RS-EAO(centroid),1008,4.6733521230635233e-07
F112022,20,RS-EAO(centroid),1009,26.22112570687068
F112022,20,RS-EAO(centroid),1010,5.641021743940655e-06
F112022,20,RS-EAO(centroid),1011,0.00012217194534969167
F112022,20,RS-EAO(centroid),1012,18.47127651338178
F112022,20,RS-EAO(centroid),1013,51.076468071483305
F112022,20,RS-EAO(centroid),1014,38.562695050228285
F112022,20,RS-EAO(centroid),1015,284.82826140650786
F112022,20,RS-EAO(centroid),1016,1548.4463024743582
F112022,20,RS-EAO(centroid),1017,276.5668626683505
F112022,20,RS-EAO(centroid),1018,1.9096182768407743e-06
F112022,20,RS-EAO(centroid),1019,210.78530338277096
F112022,20,RS-EAO(centroid),1020,1.3575512639363296e-05
F112022,20,RS-EAO(centroid),1021,41.14822132379322
F112022,20,RS-EAO(centroid),1022,1474.2068949796599
F112022,20,RS-EAO(centroid),1023,1037.810965945553
F112022,20,RS-EAO(centroid),1024,16.34127117899152
F112022,20,RS-EAO(centroid),1025,1.7565265807206742e-05
F112022,20,RS-EAO(centroid),1026,1557.0743612547521
F112022,20,RS-EAO(centroid),1027,817.0384615972853
F112022,20,RS-EAO(centroid),1028,1557.075536260596
F112022,20,RS-EAO(centroid),1029,20.28314517523131
F112022,20,RS-EAO(sched),1000,2.36177584156394e-07
F112022,20,RS-EAO(sched),1001,4.123842563785729e-05
F112022,20,RS-EAO(sched),1002,1.0870803635043558e-05
F112022,20,RS-EAO(sched),1003,2.231766666227486e-05
F112022,20,RS-EAO(sched),1004,4.229759269946953e-06
F112022,20,RS-EAO(sched),1005,8.087021024039132e-05
F112022,20,RS-EAO(sched),1006,0.00010142897008336149
F112022,20,RS-EAO(sched),1007,1.1944425750698429e-06
F112022,20,RS-EAO(sched),1008,1.52605844050413e-06
F112022,20,RS-EAO(sched),1009,0.01194812603716855
F112022,20,RS-EAO(sched),1010,3.9974015635380056e-06
F112022,20,RS-EAO(sched),1011,1.2140107628511032e-05
F112022,20,RS-EAO(sched),1012,1.8592877495393623e-06
F112022,20,RS-EAO(sched),1013,1.5790747056598775e-06
F112022,20,RS-EAO(sched),1014,20.04606418066669
F112022,20,RS-EAO(sched),1015,1.6909702935663518e-06
F112022,20,RS-EAO(sched),1016,4.970647751179058e-06
F112022,20,RS-EAO(sched),1017,0.000266824834397994
F112022,20,RS-EAO(sched),1018,5.625469839287689e-06
F112022,20,RS-EAO(sched),1019,1.2242584034538595e-05
F112022,20,RS-EAO(sched),1020,3.279342308815103e-07
F112022,20,RS-EAO(sched),1021,1.6599433365627192e-06
F112022,20,RS-EAO(sched),1022,8.495881957060192e-06
F112022,20,RS-EAO(sched),1023,0.014974335558690655
F112022,20,RS-EAO(sched),1024,0.1158121211078651
F112022,20,RS-EAO(sched),1025,4.1225562199542765e-06
F112022,20,RS-EAO(sched),1026,0.0012024887896586733
F112022,20,RS-EAO(sched),1027,1.2240966952958843e-05
F112022,20,RS-EAO(sched),1028,1.2372591754683526e-05
F112022,20,RS-EAO(sched),1029,14.027451089140868
F122022,20,EAO,1000,346.54494882817926
F122022,20,EAO,1001,327.5607886637149
F122022,20,EAO,1002,272.7968090766849
F122022,20,EAO,1003,341.5442056442007
F122022,20,EAO,1004,314.9927343913141
F122022,20,EAO,1005,246.819255202794
F122022,20,EAO,1006,245.71504558082052
F122022,20,EAO,1007,273.63095821011393
F122022,20,EAO,1008,295.57842106399994
F122022,20,EAO,1009,337.7836846315836
F122022,20,EAO,1010,266.9811399086575
F122022,20,EAO,1011,282.07741539280505
F122022,20,EAO,1012,258.12307358458247
F122022,20,EAO,1013,319.2773822162171
F122022,20,EAO,1014,347.137062228644
F122022,20,EAO,1015,283.4109901731331
F122022,20,EAO,1016,277.64724194571227
F122022,20,EAO,1017,279.6847240275083
F122022,20,EAO,1018,278.7115098624454
F122022,20,EAO,1019,307.3842976335386
F122022,20,EAO,1020,284.1023530363377
F122022,20,EAO,1021,273.99057046671305
F122022,20,EAO,1022,353.1117762449285
F122022,20,EAO,1023,283.8638295132914
F122022,20,EAO,1024,249.63682401960432
F122022,20,EAO,1025,249.71293364239773
F122022,20,EAO,1026,265.4629783026144
F122022,20,EAO,1027,263.01930809286523
F122022,20,EAO,1028,273.99382071219907
F122022,20,EAO,1029,307.41063996663934
F122022,20,RS-EAO(centroid),1000,367.26118135546403
F122022,20,RS-EAO(centroid),1001,329.4116246039489
F122022,20,RS-EAO(centroid),1002,266.4531476545926
F122022,20,RS-EAO(centroid),1003,332.0582162661981
F122022,20,RS-EAO(centroid),1004,296.6368126343473
F122022,20,RS-EAO(centroid),1005,249.81350199712915
F122022,20,RS-EAO(centroid),1006,302.00577689802003
F122022,20,RS-EAO(centroid),1007,457.46861923105917
F122022,20,RS-EAO(centroid),1008,387.9002776753164
F122022,20,RS-EAO(centroid),1009,365.219955484959
F122022,20,RS-EAO(centroid),1010,380.39855016614865
F122022,20,RS-EAO(centroid),1011,316.7084476159289
F122022,20,RS-EAO(centroid),1012,389.9269828250308
F122022,20,RS-EAO(centroid),1013,635.0399710985334
F122022,20,RS-EAO(centroid),1014,385.54764158286025
F122022,20,RS-EAO(centroid),1015,353.2457396055288
F122022,20,RS-EAO(centroid),1016,304.3191765342099
F122022,20,RS-EAO(centroid),1017,269.6155484353976
F122022,20,RS-EAO(centroid),1018,260.0737771673653
F122022,20,RS-EAO(centroid),1019,278.8479588640457
F122022,20,RS-EAO(centroid),1020,283.44002213604745
F122022,20,RS-EAO(centroid),1021,317.56861901820275
F122022,20,RS-EAO(centroid),1022,328.3661134664044
F122022,20,RS-EAO(centroid),1023,282.2538322433429
F122022,20,RS-EAO(centroid),1024,246.9093694037001
F122022,20,RS-EAO(centroid),1025,281.0338844998819
F122022,20,RS-EAO(centroid),1026,284.71918867454315
F122022,20,RS-EAO(centroid),1027,268.7722681205173
F122022,20,RS-EAO(centroid),1028,289.42373159944054
F122022,20,RS-EAO(centroid),1029,288.2771907269653
F122022,20,RS-EAO(sched),1000,330.6129949687356
F122022,20,RS-EAO(sched),1001,274.10795240600373
F122022,20,RS-EAO(sched),1002,273.8666939036625
F122022,20,RS-EAO(sched),1003,249.5635699198997
F122022,20,RS-EAO(sched),1004,293.39748320905164
F122022,20,RS-EAO(sched),1005,252.91548983380744
F122022,20,RS-EAO(sched),1006,246.9958089111351
F122022,20,RS-EAO(sched),1007,460.8718211657947
F122022,20,RS-EAO(sched),1008,272.68155170147156
F122022,20,RS-EAO(sched),1009,271.0089857061739
F122022,20,RS-EAO(sched),1010,260.79530690568936
F122022,20,RS-EAO(sched),1011,268.89909692283027
F122022,20,RS-EAO(sched),1012,247.53825025190054
F122022,20,RS-EAO(sched),1013,291.31122089926066
F122022,20,RS-EAO(sched),1014,271.6338156603156
F122022,20,RS-EAO(sched),1015,294.1607893267683
F122022,20,RS-EAO(sched),1016,340.94973204760527
F122022,20,RS-EAO(sched),1017,245.20915188120944
F122022,20,RS-EAO(sched),1018,250.08238159529446
F122022,20,RS-EAO(sched),1019,301.3671399219602
F122022,20,RS-EAO(sched),1020,282.60282355535173
F122022,20,RS-EAO(sched),1021,283.5656655712919
F122022,20,RS-EAO(sched),1022,278.2594722097979
F122022,20,RS-EAO(sched),1023,281.7128397555771
F122022,20,RS-EAO(sched),1024,281.92301893030435
F122022,20,RS-EAO(sched),1025,275.56970413740237
F122022,20,RS-EAO(sched),1026,281.7869291313159
F122022,20,RS-EAO(sched),1027,249.68504032537658
F122022,20,RS-EAO(sched),1028,307.65425713230115
F122022,20,RS-EAO(sched),1029,245.62092268752622
