function,dim,variant,seed,err,nfe,feeds,c1_acc,c2_acc
F12022,10,M1a_Km0.1,1000,4.263256414560601e-12,,,,
F12022,10,M1a_Km0.1,1001,1.7053025658242404e-13,,,,
F12022,10,M1a_Km0.1,1002,8.197389433917124e-10,,,,
F12022,10,M1a_Km0.1,1003,2.2230165086511988e-07,,,,
F12022,10,M1a_Km0.1,1004,3.979039320256561e-13,,,,
F12022,10,M1a_Km0.1,1005,2.8421709430404007e-13,,,,
F12022,10,M1a_Km0.1,1006,5.684341886080802e-14,,,,
F12022,10,M1a_Km0.1,1007,1.1368683772161603e-13,,,,
F12022,10,M1a_Km0.1,1008,8.981260180007666e-12,,,,
F12022,10,M1a_Km0.1,1009,1.460875864722766e-11,,,,
F12022,10,M1a_Km0.1,1010,1.921307557495311e-11,,,,
F12022,10,M1a_Km0.1,1011,1.7053025658242404e-13,,,,
F12022,10,M1a_Km0.1,1012,6.857590051367879e-10,,,,
F12022,10,M1a_Km0.1,1013,1.8678747437661514e-10,,,,
F12022,10,M1a_Km0.1,1014,1.7053025658242404e-13,,,,
F12022,10,M1a_Km0.1,1015,1.7053025658242404e-13,,,,
F12022,10,M1a_Km0.1,1016,1.1368683772161603e-12,,,,
F12022,10,M1a_Km0.1,1017,2.4442670110147446e-11,,,,
F12022,10,M1a_Km0.1,1018,4.638422979041934e-11,,,,
F12022,10,M1a_Km0.1,1019,5.684341886080802e-14,,,,
F12022,10,M1a_Km0.1,1020,3.751665644813329e-12,,,,
F12022,10,M1a_Km0.1,1021,2.8421709430404007e-13,,,,
F12022,10,M1a_Km0.1,1022,1.0231815394945443e-12,,,,
F12022,10,M1a_Km0.1,1023,2.6409452402731404e-10,,,,
F12022,10,M1a_Km0.1,1024,1.0402345651527867e-11,,,,
F12022,10,M1a_Km0.1,1025,1.1368683772161603e-13,,,,
F12022,10,M1a_Km0.1,1026,4.6128434405545704e-10,,,,
F12022,10,M1a_Km0.1,1027,4.519051799434237e-11,,,,
F12022,10,M1a_Km0.1,1028,1.1368683772161603e-13,,,,
F12022,10,M1a_Km0.1,1029,3.410605131648481e-13,,,,
F12022,10,M1a_Km0.3,1000,1.7053025658242404e-13,,,,
F12022,10,M1a_Km0.3,1001,1.0330962197713234e-05,,,,
F12022,10,M1a_Km0.3,1002,2.2737367544323206e-13,,,,
F12022,10,M1a_Km0.3,1003,1.1368683772161603e-13,,,,
F12022,10,M1a_Km0.3,1004,3.979039320256561e-13,,,,
F12022,10,M1a_Km0.3,1005,5.684341886080801e-13,,,,
F12022,10,M1a_Km0.3,1006,1.1596057447604835e-11,,,,
F12022,10,M1a_Km0.3,1007,2.8421709430404007e-13,,,,
F12022,10,M1a_Km0.3,1008,5.809397407574579e-11,,,,
F12022,10,M1a_Km0.3,1009,3.581135388230905e-12,,,,
F12022,10,M1a_Km0.3,1010,4.774847184307873e-12,,,,
F12022,10,M1a_Km0.3,1011,1.1368683772161603e-13,,,,
F12022,10,M1a_Km0.3,1012,1.5347723092418164e-12,,,,
F12022,10,M1a_Km0.3,1013,2.2737367544323206e-13,,,,
F12022,10,M1a_Km0.3,1014,7.389644451905042e-13,,,,
F12022,10,M1a_Km0.3,1015,1.1368683772161603e-13,,,,
F12022,10,M1a_Km0.3,1016,2.2737367544323206e-13,,,,
F12022,10,M1a_Km0.3,1017,1.1368683772161603e-13,,,,
F12022,10,M1a_Km0.3,1018,1.1368683772161603e-13,,,,
F12022,10,M1a_Km0.3,1019,2.2737367544323206e-13,,,,
F12022,10,M1a_Km0.3,1020,2.3817392502678558e-11,,,,
F12022,10,M1a_Km0.3,1021,4.547473508864641e-13,,,,
F12022,10,M1a_Km0.3,1022,5.684341886080802e-14,,,,
F12022,10,M1a_Km0.3,1023,1.7053025658242404e-13,,,,
F12022,10,M1a_Km0.3,1024,1.1368683772161603e-13,,,,
F12022,10,M1a_Km0.3,1025,1.1368683772161603e-13,,,,
F12022,10,M1a_Km0.3,1026,2.2737367544323206e-13,,,,
F12022,10,M1a_Km0.3,1027,1.1368683772161603e-13,,,,
F12022,10,M1a_Km0.3,1028,9.663381206337363e-13,,,,
F12022,10,M1a_Km0.3,1029,5.002220859751105e-12,,,,
F12022,10,M1a_Km1.0,1000,5.684341886080802e-14,,,,
F12022,10,M1a_Km1.0,1001,1.2505552149377763e-12,,,,
F12022,10,M1a_Km1.0,1002,1.1368683772161603e-13,,,,
F12022,10,M1a_Km1.0,1003,2.2737367544323206e-13,,,,
F12022,10,M1a_Km1.0,1004,1.1937117960769683e-12,,,,
F12022,10,M1a_Km1.0,1005,1.7053025658242404e-13,,,,
F12022,10,M1a_Km1.0,1006,1.1368683772161603e-13,,,,
F12022,10,M1a_Km1.0,1007,5.5138116294983774e-12,,,,
F12022,10,M1a_Km1.0,1008,3.1260753985407064e-08,,,,
F12022,10,M1a_Km1.0,1009,5.684341886080802e-14,,,,
F12022,10,M1a_Km1.0,1010,2.8421709430404007e-13,,,,
F12022,10,M1a_Km1.0,1011,1.7053025658242404e-13,,,,
F12022,10,M1a_Km1.0,1012,1.7621459846850485e-12,,,,
F12022,10,M1a_Km1.0,1013,1.7053025658242404e-13,,,,
F12022,10,M1a_Km1.0,1014,2.2737367544323206e-13,,,,
F12022,10,M1a_Km1.0,1015,1.7053025658242404e-13,,,,
F12022,10,M1a_Km1.0,1016,5.684341886080802e-14,,,,
F12022,10,M1a_Km1.0,1017,5.684341886080802e-14,,,,
F12022,10,M1a_Km1.0,1018,2.8421709430404007e-13,,,,
F12022,10,M1a_Km1.0,1019,3.979039320256561e-13,,,,
F12022,10,M1a_Km1.0,1020,2.2737367544323206e-13,,,,
F12022,10,M1a_Km1.0,1021,3.410605131648481e-13,,,,
F12022,10,M1a_Km1.0,1022,2.3305801732931286e-12,,,,
F12022,10,M1a_Km1.0,1023,5.684341886080802e-14,,,,
F12022,10,M1a_Km1.0,1024,1.1368683772161603e-13,,,,
F12022,10,M1a_Km1.0,1025,2.2737367544323206e-13,,,,
F12022,10,M1a_Km1.0,1026,1.7053025658242404e-13,,,,
F12022,10,M1a_Km1.0,1027,3.410605131648481e-13,,,,
F12022,10,M1a_Km1.0,1028,1.7053025658242404e-13,,,,
F12022,10,M1a_Km1.0,1029,9.663381206337363e-13,,,,
F12022,10,M1a_Km3.0,1000,5.115907697472721e-13,,,,
F12022,10,M1a_Km3.0,1001,1.1368683772161603e-13,,,,
F12022,10,M1a_Km3.0,1002,5.684341886080802e-14,,,,
F12022,10,M1a_Km3.0,1003,3.410605131648481e-13,,,,
F12022,10,M1a_Km3.0,1004,1.7621459846850485e-12,,,,
F12022,10,M1a_Km3.0,1005,3.410605131648481e-13,,,,
F12022,10,M1a_Km3.0,1006,3.410605131648481e-13,,,,
F12022,10,M1a_Km3.0,1007,1.7053025658242404e-13,,,,
F12022,10,M1a_Km3.0,1008,3.979039320256561e-13,,,,
F12022,10,M1a_Km3.0,1009,1.7053025658242404e-13,,,,
F12022,10,M1a_Km3.0,1010,1.5746763892821036e-09,,,,
F12022,10,M1a_Km3.0,1011,3.410605131648481e-13,,,,
F12022,10,M1a_Km3.0,1012,1.1368683772161603e-13,,,,
F12022,10,M1a_Km3.0,1013,1.1368683772161603e-13,,,,
F12022,10,M1a_Km3.0,1014,5.684341886080802e-14,,,,
F12022,10,M1a_Km3.0,1015,1.5347723092418164e-12,,,,
F12022,10,M1a_Km3.0,1016,2.8421709430404007e-13,,,,
F12022,10,M1a_Km3.0,1017,3.410605131648481e-13,,,,
F12022,10,M1a_Km3.0,1018,1.233502189279534e-11,,,,
F12022,10,M1a_Km3.0,1019,1.1368683772161603e-13,,,,
F12022,10,M1a_Km3.0,1020,6.252776074688882e-13,,,,
F12022,10,M1a_Km3.0,1021,5.684341886080802e-14,,,,
F12022,10,M1a_Km3.0,1022,1.7053025658242404e-13,,,,
F12022,10,M1a_Km3.0,1023,2.8421709430404007e-13,,,,
F12022,10,M1a_Km3.0,1024,1.1368683772161603e-13,,,,
F12022,10,M1a_Km3.0,1025,3.410605131648481e-13,,,,
F12022,10,M1a_Km3.0,1026,5.115907697472721e-13,,,,
F12022,10,M1a_Km3.0,1027,1.7053025658242404e-13,,,,
F12022,10,M1a_Km3.0,1028,2.18016452890879e-07,,,,
F12022,10,M1a_Km3.0,1029,1.7053025658242404e-13,,,,
F22022,10,M1a_Km0.1,1000,8.916101928043418,,,,
F22022,10,M1a_Km0.1,1001,0.24210602070837695,,,,
F22022,10,M1a_Km0.1,1002,8.916101927903469,,,,
F22022,10,M1a_Km0.1,1003,4.647367578527735,,,,
F22022,10,M1a_Km0.1,1004,8.916111298413398,,,,
F22022,10,M1a_Km0.1,1005,5.825368704603136,,,,
F22022,10,M1a_Km0.1,1006,8.916102001942818,,,,
F22022,10,M1a_Km0.1,1007,5.219822043477393,,,,
F22022,10,M1a_Km0.1,1008,8.916102695572874,,,,
F22022,10,M1a_Km0.1,1009,6.209068110184035,,,,
F22022,10,M1a_Km0.1,1010,8.91610266901938,,,,
F22022,10,M1a_Km0.1,1011,5.959012580003048,,,,
F22022,10,M1a_Km0.1,1012,6.157399547654904,,,,
F22022,10,M1a_Km0.1,1013,8.916101929635545,,,,
F22022,10,M1a_Km0.1,1014,4.009247966589214,,,,
F22022,10,M1a_Km0.1,1015,0.13687535728507783,,,,
F22022,10,M1a_Km0.1,1016,4.020863834573959,,,,
F22022,10,M1a_Km0.1,1017,4.468942855203522,,,,
F22022,10,M1a_Km0.1,1018,8.916604413669006,,,,
F22022,10,M1a_Km0.1,1019,0.06814432564556228,,,,
F22022,10,M1a_Km0.1,1020,5.1445519946941545,,,,
F22022,10,M1a_Km0.1,1021,5.075627668879747,,,,
F22022,10,M1a_Km0.1,1022,0.00013488468590594493,,,,
F22022,10,M1a_Km0.1,1023,8.916101930423565,,,,
F22022,10,M1a_Km0.1,1024,8.91610781389494,,,,
F22022,10,M1a_Km0.1,1025,4.866870742336573,,,,
F22022,10,M1a_Km0.1,1026,3.9886380239406662,,,,
F22022,10,M1a_Km0.1,1027,4.698976546997301,,,,
F22022,10,M1a_Km0.1,1028,0.10763526035248105,,,,
F22022,10,M1a_Km0.1,1029,8.916101932066397,,,,
F22022,10,M1a_Km0.3,1000,8.916101927785462,,,,
F22022,10,M1a_Km0.3,1001,8.91610192779001,,,,
F22022,10,M1a_Km0.3,1002,0.4533616628820596,,,,
F22022,10,M1a_Km0.3,1003,4.077804194429291,,,,
F22022,10,M1a_Km0.3,1004,8.916101927781597,,,,
F22022,10,M1a_Km0.3,1005,0.29552282067038504,,,,
F22022,10,M1a_Km0.3,1006,7.1599360905166805,,,,
F22022,10,M1a_Km0.3,1007,0.41303561845973036,,,,
F22022,10,M1a_Km0.3,1008,0.1750507880965415,,,,
F22022,10,M1a_Km0.3,1009,0.08946387193731198,,,,
F22022,10,M1a_Km0.3,1010,8.916101927786997,,,,
F22022,10,M1a_Km0.3,1011,6.2802252061553645,,,,
F22022,10,M1a_Km0.3,1012,6.591844975703168,,,,
F22022,10,M1a_Km0.3,1013,8.916101927828947,,,,
F22022,10,M1a_Km0.3,1014,6.853299215386528,,,,
F22022,10,M1a_Km0.3,1015,0.052611693809410554,,,,
F22022,10,M1a_Km0.3,1016,8.916101927813884,,,,
F22022,10,M1a_Km0.3,1017,8.270269017884857e-05,,,,
F22022,10,M1a_Km0.3,1018,5.193277477506854,,,,
F22022,10,M1a_Km0.3,1019,0.4544429781605004,,,,
F22022,10,M1a_Km0.3,1020,67.02365995746231,,,,
F22022,10,M1a_Km0.3,1021,8.916101944502486,,,,
F22022,10,M1a_Km0.3,1022,8.916101927781483,,,,
F22022,10,M1a_Km0.3,1023,8.916101927781426,,,,
F22022,10,M1a_Km0.3,1024,6.829711888048394,,,,
F22022,10,M1a_Km0.3,1025,8.916101927782222,,,,
F22022,10,M1a_Km0.3,1026,5.616320913284426,,,,
F22022,10,M1a_Km0.3,1027,3.9872391125982176,,,,
F22022,10,M1a_Km0.3,1028,0.06832931893006844,,,,
F22022,10,M1a_Km0.3,1029,5.4697518036718975,,,,
F22022,10,M1a_Km1.0,1000,0.010512430718051746,,,,
F22022,10,M1a_Km1.0,1001,0.24152829911759,,,,
F22022,10,M1a_Km1.0,1002,8.91610192778137,,,,
F22022,10,M1a_Km1.0,1003,0.01618235995277928,,,,
F22022,10,M1a_Km1.0,1004,0.07410236270288806,,,,
F22022,10,M1a_Km1.0,1005,8.91610192778137,,,,
F22022,10,M1a_Km1.0,1006,6.29634546596111,,,,
F22022,10,M1a_Km1.0,1007,4.774217538113362,,,,
F22022,10,M1a_Km1.0,1008,8.916101927782108,,,,
F22022,10,M1a_Km1.0,1009,0.0025251462141113734,,,,
F22022,10,M1a_Km1.0,1010,0.5210433399901149,,,,
F22022,10,M1a_Km1.0,1011,8.91610192778171,,,,
F22022,10,M1a_Km1.0,1012,5.536633138501088,,,,
F22022,10,M1a_Km1.0,1013,8.916101928604974,,,,
F22022,10,M1a_Km1.0,1014,4.6030565113962325,,,,
F22022,10,M1a_Km1.0,1015,6.614222710913509,,,,
F22022,10,M1a_Km1.0,1016,0.0020917716730082248,,,,
F22022,10,M1a_Km1.0,1017,3.9925080277212714,,,,
F22022,10,M1a_Km1.0,1018,4.0022944440200945,,,,
F22022,10,M1a_Km1.0,1019,4.164148561123056,,,,
F22022,10,M1a_Km1.0,1020,8.916101927781483,,,,
F22022,10,M1a_Km1.0,1021,8.916101927782165,,,,
F22022,10,M1a_Km1.0,1022,8.916104454441154,,,,
F22022,10,M1a_Km1.0,1023,0.0014865639248000662,,,,
F22022,10,M1a_Km1.0,1024,5.386244662296349,,,,
F22022,10,M1a_Km1.0,1025,0.5406542132803906,,,,
F22022,10,M1a_Km1.0,1026,6.367087438988733,,,,
F22022,10,M1a_Km1.0,1027,4.566294006998191,,,,
F22022,10,M1a_Km1.0,1028,0.258182374717137,,,,
F22022,10,M1a_Km1.0,1029,8.916101927781483,,,,
F22022,10,M1a_Km3.0,1000,0.05271866522195978,,,,
F22022,10,M1a_Km3.0,1001,8.916101927783473,,,,
F22022,10,M1a_Km3.0,1002,0.022174561537212867,,,,
F22022,10,M1a_Km3.0,1003,0.3434149046951802,,,,
F22022,10,M1a_Km3.0,1004,8.916101928444846,,,,
F22022,10,M1a_Km3.0,1005,8.916101927781426,,,,
F22022,10,M1a_Km3.0,1006,8.916101927781654,,,,
F22022,10,M1a_Km3.0,1007,7.556434799949557,,,,
F22022,10,M1a_Km3.0,1008,5.818078088074515,,,,
F22022,10,M1a_Km3.0,1009,0.29306009005028955,,,,
F22022,10,M1a_Km3.0,1010,0.38788593800006765,,,,
F22022,10,M1a_Km3.0,1011,4.237361719822218,,,,
F22022,10,M1a_Km3.0,1012,5.9563458464773475,,,,
F22022,10,M1a_Km3.0,1013,0.012211244425827772,,,,
F22022,10,M1a_Km3.0,1014,5.746687720445436,,,,
F22022,10,M1a_Km3.0,1015,8.91610192778154,,,,
F22022,10,M1a_Km3.0,1016,0.4800907923013824,,,,
F22022,10,M1a_Km3.0,1017,17.395342216048846,,,,
F22022,10,M1a_Km3.0,1018,8.916101927781597,,,,
F22022,10,M1a_Km3.0,1019,68.09802339873312,,,,
F22022,10,M1a_Km3.0,1020,0.054911067648504286,,,,
F22022,10,M1a_Km3.0,1021,4.000119185031906,,,,
F22022,10,M1a_Km3.0,1022,8.916101927836223,,,,
F22022,10,M1a_Km3.0,1023,0.003743147820273407,,,,
F22022,10,M1a_Km3.0,1024,5.614602857027705,,,,
F22022,10,M1a_Km3.0,1025,0.0008739005757547602,,,,
F22022,10,M1a_Km3.0,1026,0.12335325826705912,,,,
F22022,10,M1a_Km3.0,1027,74.45230080567279,,,,
F22022,10,M1a_Km3.0,1028,4.071471398149356,,,,
F22022,10,M1a_Km3.0,1029,8.916101927781483,,,,
F32022,10,M1a_Km0.1,1000,2.2737367544323206e-13,,,,
F32022,10,M1a_Km0.1,1001,3.410605131648481e-13,,,,
F32022,10,M1a_Km0.1,1002,2.2737367544323206e-13,,,,
F32022,10,M1a_Km0.1,1003,5.684341886080801e-13,,,,
F32022,10,M1a_Km0.1,1004,1.1368683772161603e-13,,,,
F32022,10,M1a_Km0.1,1005,1.1368683772161603e-13,,,,
F32022,10,M1a_Km0.1,1006,3.069544618483633e-12,,,,
F32022,10,M1a_Km0.1,1007,2.2737367544323206e-13,,,,
F32022,10,M1a_Km0.1,1008,2.8421709430404007e-12,,,,
F32022,10,M1a_Km0.1,1009,6.821210263296962e-13,,,,
F32022,10,M1a_Km0.1,1010,1.1368683772161603e-13,,,,
F32022,10,M1a_Km0.1,1011,7.958078640513122e-13,,,,
F32022,10,M1a_Km0.1,1012,2.2737367544323206e-13,,,,
F32022,10,M1a_Km0.1,1013,3.410605131648481e-13,,,,
F32022,10,M1a_Km0.1,1014,2.2737367544323206e-13,,,,
F32022,10,M1a_Km0.1,1015,3.410605131648481e-13,,,,
F32022,10,M1a_Km0.1,1016,4.547473508864641e-13,,,,
F32022,10,M1a_Km0.1,1017,2.2737367544323206e-13,,,,
F32022,10,M1a_Km0.1,1018,1.1368683772161603e-13,,,,
F32022,10,M1a_Km0.1,1019,2.2737367544323206e-13,,,,
F32022,10,M1a_Km0.1,1020,4.547473508864641e-13,,,,
F32022,10,M1a_Km0.1,1021,2.2737367544323206e-13,,,,
F32022,10,M1a_Km0.1,1022,7.958078640513122e-13,,,,
F32022,10,M1a_Km0.1,1023,1.1368683772161603e-12,,,,
F32022,10,M1a_Km0.1,1024,2.2737367544323206e-13,,,,
F32022,10,M1a_Km0.1,1025,3.410605131648481e-13,,,,
F32022,10,M1a_Km0.1,1026,1.1368683772161603e-13,,,,
F32022,10,M1a_Km0.1,1027,2.2737367544323206e-13,,,,
F32022,10,M1a_Km0.1,1028,1.1368683772161603e-13,,,,
F32022,10,M1a_Km0.1,1029,2.2737367544323206e-13,,,,
F32022,10,M1a_Km0.3,1000,2.2737367544323206e-13,,,,
F32022,10,M1a_Km0.3,1001,2.2737367544323206e-13,,,,
F32022,10,M1a_Km0.3,1002,3.410605131648481e-13,,,,
F32022,10,M1a_Km0.3,1003,5.684341886080801e-13,,,,
F32022,10,M1a_Km0.3,1004,2.2737367544323206e-13,,,,
F32022,10,M1a_Km0.3,1005,2.2737367544323206e-13,,,,
F32022,10,M1a_Km0.3,1006,2.2737367544323206e-13,,,,
F32022,10,M1a_Km0.3,1007,5.684341886080801e-13,,,,
F32022,10,M1a_Km0.3,1008,9.094947017729282e-13,,,,
F32022,10,M1a_Km0.3,1009,5.684341886080801e-13,,,,
F32022,10,M1a_Km0.3,1010,1.4779288903810084e-12,,,,
F32022,10,M1a_Km0.3,1011,1.1368683772161603e-13,,,,
F32022,10,M1a_Km0.3,1012,4.547473508864641e-13,,,,
F32022,10,M1a_Km0.3,1013,3.410605131648481e-13,,,,
F32022,10,M1a_Km0.3,1014,3.410605131648481e-13,,,,
F32022,10,M1a_Km0.3,1015,3.410605131648481e-13,,,,
F32022,10,M1a_Km0.3,1016,2.2737367544323206e-13,,,,
F32022,10,M1a_Km0.3,1017,4.547473508864641e-13,,,,
F32022,10,M1a_Km0.3,1018,5.684341886080801e-13,,,,
F32022,10,M1a_Km0.3,1019,1.1368683772161603e-13,,,,
F32022,10,M1a_Km0.3,1020,3.410605131648481e-13,,,,
F32022,10,M1a_Km0.3,1021,2.2737367544323206e-13,,,,
F32022,10,M1a_Km0.3,1022,2.2737367544323206e-13,,,,
F32022,10,M1a_Km0.3,1023,2.2737367544323206e-13,,,,
F32022,10,M1a_Km0.3,1024,3.410605131648481e-13,,,,
F32022,10,M1a_Km0.3,1025,4.547473508864641e-13,,,,
F32022,10,M1a_Km0.3,1026,5.684341886080801e-13,,,,
F32022,10,M1a_Km0.3,1027,3.410605131648481e-13,,,,
F32022,10,M1a_Km0.3,1028,1.1368683772161603e-13,,,,
F32022,10,M1a_Km0.3,1029,1.1368683772161603e-13,,,,
F32022,10,M1a_Km1.0,1000,1.1368683772161603e-13,,,,
F32022,10,M1a_Km1.0,1001,7.958078640513122e-13,,,,
F32022,10,M1a_Km1.0,1002,7.958078640513122e-13,,,,
F32022,10,M1a_Km1.0,1003,2.2737367544323206e-13,,,,
F32022,10,M1a_Km1.0,1004,3.410605131648481e-13,,,,
F32022,10,M1a_Km1.0,1005,4.547473508864641e-13,,,,
F32022,10,M1a_Km1.0,1006,3.410605131648481e-13,,,,
F32022,10,M1a_Km1.0,1007,2.2737367544323206e-13,,,,
F32022,10,M1a_Km1.0,1008,3.410605131648481e-13,,,,
F32022,10,M1a_Km1.0,1009,2.2737367544323206e-13,,,,
F32022,10,M1a_Km1.0,1010,1.1368683772161603e-13,,,,
F32022,10,M1a_Km1.0,1011,3.410605131648481e-13,,,,
F32022,10,M1a_Km1.0,1012,3.410605131648481e-13,,,,
F32022,10,M1a_Km1.0,1013,3.410605131648481e-13,,,,
F32022,10,M1a_Km1.0,1014,2.2737367544323206e-13,,,,
F32022,10,M1a_Km1.0,1015,1.1368683772161603e-13,,,,
F32022,10,M1a_Km1.0,1016,1.1368683772161603e-13,,,,
F32022,10,M1a_Km1.0,1017,2.2737367544323206e-13,,,,
F32022,10,M1a_Km1.0,1018,5.684341886080801e-13,,,,
F32022,10,M1a_Km1.0,1019,1.1368683772161603e-13,,,,
F32022,10,M1a_Km1.0,1020,3.410605131648481e-13,,,,
F32022,10,M1a_Km1.0,1021,1.1368683772161603e-13,,,,
F32022,10,M1a_Km1.0,1022,4.547473508864641e-13,,,,
F32022,10,M1a_Km1.0,1023,1.1368683772161603e-13,,,,
F32022,10,M1a_Km1.0,1024,2.2737367544323206e-13,,,,
F32022,10,M1a_Km1.0,1025,2.2737367544323206e-13,,,,
F32022,10,M1a_Km1.0,1026,7.958078640513122e-13,,,,
F32022,10,M1a_Km1.0,1027,2.2737367544323206e-13,,,,
F32022,10,M1a_Km1.0,1028,0.0,,,,
F32022,10,M1a_Km1.0,1029,1.1368683772161603e-13,,,,
F32022,10,M1a_Km3.0,1000,9.094947017729282e-12,,,,
F32022,10,M1a_Km3.0,1001,3.410605131648481e-13,,,,
F32022,10,M1a_Km3.0,1002,4.547473508864641e-13,,,,
F32022,10,M1a_Km3.0,1003,2.2737367544323206e-13,,,,
F32022,10,M1a_Km3.0,1004,5.684341886080801e-13,,,,
F32022,10,M1a_Km3.0,1005,1.1368683772161603e-13,,,,
F32022,10,M1a_Km3.0,1006,4.547473508864641e-13,,,,
F32022,10,M1a_Km3.0,1007,2.2737367544323206e-13,,,,
F32022,10,M1a_Km3.0,1008,2.2737367544323206e-13,,,,
F32022,10,M1a_Km3.0,1009,1.1368683772161603e-13,,,,
F32022,10,M1a_Km3.0,1010,2.2737367544323206e-13,,,,
F32022,10,M1a_Km3.0,1011,1.1368683772161603e-13,,,,
F32022,10,M1a_Km3.0,1012,1.4779288903810084e-12,,,,
F32022,10,M1a_Km3.0,1013,1.1368683772161603e-13,,,,
F32022,10,M1a_Km3.0,1014,1.1368683772161603e-13,,,,
F32022,10,M1a_Km3.0,1015,2.2737367544323206e-13,,,,
F32022,10,M1a_Km3.0,1016,2.2737367544323206e-13,,,,
F32022,10,M1a_Km3.0,1017,4.547473508864641e-13,,,,
F32022,10,M1a_Km3.0,1018,5.684341886080801e-13,,,,
F32022,10,M1a_Km3.0,1019,1.1368683772161603e-13,,,,
F32022,10,M1a_Km3.0,1020,2.2737367544323206e-13,,,,
F32022,10,M1a_Km3.0,1021,3.410605131648481e-13,,,,
F32022,10,M1a_Km3.0,1022,3.410605131648481e-13,,,,
F32022,10,M1a_Km3.0,1023,3.410605131648481e-13,,,,
F32022,10,M1a_Km3.0,1024,2.2737367544323206e-13,,,,
F32022,10,M1a_Km3.0,1025,3.410605131648481e-13,,,,
F32022,10,M1a_Km3.0,1026,2.2737367544323206e-13,,,,
F32022,10,M1a_Km3.0,1027,2.2737367544323206e-13,,,,
F32022,10,M1a_Km3.0,1028,3.410605131648481e-13,,,,
F32022,10,M1a_Km3.0,1029,0.0,,,,
F42022,10,M1a_Km0.1,1000,86.22773004168971,,,,
F42022,10,M1a_Km0.1,1001,59.056273801969496,,,,
F42022,10,M1a_Km0.1,1002,74.7001340500567,,,,
F42022,10,M1a_Km0.1,1003,60.56178635972151,,,,
F42022,10,M1a_Km0.1,1004,77.15175632865419,,,,
F42022,10,M1a_Km0.1,1005,89.08387690304892,,,,
F42022,10,M1a_Km0.1,1006,63.39734668188373,,,,
F42022,10,M1a_Km0.1,1007,67.40311545634506,,,,
F42022,10,M1a_Km0.1,1008,78.07852240486955,,,,
F42022,10,M1a_Km0.1,1009,53.803420960151584,,,,
F42022,10,M1a_Km0.1,1010,76.19470304318895,,,,
F42022,10,M1a_Km0.1,1011,80.62119801137658,,,,
F42022,10,M1a_Km0.1,1012,63.36905318497145,,,,
F42022,10,M1a_Km0.1,1013,69.24466838987951,,,,
F42022,10,M1a_Km0.1,1014,48.07730914392505,,,,
F42022,10,M1a_Km0.1,1015,32.53450298292864,,,,
F42022,10,M1a_Km0.1,1016,82.05381415623174,,,,
F42022,10,M1a_Km0.1,1017,70.2904323598176,,,,
F42022,10,M1a_Km0.1,1018,66.77717675044073,,,,
F42022,10,M1a_Km0.1,1019,71.58957550931882,,,,
F42022,10,M1a_Km0.1,1020,58.54441493521233,,,,
F42022,10,M1a_Km0.1,1021,64.31848741833892,,,,
F42022,10,M1a_Km0.1,1022,70.0,,,,
F42022,10,M1a_Km0.1,1023,81.63416810831825,,,,
F42022,10,M1a_Km0.1,1024,54.0,,,,
F42022,10,M1a_Km0.1,1025,70.61017896733142,,,,
F42022,10,M1a_Km0.1,1026,84.0,,,,
F42022,10,M1a_Km0.1,1027,42.0,,,,
F42022,10,M1a_Km0.1,1028,54.099789124279596,,,,
F42022,10,M1a_Km0.1,1029,54.44761650124212,,,,
F42022,10,M1a_Km0.3,1000,49.38554067204052,,,,
F42022,10,M1a_Km0.3,1001,75.47631258513263,,,,
F42022,10,M1a_Km0.3,1002,57.02235043965197,,,,
F42022,10,M1a_Km0.3,1003,62.91464824880188,,,,
F42022,10,M1a_Km0.3,1004,70.72092451740502,,,,
F42022,10,M1a_Km0.3,1005,23.0865527773218,,,,
F42022,10,M1a_Km0.3,1006,46.775152256294405,,,,
F42022,10,M1a_Km0.3,1007,47.29841906908314,,,,
F42022,10,M1a_Km0.3,1008,52.614765710282086,,,,
F42022,10,M1a_Km0.3,1009,43.95562228383403,,,,
F42022,10,M1a_Km0.3,1010,66.31905116926237,,,,
F42022,10,M1a_Km0.3,1011,38.48207373691696,,,,
F42022,10,M1a_Km0.3,1012,44.89417367542842,,,,
F42022,10,M1a_Km0.3,1013,70.87551161558656,,,,
F42022,10,M1a_Km0.3,1014,73.77511037663623,,,,
F42022,10,M1a_Km0.3,1015,35.84889749751119,,,,
F42022,10,M1a_Km0.3,1016,36.31797407761621,,,,
F42022,10,M1a_Km0.3,1017,68.90864332710453,,,,
F42022,10,M1a_Km0.3,1018,45.26887529648798,,,,
F42022,10,M1a_Km0.3,1019,46.04279483928963,,,,
F42022,10,M1a_Km0.3,1020,44.37733237222824,,,,
F42022,10,M1a_Km0.3,1021,60.56902433417599,,,,
F42022,10,M1a_Km0.3,1022,64.0,,,,
F42022,10,M1a_Km0.3,1023,37.21763964879699,,,,
F42022,10,M1a_Km0.3,1024,53.83840206132527,,,,
F42022,10,M1a_Km0.3,1025,49.981605775795174,,,,
F42022,10,M1a_Km0.3,1026,40.239136576647525,,,,
F42022,10,M1a_Km0.3,1027,60.59939039291203,,,,
F42022,10,M1a_Km0.3,1028,40.70345928307336,,,,
F42022,10,M1a_Km0.3,1029,52.98010256966438,,,,
F42022,10,M1a_Km1.0,1000,32.28002580432917,,,,
F42022,10,M1a_Km1.0,1001,26.0,,,,
F42022,10,M1a_Km1.0,1002,42.19990611705009,,,,
F42022,10,M1a_Km1.0,1003,53.79287702181671,,,,
F42022,10,M1a_Km1.0,1004,46.501415186777194,,,,
F42022,10,M1a_Km1.0,1005,35.000247222310804,,,,
F42022,10,M1a_Km1.0,1006,44.852428304154955,,,,
F42022,10,M1a_Km1.0,1007,64.7293195629544,,,,
F42022,10,M1a_Km1.0,1008,46.52257275458692,,,,
F42022,10,M1a_Km1.0,1009,30.879310022543905,,,,
F42022,10,M1a_Km1.0,1010,16.046141696625,,,,
F42022,10,M1a_Km1.0,1011,49.554619490442406,,,,
F42022,10,M1a_Km1.0,1012,39.6639622574703,,,,
F42022,10,M1a_Km1.0,1013,30.067352428528693,,,,
F42022,10,M1a_Km1.0,1014,61.43384718988318,,,,
F42022,10,M1a_Km1.0,1015,31.655945880000786,,,,
F42022,10,M1a_Km1.0,1016,54.0,,,,
F42022,10,M1a_Km1.0,1017,46.854731334086864,,,,
F42022,10,M1a_Km1.0,1018,42.32481306380407,,,,
F42022,10,M1a_Km1.0,1019,43.00110554843059,,,,
F42022,10,M1a_Km1.0,1020,37.03052692863582,,,,
F42022,10,M1a_Km1.0,1021,26.65817451136286,,,,
F42022,10,M1a_Km1.0,1022,29.367460266414014,,,,
F42022,10,M1a_Km1.0,1023,16.07757717974016,,,,
F42022,10,M1a_Km1.0,1024,30.243649152097646,,,,
F42022,10,M1a_Km1.0,1025,59.597985601157575,,,,
F42022,10,M1a_Km1.0,1026,51.315239333958516,,,,
F42022,10,M1a_Km1.0,1027,55.30714564206562,,,,
F42022,10,M1a_Km1.0,1028,36.32825299860269,,,,
F42022,10,M1a_Km1.0,1029,42.8552183566336,,,,
F42022,10,M1a_Km3.0,1000,57.30297101198619,,,,
F42022,10,M1a_Km3.0,1001,24.0521096684879,,,,
F42022,10,M1a_Km3.0,1002,53.211639596313034,,,,
F42022,10,M1a_Km3.0,1003,42.0,,,,
F42022,10,M1a_Km3.0,1004,26.0,,,,
F42022,10,M1a_Km3.0,1005,36.00131044679563,,,,
F42022,10,M1a_Km3.0,1006,34.34291542808353,,,,
F42022,10,M1a_Km3.0,1007,36.95737383291828,,,,
F42022,10,M1a_Km3.0,1008,63.38328247954439,,,,
F42022,10,M1a_Km3.0,1009,34.10539082177638,,,,
F42022,10,M1a_Km3.0,1010,30.00124024899742,,,,
F42022,10,M1a_Km3.0,1011,30.000000158593934,,,,
F42022,10,M1a_Km3.0,1012,16.000000079260758,,,,
F42022,10,M1a_Km3.0,1013,28.802120038615612,,,,
F42022,10,M1a_Km3.0,1014,30.00455719735305,,,,
F42022,10,M1a_Km3.0,1015,18.001640137516574,,,,
F42022,10,M1a_Km3.0,1016,34.64909491816502,,,,
F42022,10,M1a_Km3.0,1017,30.0,,,,
F42022,10,M1a_Km3.0,1018,23.266226193975513,,,,
F42022,10,M1a_Km3.0,1019,34.933548394027866,,,,
F42022,10,M1a_Km3.0,1020,43.89087086470386,,,,
F42022,10,M1a_Km3.0,1021,34.0000000061201,,,,
F42022,10,M1a_Km3.0,1022,14.000000086932346,,,,
F42022,10,M1a_Km3.0,1023,42.0,,,,
F42022,10,M1a_Km3.0,1024,32.0,,,,
F42022,10,M1a_Km3.0,1025,41.98993238507603,,,,
F42022,10,M1a_Km3.0,1026,48.0,,,,
F42022,10,M1a_Km3.0,1027,46.013630886247824,,,,
F42022,10,M1a_Km3.0,1028,50.673159866827746,,,,
F42022,10,M1a_Km3.0,1029,64.05463295621428,,,,
F52022,10,M1a_Km0.1,1000,0.22064293887683561,,,,
F52022,10,M1a_Km0.1,1001,0.20115708591504244,,,,
F52022,10,M1a_Km0.1,1002,0.27081703947840197,,,,
F52022,10,M1a_Km0.1,1003,0.3686100167864197,,,,
F52022,10,M1a_Km0.1,1004,0.06837285324536424,,,,
F52022,10,M1a_Km0.1,1005,0.11941773070168438,,,,
F52022,10,M1a_Km0.1,1006,0.195132701566763,,,,
F52022,10,M1a_Km0.1,1007,0.1252287592965331,,,,
F52022,10,M1a_Km0.1,1008,0.15772405619361507,,,,
F52022,10,M1a_Km0.1,1009,0.08124587369275105,,,,
F52022,10,M1a_Km0.1,1010,0.23047734651402152,,,,
F52022,10,M1a_Km0.1,1011,0.10453204384157289,,,,
F52022,10,M1a_Km0.1,1012,0.01656834965865528,,,,
F52022,10,M1a_Km0.1,1013,0.1903244745428765,,,,
F52022,10,M1a_Km0.1,1014,0.20959275920233722,,,,
F52022,10,M1a_Km0.1,1015,0.1633342924600356,,,,
F52022,10,M1a_Km0.1,1016,0.2463419337959749,,,,
F52022,10,M1a_Km0.1,1017,0.1498290157228439,,,,
F52022,10,M1a_Km0.1,1018,0.29271292179350894,,,,
F52022,10,M1a_Km0.1,1019,0.271207558062315,,,,
F52022,10,M1a_Km0.1,1020,0.3298414754996202,,,,
F52022,10,M1a_Km0.1,1021,0.1533687165979245,,,,
F52022,10,M1a_Km0.1,1022,0.2893158016769348,,,,
F52022,10,M1a_Km0.1,1023,0.07424137434418299,,,,
F52022,10,M1a_Km0.1,1024,0.15748905154225668,,,,
F52022,10,M1a_Km0.1,1025,0.20856187132483228,,,,
F52022,10,M1a_Km0.1,1026,0.1879512935108778,,,,
F52022,10,M1a_Km0.1,1027,0.3740320874819645,,,,
F52022,10,M1a_Km0.1,1028,0.22451390627190904,,,,
F52022,10,M1a_Km0.1,1029,0.2596184823648855,,,,
F52022,10,M1a_Km0.3,1000,1.196008270198945e-08,,,,
F52022,10,M1a_Km0.3,1001,0.00017982997337639972,,,,
F52022,10,M1a_Km0.3,1002,5.389824764279183e-08,,,,
F52022,10,M1a_Km0.3,1003,8.258262027993624e-05,,,,
F52022,10,M1a_Km0.3,1004,1.0245730663882568e-06,,,,
F52022,10,M1a_Km0.3,1005,6.522145667986479e-08,,,,
F52022,10,M1a_Km0.3,1006,3.802824721788056e-10,,,,
F52022,10,M1a_Km0.3,1007,5.0590642786119133e-11,,,,
F52022,10,M1a_Km0.3,1008,3.431327968428377e-07,,,,
F52022,10,M1a_Km0.3,1009,0.08952825175447288,,,,
F52022,10,M1a_Km0.3,1010,1.0716246379161021e-07,,,,
F52022,10,M1a_Km0.3,1011,3.2796594950923463e-07,,,,
F52022,10,M1a_Km0.3,1012,3.562058736861218e-07,,,,
F52022,10,M1a_Km0.3,1013,1.2136069926782511e-09,,,,
F52022,10,M1a_Km0.3,1014,3.3665821774775395e-07,,,,
F52022,10,M1a_Km0.3,1015,1.864464138634503e-11,,,,
F52022,10,M1a_Km0.3,1016,7.844391802791506e-11,,,,
F52022,10,M1a_Km0.3,1017,0.0895282606343244,,,,
F52022,10,M1a_Km0.3,1018,7.665780572096992e-06,,,,
F52022,10,M1a_Km0.3,1019,4.4224179873708636e-11,,,,
F52022,10,M1a_Km0.3,1020,0.08952825041660617,,,,
F52022,10,M1a_Km0.3,1021,3.6387635191204026e-05,,,,
F52022,10,M1a_Km0.3,1022,3.958780212087731e-06,,,,
F52022,10,M1a_Km0.3,1023,2.73687419394264e-08,,,,
F52022,10,M1a_Km0.3,1024,1.1404608812881634e-08,,,,
F52022,10,M1a_Km0.3,1025,2.146423639715067e-06,,,,
F52022,10,M1a_Km0.3,1026,8.350298230652697e-09,,,,
F52022,10,M1a_Km0.3,1027,0.08953451453976413,,,,
F52022,10,M1a_Km0.3,1028,5.1172128223697655e-06,,,,
F52022,10,M1a_Km0.3,1029,3.4964568840223365e-07,,,,
F52022,10,M1a_Km1.0,1000,0.5438538847854488,,,,
F52022,10,M1a_Km1.0,1001,4.358136493465281e-05,,,,
F52022,10,M1a_Km1.0,1002,0.08952825791993746,,,,
F52022,10,M1a_Km1.0,1003,0.17905650088835046,,,,
F52022,10,M1a_Km1.0,1004,5.03209855651221e-06,,,,
F52022,10,M1a_Km1.0,1005,0.17905650092291125,,,,
F52022,10,M1a_Km1.0,1006,3.59357420620654e-06,,,,
F52022,10,M1a_Km1.0,1007,8.640199666842818e-10,,,,
F52022,10,M1a_Km1.0,1008,0.08952826331108099,,,,
F52022,10,M1a_Km1.0,1009,2.123678086718428e-07,,,,
F52022,10,M1a_Km1.0,1010,1.088096723833587e-09,,,,
F52022,10,M1a_Km1.0,1011,2.4288362965307897e-07,,,,
F52022,10,M1a_Km1.0,1012,0.00014626750169099978,,,,
F52022,10,M1a_Km1.0,1013,2.5067947717616335e-10,,,,
F52022,10,M1a_Km1.0,1014,4.6713228130101925e-07,,,,
F52022,10,M1a_Km1.0,1015,0.08952825042206314,,,,
F52022,10,M1a_Km1.0,1016,1.6739738839532947e-07,,,,
F52022,10,M1a_Km1.0,1017,0.4543245069809245,,,,
F52022,10,M1a_Km1.0,1018,0.4543240666679367,,,,
F52022,10,M1a_Km1.0,1019,1.6570493244216777e-07,,,,
F52022,10,M1a_Km1.0,1020,0.17905650105740278,,,,
F52022,10,M1a_Km1.0,1021,0.08952825428309552,,,,
F52022,10,M1a_Km1.0,1022,0.4543266351812463,,,,
F52022,10,M1a_Km1.0,1023,0.2685847512532291,,,,
F52022,10,M1a_Km1.0,1024,4.3138163619005354e-07,,,,
F52022,10,M1a_Km1.0,1025,8.837901077640709e-09,,,,
F52022,10,M1a_Km1.0,1026,5.983167739032069e-08,,,,
F52022,10,M1a_Km1.0,1027,0.2686026415090055,,,,
F52022,10,M1a_Km1.0,1028,0.08952830528767208,,,,
F52022,10,M1a_Km1.0,1029,2.3861389308876824e-08,,,,
F52022,10,M1a_Km3.0,1000,0.5438524147639328,,,,
F52022,10,M1a_Km3.0,1001,0.45432404140217386,,,,
F52022,10,M1a_Km3.0,1002,0.08952825041694723,,,,
F52022,10,M1a_Km3.0,1003,0.0895299829682017,,,,
F52022,10,M1a_Km3.0,1004,9.374365390613093e-07,,,,
F52022,10,M1a_Km3.0,1005,8.140341378748417e-08,,,,
F52022,10,M1a_Km3.0,1006,0.45432564314614865,,,,
F52022,10,M1a_Km3.0,1007,0.1790565011124272,,,,
F52022,10,M1a_Km3.0,1008,0.9981795855892415,,,,
F52022,10,M1a_Km3.0,1009,0.5438522704762363,,,,
F52022,10,M1a_Km3.0,1010,0.9086481038557395,,,,
F52022,10,M1a_Km3.0,1011,0.6333845403026999,,,,
F52022,10,M1a_Km3.0,1012,0.08952825903156736,,,,
F52022,10,M1a_Km3.0,1013,0.08952888050919228,,,,
F52022,10,M1a_Km3.0,1014,0.5438522690701575,,,,
F52022,10,M1a_Km3.0,1015,0.08956649078152168,,,,
F52022,10,M1a_Km3.0,1016,0.08952835562365635,,,,
F52022,10,M1a_Km3.0,1017,1.542028556671653,,,,
F52022,10,M1a_Km3.0,1018,0.45432401864104577,,,,
F52022,10,M1a_Km3.0,1019,0.45435288800581475,,,,
F52022,10,M1a_Km3.0,1020,7.492076292692218e-09,,,,
F52022,10,M1a_Km3.0,1021,3.1872220688455855e-05,,,,
F52022,10,M1a_Km3.0,1022,0.0895282863795046,,,,
F52022,10,M1a_Km3.0,1023,0.5438522728982207,,,,
F52022,10,M1a_Km3.0,1024,0.08953342535346565,,,,
F52022,10,M1a_Km3.0,1025,0.08952825041762935,,,,
F52022,10,M1a_Km3.0,1026,2.2737367544323206e-12,,,,
F52022,10,M1a_Km3.0,1027,0.5438582147751276,,,,
F52022,10,M1a_Km3.0,1028,0.08952826728125274,,,,
F52022,10,M1a_Km3.0,1029,0.08952825090329952,,,,
F62022,10,M1a_Km0.1,1000,35.3881810906164,,,,
F62022,10,M1a_Km0.1,1001,72.91234968490267,,,,
F62022,10,M1a_Km0.1,1002,22.226692517886477,,,,
F62022,10,M1a_Km0.1,1003,7.109531984502837,,,,
F62022,10,M1a_Km0.1,1004,12.365712472809946,,,,
F62022,10,M1a_Km0.1,1005,6.955426277125753,,,,
F62022,10,M1a_Km0.1,1006,34.58955473622245,,,,
F62022,10,M1a_Km0.1,1007,21.829664874122273,,,,
F62022,10,M1a_Km0.1,1008,10.527624722207975,,,,
F62022,10,M1a_Km0.1,1009,36.08753999081296,,,,
F62022,10,M1a_Km0.1,1010,54.77040196969028,,,,
F62022,10,M1a_Km0.1,1011,21.268087876556137,,,,
F62022,10,M1a_Km0.1,1012,14.97996870641714,,,,
F62022,10,M1a_Km0.1,1013,107.98900499026195,,,,
F62022,10,M1a_Km0.1,1014,10.701079929197022,,,,
F62022,10,M1a_Km0.1,1015,19.484093185307756,,,,
F62022,10,M1a_Km0.1,1016,52.866278763444825,,,,
F62022,10,M1a_Km0.1,1017,53.74574099626648,,,,
F62022,10,M1a_Km0.1,1018,22.079833487745418,,,,
F62022,10,M1a_Km0.1,1019,27.68258001147842,,,,
F62022,10,M1a_Km0.1,1020,127.86186012989378,,,,
F62022,10,M1a_Km0.1,1021,4.0489444072179595,,,,
F62022,10,M1a_Km0.1,1022,36.00395751882775,,,,
F62022,10,M1a_Km0.1,1023,2.832452064221343,,,,
F62022,10,M1a_Km0.1,1024,54.606146596711824,,,,
F62022,10,M1a_Km0.1,1025,28.616137274977746,,,,
F62022,10,M1a_Km0.1,1026,1693.1376417405086,,,,
F62022,10,M1a_Km0.1,1027,1.6637739217378567,,,,
F62022,10,M1a_Km0.1,1028,16.542963877980583,,,,
F62022,10,M1a_Km0.1,1029,243.30770760247879,,,,
F62022,10,M1a_Km0.3,1000,18505.467195629077,,,,
F62022,10,M1a_Km0.3,1001,2301.875645733682,,,,
F62022,10,M1a_Km0.3,1002,1065.4543424360436,,,,
F62022,10,M1a_Km0.3,1003,230.8734409232727,,,,
F62022,10,M1a_Km0.3,1004,3172.553055931692,,,,
F62022,10,M1a_Km0.3,1005,1440.1168392432983,,,,
F62022,10,M1a_Km0.3,1006,373.38518504783315,,,,
F62022,10,M1a_Km0.3,1007,5697.392065065619,,,,
F62022,10,M1a_Km0.3,1008,3413.733664431342,,,,
F62022,10,M1a_Km0.3,1009,780.9846248392869,,,,
F62022,10,M1a_Km0.3,1010,1895.6776672298015,,,,
F62022,10,M1a_Km0.3,1011,2616.2067195287145,,,,
F62022,10,M1a_Km0.3,1012,4674.2288526888005,,,,
F62022,10,M1a_Km0.3,1013,1459.2566464014826,,,,
F62022,10,M1a_Km0.3,1014,434.54517475855846,,,,
F62022,10,M1a_Km0.3,1015,5724.822978004688,,,,
F62022,10,M1a_Km0.3,1016,2890.5916217555086,,,,
F62022,10,M1a_Km0.3,1017,6618.9562400057675,,,,
F62022,10,M1a_Km0.3,1018,7176.662668763505,,,,
F62022,10,M1a_Km0.3,1019,3217.4255633766625,,,,
F62022,10,M1a_Km0.3,1020,215.5816362311823,,,,
F62022,10,M1a_Km0.3,1021,231.58228364683214,,,,
F62022,10,M1a_Km0.3,1022,1412.5563376194305,,,,
F62022,10,M1a_Km0.3,1023,415.1522474348758,,,,
F62022,10,M1a_Km0.3,1024,984.7580258019848,,,,
F62022,10,M1a_Km0.3,1025,1517.4578761400971,,,,
F62022,10,M1a_Km0.3,1026,3112.2701704064702,,,,
F62022,10,M1a_Km0.3,1027,5454.818587735572,,,,
F62022,10,M1a_Km0.3,1028,1969.249535702097,,,,
F62022,10,M1a_Km0.3,1029,1990.3202985103667,,,,
F62022,10,M1a_Km1.0,1000,6731.677230971254,,,,
F62022,10,M1a_Km1.0,1001,4420.70360868484,,,,
F62022,10,M1a_Km1.0,1002,4506.364346451627,,,,
F62022,10,M1a_Km1.0,1003,30489.68187608609,,,,
F62022,10,M1a_Km1.0,1004,6127.632124008154,,,,
F62022,10,M1a_Km1.0,1005,2272.1105074599845,,,,
F62022,10,M1a_Km1.0,1006,7464.719337080423,,,,
F62022,10,M1a_Km1.0,1007,502.5666021755874,,,,
F62022,10,M1a_Km1.0,1008,6844.70498249065,,,,
F62022,10,M1a_Km1.0,1009,215.89689303516639,,,,
F62022,10,M1a_Km1.0,1010,403.46730621089273,,,,
F62022,10,M1a_Km1.0,1011,1677.782758582176,,,,
F62022,10,M1a_Km1.0,1012,18130.36610818427,,,,
F62022,10,M1a_Km1.0,1013,4222.370870434635,,,,
F62022,10,M1a_Km1.0,1014,3236.294140903685,,,,
F62022,10,M1a_Km1.0,1015,2176.5111634060995,,,,
F62022,10,M1a_Km1.0,1016,8359.801400112054,,,,
F62022,10,M1a_Km1.0,1017,844.4619978674782,,,,
F62022,10,M1a_Km1.0,1018,12806.6904062669,,,,
F62022,10,M1a_Km1.0,1019,6564.176634727015,,,,
F62022,10,M1a_Km1.0,1020,2568.889290332776,,,,
F62022,10,M1a_Km1.0,1021,5725.20006955763,,,,
F62022,10,M1a_Km1.0,1022,3812.67481762808,,,,
F62022,10,M1a_Km1.0,1023,4588.140020933831,,,,
F62022,10,M1a_Km1.0,1024,5395.083801831439,,,,
F62022,10,M1a_Km1.0,1025,5249.685895316468,,,,
F62022,10,M1a_Km1.0,1026,506.72527384739624,,,,
F62022,10,M1a_Km1.0,1027,7189.9429360132,,,,
F62022,10,M1a_Km1.0,1028,180.51419774431383,,,,
F62022,10,M1a_Km1.0,1029,3241.5963166421707,,,,
F62022,10,M1a_Km3.0,1000,4655.672693190198,,,,
F62022,10,M1a_Km3.0,1001,2836.1523304724815,,,,
F62022,10,M1a_Km3.0,1002,28830.693299352803,,,,
F62022,10,M1a_Km3.0,1003,3994.600849447499,,,,
F62022,10,M1a_Km3.0,1004,10626.109389861722,,,,
F62022,10,M1a_Km3.0,1005,10645.261376995515,,,,
F62022,10,M1a_Km3.0,1006,4209.0476583480595,,,,
F62022,10,M1a_Km3.0,1007,2516.1537041200518,,,,
F62022,10,M1a_Km3.0,1008,3120.8127897613576,,,,
F62022,10,M1a_Km3.0,1009,7865.915322190922,,,,
F62022,10,M1a_Km3.0,1010,1910.2153672913664,,,,
F62022,10,M1a_Km3.0,1011,1809.0257909351426,,,,
F62022,10,M1a_Km3.0,1012,7159.4484948565805,,,,
F62022,10,M1a_Km3.0,1013,3969.8492070103694,,,,
F62022,10,M1a_Km3.0,1014,2508.5780554785206,,,,
F62022,10,M1a_Km3.0,1015,32095.17400497674,,,,
F62022,10,M1a_Km3.0,1016,2069.931590198586,,,,
F62022,10,M1a_Km3.0,1017,44293.14869784913,,,,
F62022,10,M1a_Km3.0,1018,6080.379796766465,,,,
F62022,10,M1a_Km3.0,1019,15296.237660913226,,,,
F62022,10,M1a_Km3.0,1020,1340.788508491777,,,,
F62022,10,M1a_Km3.0,1021,3263.0866118733265,,,,
F62022,10,M1a_Km3.0,1022,3054.3857027589384,,,,
F62022,10,M1a_Km3.0,1023,28545.856980286895,,,,
F62022,10,M1a_Km3.0,1024,17547.965053116626,,,,
F62022,10,M1a_Km3.0,1025,1903.3294667205428,,,,
F62022,10,M1a_Km3.0,1026,10187.379428391285,,,,
F62022,10,M1a_Km3.0,1027,7327.021635437117,,,,
F62022,10,M1a_Km3.0,1028,1816.2870645347516,,,,
F62022,10,M1a_Km3.0,1029,2367.742422523499,,,,
F72022,10,M1a_Km0.1,1000,57.18063474894552,,,,
F72022,10,M1a_Km0.1,1001,39.50356468403038,,,,
F72022,10,M1a_Km0.1,1002,49.16094942347809,,,,
F72022,10,M1a_Km0.1,1003,41.4922745618544,,,,
F72022,10,M1a_Km0.1,1004,40.61310422281531,,,,
F72022,10,M1a_Km0.1,1005,37.27688425289625,,,,
F72022,10,M1a_Km0.1,1006,39.78347858431266,,,,
F72022,10,M1a_Km0.1,1007,43.38138490405595,,,,
F72022,10,M1a_Km0.1,1008,52.00788260200716,,,,
F72022,10,M1a_Km0.1,1009,73.90280846882433,,,,
F72022,10,M1a_Km0.1,1010,54.534459591596715,,,,
F72022,10,M1a_Km0.1,1011,61.35158642559327,,,,
F72022,10,M1a_Km0.1,1012,51.07523719062556,,,,
F72022,10,M1a_Km0.1,1013,50.50372805983534,,,,
F72022,10,M1a_Km0.1,1014,54.301418049322365,,,,
F72022,10,M1a_Km0.1,1015,55.36312104901026,,,,
F72022,10,M1a_Km0.1,1016,55.62514735766945,,,,
F72022,10,M1a_Km0.1,1017,53.72379475099342,,,,
F72022,10,M1a_Km0.1,1018,58.77231542186928,,,,
F72022,10,M1a_Km0.1,1019,53.758858302065164,,,,
F72022,10,M1a_Km0.1,1020,51.96531695332442,,,,
F72022,10,M1a_Km0.1,1021,56.418553048247304,,,,
F72022,10,M1a_Km0.1,1022,57.94010830027264,,,,
F72022,10,M1a_Km0.1,1023,70.45798340286046,,,,
F72022,10,M1a_Km0.1,1024,40.39474887577944,,,,
F72022,10,M1a_Km0.1,1025,50.846850212263234,,,,
F72022,10,M1a_Km0.1,1026,65.20556351499181,,,,
F72022,10,M1a_Km0.1,1027,64.87446002107345,,,,
F72022,10,M1a_Km0.1,1028,66.66058078732385,,,,
F72022,10,M1a_Km0.1,1029,42.96511244152907,,,,
F72022,10,M1a_Km0.3,1000,37.834808416537044,,,,
F72022,10,M1a_Km0.3,1001,38.807376936528726,,,,
F72022,10,M1a_Km0.3,1002,52.596516930393136,,,,
F72022,10,M1a_Km0.3,1003,42.93058296485583,,,,
F72022,10,M1a_Km0.3,1004,47.574931826329475,,,,
F72022,10,M1a_Km0.3,1005,39.34279614592106,,,,
F72022,10,M1a_Km0.3,1006,26.663342923962773,,,,
F72022,10,M1a_Km0.3,1007,43.09600460994625,,,,
F72022,10,M1a_Km0.3,1008,42.22712163096753,,,,
F72022,10,M1a_Km0.3,1009,33.90708906483064,,,,
F72022,10,M1a_Km0.3,1010,38.545308572906606,,,,
F72022,10,M1a_Km0.3,1011,43.35651359030294,,,,
F72022,10,M1a_Km0.3,1012,39.50332588339188,,,,
F72022,10,M1a_Km0.3,1013,33.99338724055474,,,,
F72022,10,M1a_Km0.3,1014,42.12750673005689,,,,
F72022,10,M1a_Km0.3,1015,46.95344797307803,,,,
F72022,10,M1a_Km0.3,1016,42.10537026841553,,,,
F72022,10,M1a_Km0.3,1017,47.08690905274534,,,,
F72022,10,M1a_Km0.3,1018,37.80799092864618,,,,
F72022,10,M1a_Km0.3,1019,33.37830530226461,,,,
F72022,10,M1a_Km0.3,1020,47.2729439992745,,,,
F72022,10,M1a_Km0.3,1021,37.832203459379116,,,,
F72022,10,M1a_Km0.3,1022,31.864406681993387,,,,
F72022,10,M1a_Km0.3,1023,52.91635265812056,,,,
F72022,10,M1a_Km0.3,1024,38.36503473786297,,,,
F72022,10,M1a_Km0.3,1025,39.193685763813164,,,,
F72022,10,M1a_Km0.3,1026,43.349615362227496,,,,
F72022,10,M1a_Km0.3,1027,28.280890357697217,,,,
F72022,10,M1a_Km0.3,1028,45.434805031643236,,,,
F72022,10,M1a_Km0.3,1029,42.396837540317165,,,,
F72022,10,M1a_Km1.0,1000,31.03341361902949,,,,
F72022,10,M1a_Km1.0,1001,29.807344431314505,,,,
F72022,10,M1a_Km1.0,1002,30.49576393336838,,,,
F72022,10,M1a_Km1.0,1003,22.73533955082894,,,,
F72022,10,M1a_Km1.0,1004,34.66846328549127,,,,
F72022,10,M1a_Km1.0,1005,28.399048642813796,,,,
F72022,10,M1a_Km1.0,1006,33.83865636419455,,,,
F72022,10,M1a_Km1.0,1007,134.28355428933446,,,,
F72022,10,M1a_Km1.0,1008,35.73840646893336,,,,
F72022,10,M1a_Km1.0,1009,29.754763653528244,,,,
F72022,10,M1a_Km1.0,1010,35.87244757265739,,,,
F72022,10,M1a_Km1.0,1011,37.74635269490159,,,,
F72022,10,M1a_Km1.0,1012,34.30264082947838,,,,
F72022,10,M1a_Km1.0,1013,31.43122260428163,,,,
F72022,10,M1a_Km1.0,1014,34.76295209145405,,,,
F72022,10,M1a_Km1.0,1015,35.34761697717158,,,,
F72022,10,M1a_Km1.0,1016,31.127084582127964,,,,
F72022,10,M1a_Km1.0,1017,35.28329130405996,,,,
F72022,10,M1a_Km1.0,1018,31.891489399568854,,,,
F72022,10,M1a_Km1.0,1019,30.49888334771208,,,,
F72022,10,M1a_Km1.0,1020,37.75629718101982,,,,
F72022,10,M1a_Km1.0,1021,30.29407388424829,,,,
F72022,10,M1a_Km1.0,1022,35.42933757699666,,,,
F72022,10,M1a_Km1.0,1023,28.97824645929245,,,,
F72022,10,M1a_Km1.0,1024,38.65568609556294,,,,
F72022,10,M1a_Km1.0,1025,35.609110631841986,,,,
F72022,10,M1a_Km1.0,1026,131.54067861379963,,,,
F72022,10,M1a_Km1.0,1027,17.280403343622538,,,,
F72022,10,M1a_Km1.0,1028,38.30010774362927,,,,
F72022,10,M1a_Km1.0,1029,32.340333031880164,,,,
F72022,10,M1a_Km3.0,1000,45.63173685491279,,,,
F72022,10,M1a_Km3.0,1001,29.45746359597115,,,,
F72022,10,M1a_Km3.0,1002,134.90359358801243,,,,
F72022,10,M1a_Km3.0,1003,30.604851616684527,,,,
F72022,10,M1a_Km3.0,1004,35.88735062238038,,,,
F72022,10,M1a_Km3.0,1005,30.452182338942976,,,,
F72022,10,M1a_Km3.0,1006,28.635398017600664,,,,
F72022,10,M1a_Km3.0,1007,25.60374598064027,,,,
F72022,10,M1a_Km3.0,1008,26.791211902103896,,,,
F72022,10,M1a_Km3.0,1009,32.49015121709658,,,,
F72022,10,M1a_Km3.0,1010,35.795040204408224,,,,
F72022,10,M1a_Km3.0,1011,34.22921908724993,,,,
F72022,10,M1a_Km3.0,1012,30.98174756884623,,,,
F72022,10,M1a_Km3.0,1013,29.928333908996592,,,,
F72022,10,M1a_Km3.0,1014,34.14334235840329,,,,
F72022,10,M1a_Km3.0,1015,33.45304487900012,,,,
F72022,10,M1a_Km3.0,1016,41.34764639818468,,,,
F72022,10,M1a_Km3.0,1017,138.30356747323412,,,,
F72022,10,M1a_Km3.0,1018,135.48649912210794,,,,
F72022,10,M1a_Km3.0,1019,33.15981958138332,,,,
F72022,10,M1a_Km3.0,1020,26.717297023754327,,,,
F72022,10,M1a_Km3.0,1021,29.375219505315044,,,,
F72022,10,M1a_Km3.0,1022,29.927324135479466,,,,
F72022,10,M1a_Km3.0,1023,31.344188628365373,,,,
F72022,10,M1a_Km3.0,1024,13.419334809730572,,,,
F72022,10,M1a_Km3.0,1025,32.49203047545234,,,,
F72022,10,M1a_Km3.0,1026,35.47874393588904,,,,
F72022,10,M1a_Km3.0,1027,34.78576242781355,,,,
F72022,10,M1a_Km3.0,1028,134.88619075393126,,,,
F72022,10,M1a_Km3.0,1029,35.8564957543806,,,,
F82022,10,M1a_Km0.1,1000,27.488216982104404,,,,
F82022,10,M1a_Km0.1,1001,27.23186136714139,,,,
F82022,10,M1a_Km0.1,1002,27.955875137473868,,,,
F82022,10,M1a_Km0.1,1003,26.358700573930037,,,,
F82022,10,M1a_Km0.1,1004,28.55897507887903,,,,
F82022,10,M1a_Km0.1,1005,23.908781181894028,,,,
F82022,10,M1a_Km0.1,1006,29.301594631097487,,,,
F82022,10,M1a_Km0.1,1007,26.958437904708262,,,,
F82022,10,M1a_Km0.1,1008,23.02902445212885,,,,
F82022,10,M1a_Km0.1,1009,28.295188176517513,,,,
F82022,10,M1a_Km0.1,1010,19.845394121923164,,,,
F82022,10,M1a_Km0.1,1011,27.61996144967634,,,,
F82022,10,M1a_Km0.1,1012,23.3649170337967,,,,
F82022,10,M1a_Km0.1,1013,28.468525829152895,,,,
F82022,10,M1a_Km0.1,1014,10.94738584996685,,,,
F82022,10,M1a_Km0.1,1015,27.393727850566393,,,,
F82022,10,M1a_Km0.1,1016,20.760918250627128,,,,
F82022,10,M1a_Km0.1,1017,28.09867363993908,,,,
F82022,10,M1a_Km0.1,1018,26.525761438048903,,,,
F82022,10,M1a_Km0.1,1019,19.122383855629323,,,,
F82022,10,M1a_Km0.1,1020,25.395121750639646,,,,
F82022,10,M1a_Km0.1,1021,24.753366132932115,,,,
F82022,10,M1a_Km0.1,1022,20.437294287948134,,,,
F82022,10,M1a_Km0.1,1023,24.875898175729162,,,,
F82022,10,M1a_Km0.1,1024,22.256433268368255,,,,
F82022,10,M1a_Km0.1,1025,24.839231342970834,,,,
F82022,10,M1a_Km0.1,1026,29.079311739024888,,,,
F82022,10,M1a_Km0.1,1027,24.296015625654036,,,,
F82022,10,M1a_Km0.1,1028,26.858250286446037,,,,
F82022,10,M1a_Km0.1,1029,27.720940562631313,,,,
F82022,10,M1a_Km0.3,1000,25.81822390284924,,,,
F82022,10,M1a_Km0.3,1001,13.345138153460994,,,,
F82022,10,M1a_Km0.3,1002,12.858027548965765,,,,
F82022,10,M1a_Km0.3,1003,26.980348455372678,,,,
F82022,10,M1a_Km0.3,1004,9.511770174558478,,,,
F82022,10,M1a_Km0.3,1005,26.612271245541706,,,,
F82022,10,M1a_Km0.3,1006,26.879049258275245,,,,
F82022,10,M1a_Km0.3,1007,25.14472931716591,,,,
F82022,10,M1a_Km0.3,1008,14.364888401086773,,,,
F82022,10,M1a_Km0.3,1009,26.822708463361778,,,,
F82022,10,M1a_Km0.3,1010,27.505258244657398,,,,
F82022,10,M1a_Km0.3,1011,26.39852875348788,,,,
F82022,10,M1a_Km0.3,1012,27.003189935329374,,,,
F82022,10,M1a_Km0.3,1013,25.461569099227745,,,,
F82022,10,M1a_Km0.3,1014,27.864797602882845,,,,
F82022,10,M1a_Km0.3,1015,26.31785587311424,,,,
F82022,10,M1a_Km0.3,1016,6.375815734723346,,,,
F82022,10,M1a_Km0.3,1017,25.40618654282207,,,,
F82022,10,M1a_Km0.3,1018,25.22606279826732,,,,
F82022,10,M1a_Km0.3,1019,19.002020582389832,,,,
F82022,10,M1a_Km0.3,1020,24.75296657745639,,,,
F82022,10,M1a_Km0.3,1021,25.579678352055453,,,,
F82022,10,M1a_Km0.3,1022,20.976865098607504,,,,
F82022,10,M1a_Km0.3,1023,26.11668194055528,,,,
F82022,10,M1a_Km0.3,1024,19.674867783689024,,,,
F82022,10,M1a_Km0.3,1025,19.09784583399596,,,,
F82022,10,M1a_Km0.3,1026,25.072354847614406,,,,
F82022,10,M1a_Km0.3,1027,24.687042501387623,,,,
F82022,10,M1a_Km0.3,1028,26.07874802024935,,,,
F82022,10,M1a_Km0.3,1029,25.75784508545121,,,,
F82022,10,M1a_Km1.0,1000,24.56782431871079,,,,
F82022,10,M1a_Km1.0,1001,24.382579877815715,,,,
F82022,10,M1a_Km1.0,1002,24.8275512151331,,,,
F82022,10,M1a_Km1.0,1003,23.95541137029568,,,,
F82022,10,M1a_Km1.0,1004,25.31523456213972,,,,
F82022,10,M1a_Km1.0,1005,24.488513321387018,,,,
F82022,10,M1a_Km1.0,1006,23.013073147827072,,,,
F82022,10,M1a_Km1.0,1007,23.37013495857991,,,,
F82022,10,M1a_Km1.0,1008,10.376725721071125,,,,
F82022,10,M1a_Km1.0,1009,25.262049679649863,,,,
F82022,10,M1a_Km1.0,1010,24.909406041640977,,,,
F82022,10,M1a_Km1.0,1011,24.61934748072872,,,,
F82022,10,M1a_Km1.0,1012,25.292561409730297,,,,
F82022,10,M1a_Km1.0,1013,24.928006043157893,,,,
F82022,10,M1a_Km1.0,1014,24.321560832413525,,,,
F82022,10,M1a_Km1.0,1015,24.123302651997165,,,,
F82022,10,M1a_Km1.0,1016,25.90813768150747,,,,
F82022,10,M1a_Km1.0,1017,25.724238200315995,,,,
F82022,10,M1a_Km1.0,1018,25.002929842924004,,,,
F82022,10,M1a_Km1.0,1019,25.122989743892504,,,,
F82022,10,M1a_Km1.0,1020,24.789872574882793,,,,
F82022,10,M1a_Km1.0,1021,25.55957949348476,,,,
F82022,10,M1a_Km1.0,1022,25.64378554788982,,,,
F82022,10,M1a_Km1.0,1023,24.265439507609244,,,,
F82022,10,M1a_Km1.0,1024,25.129157265199865,,,,
F82022,10,M1a_Km1.0,1025,24.53356158805991,,,,
F82022,10,M1a_Km1.0,1026,25.536517276486848,,,,
F82022,10,M1a_Km1.0,1027,25.136230434217396,,,,
F82022,10,M1a_Km1.0,1028,24.386908877830137,,,,
F82022,10,M1a_Km1.0,1029,23.559129222745923,,,,
F82022,10,M1a_Km3.0,1000,25.804931269162353,,,,
F82022,10,M1a_Km3.0,1001,24.85220932742004,,,,
F82022,10,M1a_Km3.0,1002,25.331388957832132,,,,
F82022,10,M1a_Km3.0,1003,25.01808829676338,,,,
F82022,10,M1a_Km3.0,1004,24.240155320851954,,,,
F82022,10,M1a_Km3.0,1005,26.219558730594144,,,,
F82022,10,M1a_Km3.0,1006,25.628087088985012,,,,
F82022,10,M1a_Km3.0,1007,26.32939807056482,,,,
F82022,10,M1a_Km3.0,1008,26.36644111759506,,,,
F82022,10,M1a_Km3.0,1009,122.98823364862801,,,,
F82022,10,M1a_Km3.0,1010,25.3282230885643,,,,
F82022,10,M1a_Km3.0,1011,24.32833292164196,,,,
F82022,10,M1a_Km3.0,1012,26.032240259564333,,,,
F82022,10,M1a_Km3.0,1013,27.908890277507453,,,,
F82022,10,M1a_Km3.0,1014,24.610785017375292,,,,
F82022,10,M1a_Km3.0,1015,27.674245499175868,,,,
F82022,10,M1a_Km3.0,1016,23.9507355463129,,,,
F82022,10,M1a_Km3.0,1017,25.827329370838015,,,,
F82022,10,M1a_Km3.0,1018,26.825743650345885,,,,
F82022,10,M1a_Km3.0,1019,24.50700195213949,,,,
F82022,10,M1a_Km3.0,1020,25.594801112993082,,,,
F82022,10,M1a_Km3.0,1021,26.257443643833994,,,,
F82022,10,M1a_Km3.0,1022,24.93646986979229,,,,
F82022,10,M1a_Km3.0,1023,122.6304357925228,,,,
F82022,10,M1a_Km3.0,1024,121.51323369729653,,,,
F82022,10,M1a_Km3.0,1025,24.792093383125575,,,,
F82022,10,M1a_Km3.0,1026,25.039657165099925,,,,
F82022,10,M1a_Km3.0,1027,24.42594354755738,,,,
F82022,10,M1a_Km3.0,1028,23.020267222233542,,,,
F82022,10,M1a_Km3.0,1029,24.212052789264817,,,,
F92022,10,M1a_Km0.1,1000,359.0943482064672,,,,
F92022,10,M1a_Km0.1,1001,0.009907767491768027,,,,
F92022,10,M1a_Km0.1,1002,0.0005975260123705084,,,,
F92022,10,M1a_Km0.1,1003,0.0030969498520789784,,,,
F92022,10,M1a_Km0.1,1004,0.0026147418534492317,,,,
F92022,10,M1a_Km0.1,1005,0.032241599312783364,,,,
F92022,10,M1a_Km0.1,1006,0.019368609551747795,,,,
F92022,10,M1a_Km0.1,1007,8.39404265207122e-06,,,,
F92022,10,M1a_Km0.1,1008,0.08730459775188137,,,,
F92022,10,M1a_Km0.1,1009,0.003861117857923091,,,,
F92022,10,M1a_Km0.1,1010,0.010942852851258067,,,,
F92022,10,M1a_Km0.1,1011,1.5152324740843142,,,,
F92022,10,M1a_Km0.1,1012,0.016776435678821144,,,,
F92022,10,M1a_Km0.1,1013,0.011343074184878787,,,,
F92022,10,M1a_Km0.1,1014,0.00031859033515502233,,,,
F92022,10,M1a_Km0.1,1015,1.2973386674275389e-05,,,,
F92022,10,M1a_Km0.1,1016,0.06842783934052932,,,,
F92022,10,M1a_Km0.1,1017,0.0018486946787561465,,,,
F92022,10,M1a_Km0.1,1018,0.00011503460746098426,,,,
F92022,10,M1a_Km0.1,1019,0.2338951672463736,,,,
F92022,10,M1a_Km0.1,1020,4.0751677261141594e-05,,,,
F92022,10,M1a_Km0.1,1021,0.0038142143707773357,,,,
F92022,10,M1a_Km0.1,1022,0.00225181562382204,,,,
F92022,10,M1a_Km0.1,1023,0.024858316667632607,,,,
F92022,10,M1a_Km0.1,1024,0.000851644138492702,,,,
F92022,10,M1a_Km0.1,1025,0.1272111101216069,,,,
F92022,10,M1a_Km0.1,1026,0.01532035142508903,,,,
F92022,10,M1a_Km0.1,1027,0.15209512874798747,,,,
F92022,10,M1a_Km0.1,1028,0.21365906045502925,,,,
F92022,10,M1a_Km0.1,1029,1.5231213637889596e-05,,,,
F92022,10,M1a_Km0.3,1000,1.1909833119716495e-08,,,,
F92022,10,M1a_Km0.3,1001,4.6410968934651464e-07,,,,
F92022,10,M1a_Km0.3,1002,364.3886770705276,,,,
F92022,10,M1a_Km0.3,1003,363.5828653393928,,,,
F92022,10,M1a_Km0.3,1004,1.0892108548432589e-08,,,,
F92022,10,M1a_Km0.3,1005,1.2755663192365319e-09,,,,
F92022,10,M1a_Km0.3,1006,9.030277396959718e-07,,,,
F92022,10,M1a_Km0.3,1007,359.0944577774749,,,,
F92022,10,M1a_Km0.3,1008,8.875031198840588e-08,,,,
F92022,10,M1a_Km0.3,1009,2.2076619643485174e-08,,,,
F92022,10,M1a_Km0.3,1010,365.8872704958717,,,,
F92022,10,M1a_Km0.3,1011,1.0845451470231637e-07,,,,
F92022,10,M1a_Km0.3,1012,2.043693712039385e-07,,,,
F92022,10,M1a_Km0.3,1013,5.1695265028683934e-06,,,,
F92022,10,M1a_Km0.3,1014,5.439687811303884e-09,,,,
F92022,10,M1a_Km0.3,1015,1.3289536582306027e-08,,,,
F92022,10,M1a_Km0.3,1016,8.148888809955679e-06,,,,
F92022,10,M1a_Km0.3,1017,1.5230853023240343e-08,,,,
F92022,10,M1a_Km0.3,1018,3.6024493965669535e-07,,,,
F92022,10,M1a_Km0.3,1019,4.029061528854072e-10,,,,
F92022,10,M1a_Km0.3,1020,366.8949409335164,,,,
F92022,10,M1a_Km0.3,1021,1.8215632735518739e-07,,,,
F92022,10,M1a_Km0.3,1022,364.8694713989248,,,,
F92022,10,M1a_Km0.3,1023,2.0359175323392265e-07,,,,
F92022,10,M1a_Km0.3,1024,2.3572192731080577e-07,,,,
F92022,10,M1a_Km0.3,1025,7.059270501486026e-08,,,,
F92022,10,M1a_Km0.3,1026,4.575872480927501e-07,,,,
F92022,10,M1a_Km0.3,1027,7.436783562297933e-07,,,,
F92022,10,M1a_Km0.3,1028,368.2522155398592,,,,
F92022,10,M1a_Km0.3,1029,2.524884621379897e-07,,,,
F92022,10,M1a_Km1.0,1000,1.7948877939488739e-09,,,,
F92022,10,M1a_Km1.0,1001,7.908056431915611e-09,,,,
F92022,10,M1a_Km1.0,1002,3.380137059139088e-09,,,,
F92022,10,M1a_Km1.0,1003,370.0465508894631,,,,
F92022,10,M1a_Km1.0,1004,4.083494786755182e-08,,,,
F92022,10,M1a_Km1.0,1005,2.349047463212628e-07,,,,
F92022,10,M1a_Km1.0,1006,5.218507794779725e-07,,,,
F92022,10,M1a_Km1.0,1007,359.1949918868986,,,,
F92022,10,M1a_Km1.0,1008,5.1177504701627186e-05,,,,
F92022,10,M1a_Km1.0,1009,359.19267035133,,,,
F92022,10,M1a_Km1.0,1010,9.068116924026981e-09,,,,
F92022,10,M1a_Km1.0,1011,1.0858593668672256e-07,,,,
F92022,10,M1a_Km1.0,1012,3.728928277269006e-10,,,,
F92022,10,M1a_Km1.0,1013,359.5148101369132,,,,
F92022,10,M1a_Km1.0,1014,359.09435156877953,,,,
F92022,10,M1a_Km1.0,1015,1.6211743059102446e-09,,,,
F92022,10,M1a_Km1.0,1016,1.0095391189679503e-10,,,,
F92022,10,M1a_Km1.0,1017,359.09910319336814,,,,
F92022,10,M1a_Km1.0,1018,4.852154233958572e-09,,,,
F92022,10,M1a_Km1.0,1019,369.265853983361,,,,
F92022,10,M1a_Km1.0,1020,368.90250967524116,,,,
F92022,10,M1a_Km1.0,1021,359.0943451002254,,,,
F92022,10,M1a_Km1.0,1022,361.3275153641971,,,,
F92022,10,M1a_Km1.0,1023,4.006324161309749e-10,,,,
F92022,10,M1a_Km1.0,1024,0.0011813277405963163,,,,
F92022,10,M1a_Km1.0,1025,360.0842223472455,,,,
F92022,10,M1a_Km1.0,1026,364.30356438458284,,,,
F92022,10,M1a_Km1.0,1027,5.9535068430704996e-08,,,,
F92022,10,M1a_Km1.0,1028,360.68404176568265,,,,
F92022,10,M1a_Km1.0,1029,1.7463207768741995e-08,,,,
F92022,10,M1a_Km3.0,1000,364.49633462875545,,,,
F92022,10,M1a_Km3.0,1001,1.6780177247710526e-10,,,,
F92022,10,M1a_Km3.0,1002,361.11299197031485,,,,
F92022,10,M1a_Km3.0,1003,442.96871085406565,,,,
F92022,10,M1a_Km3.0,1004,364.54313869846374,,,,
F92022,10,M1a_Km3.0,1005,359.0959657700423,,,,
F92022,10,M1a_Km3.0,1006,1.4006218407303095e-10,,,,
F92022,10,M1a_Km3.0,1007,1.9399067241465673e-08,,,,
F92022,10,M1a_Km3.0,1008,3.8335201679728925e-10,,,,
F92022,10,M1a_Km3.0,1009,366.2545460973347,,,,
F92022,10,M1a_Km3.0,1010,369.90786553436874,,,,
F92022,10,M1a_Km3.0,1011,709.2535230782355,,,,
F92022,10,M1a_Km3.0,1012,2.560227585490793e-10,,,,
F92022,10,M1a_Km3.0,1013,368.3386352083048,,,,
F92022,10,M1a_Km3.0,1014,4.137018549954519e-08,,,,
F92022,10,M1a_Km3.0,1015,2.9340299079194665e-09,,,,
F92022,10,M1a_Km3.0,1016,359.09993580684977,,,,
F92022,10,M1a_Km3.0,1017,360.0719453832712,,,,
F92022,10,M1a_Km3.0,1018,445.6054747038106,,,,
F92022,10,M1a_Km3.0,1019,364.5333752756778,,,,
F92022,10,M1a_Km3.0,1020,370.0859658941299,,,,
F92022,10,M1a_Km3.0,1021,359.7210191765853,,,,
F92022,10,M1a_Km3.0,1022,366.8781897979429,,,,
F92022,10,M1a_Km3.0,1023,4.865796654485166e-11,,,,
F92022,10,M1a_Km3.0,1024,369.859803545703,,,,
F92022,10,M1a_Km3.0,1025,369.86087073692397,,,,
F92022,10,M1a_Km3.0,1026,359.09440307643945,,,,
F92022,10,M1a_Km3.0,1027,5.4942574934102595e-09,,,,
F92022,10,M1a_Km3.0,1028,369.1717697815543,,,,
F92022,10,M1a_Km3.0,1029,1.5825207810848951e-10,,,,
F102022,10,M1a_Km0.1,1000,225.17257554350726,,,,
F102022,10,M1a_Km0.1,1001,222.15313118426866,,,,
F102022,10,M1a_Km0.1,1002,223.4583756480497,,,,
F102022,10,M1a_Km0.1,1003,223.32337507843567,,,,
F102022,10,M1a_Km0.1,1004,220.8726679854849,,,,
F102022,10,M1a_Km0.1,1005,222.52447224401476,,,,
F102022,10,M1a_Km0.1,1006,224.0080523585675,,,,
F102022,10,M1a_Km0.1,1007,221.5650077908499,,,,
F102022,10,M1a_Km0.1,1008,222.39653585319593,,,,
F102022,10,M1a_Km0.1,1009,223.73323646075278,,,,
F102022,10,M1a_Km0.1,1010,220.93350279230026,,,,
F102022,10,M1a_Km0.1,1011,220.76428569642076,,,,
F102022,10,M1a_Km0.1,1012,223.56982331732343,,,,
F102022,10,M1a_Km0.1,1013,228.06794776670176,,,,
F102022,10,M1a_Km0.1,1014,352.8076386064986,,,,
F102022,10,M1a_Km0.1,1015,224.37571222479528,,,,
F102022,10,M1a_Km0.1,1016,222.17440575688897,,,,
F102022,10,M1a_Km0.1,1017,220.87264975461085,,,,
F102022,10,M1a_Km0.1,1018,222.47387661442008,,,,
F102022,10,M1a_Km0.1,1019,221.05836152992197,,,,
F102022,10,M1a_Km0.1,1020,224.82081115061237,,,,
F102022,10,M1a_Km0.1,1021,222.13081417829562,,,,
F102022,10,M1a_Km0.1,1022,221.27784726298069,,,,
F102022,10,M1a_Km0.1,1023,220.87269776392668,,,,
F102022,10,M1a_Km0.1,1024,226.2677748332062,,,,
F102022,10,M1a_Km0.1,1025,223.61222497604922,,,,
F102022,10,M1a_Km0.1,1026,223.11855983622354,,,,
F102022,10,M1a_Km0.1,1027,221.12213509347293,,,,
F102022,10,M1a_Km0.1,1028,223.00270582810435,,,,
F102022,10,M1a_Km0.1,1029,222.47499817037487,,,,
F102022,10,M1a_Km0.3,1000,224.61997772508403,,,,
F102022,10,M1a_Km0.3,1001,223.0222677168349,,,,
F102022,10,M1a_Km0.3,1002,223.3741650402435,,,,
F102022,10,M1a_Km0.3,1003,227.8724840154664,,,,
F102022,10,M1a_Km0.3,1004,347.66285106615214,,,,
F102022,10,M1a_Km0.3,1005,221.580936777445,,,,
F102022,10,M1a_Km0.3,1006,322.7382285090389,,,,
F102022,10,M1a_Km0.3,1007,227.09588468420816,,,,
F102022,10,M1a_Km0.3,1008,222.1097004852395,,,,
F102022,10,M1a_Km0.3,1009,223.26192919220648,,,,
F102022,10,M1a_Km0.3,1010,222.21523698289002,,,,
F102022,10,M1a_Km0.3,1011,223.0011387774657,,,,
F102022,10,M1a_Km0.3,1012,222.1744000774952,,,,
F102022,10,M1a_Km0.3,1013,339.28946261550936,,,,
F102022,10,M1a_Km0.3,1014,223.24278534249652,,,,
F102022,10,M1a_Km0.3,1015,356.9798480152117,,,,
F102022,10,M1a_Km0.3,1016,223.00250647026633,,,,
F102022,10,M1a_Km0.3,1017,223.45837526848754,,,,
F102022,10,M1a_Km0.3,1018,230.05808937710754,,,,
F102022,10,M1a_Km0.3,1019,226.60616134625616,,,,
F102022,10,M1a_Km0.3,1020,227.9102774276721,,,,
F102022,10,M1a_Km0.3,1021,222.15165065229849,,,,
F102022,10,M1a_Km0.3,1022,223.73323645076516,,,,
F102022,10,M1a_Km0.3,1023,227.6070597245448,,,,
F102022,10,M1a_Km0.3,1024,222.15165065704377,,,,
F102022,10,M1a_Km0.3,1025,327.80626144119196,,,,
F102022,10,M1a_Km0.3,1026,223.2276988361764,,,,
F102022,10,M1a_Km0.3,1027,222.47387664115558,,,,
F102022,10,M1a_Km0.3,1028,223.228689733603,,,,
F102022,10,M1a_Km0.3,1029,221.62566777373513,,,,
F102022,10,M1a_Km1.0,1000,222.32661486991583,,,,
F102022,10,M1a_Km1.0,1001,224.11095295168252,,,,
F102022,10,M1a_Km1.0,1002,223.73323643040794,,,,
F102022,10,M1a_Km1.0,1003,226.97237017887846,,,,
F102022,10,M1a_Km1.0,1004,339.3626203737367,,,,
F102022,10,M1a_Km1.0,1005,222.67220361935642,,,,
F102022,10,M1a_Km1.0,1006,342.1508276210079,,,,
F102022,10,M1a_Km1.0,1007,365.23045985497083,,,,
F102022,10,M1a_Km1.0,1008,345.38679869823,,,,
F102022,10,M1a_Km1.0,1009,222.70699574636274,,,,
F102022,10,M1a_Km1.0,1010,220.55323650326636,,,,
F102022,10,M1a_Km1.0,1011,228.05263157397167,,,,
F102022,10,M1a_Km1.0,1012,222.5376874927797,,,,
F102022,10,M1a_Km1.0,1013,330.2153188341981,,,,
F102022,10,M1a_Km1.0,1014,335.6575205476629,,,,
F102022,10,M1a_Km1.0,1015,333.47720539102966,,,,
F102022,10,M1a_Km1.0,1016,224.6159039601339,,,,
F102022,10,M1a_Km1.0,1017,240.66007792048867,,,,
F102022,10,M1a_Km1.0,1018,223.26000534841023,,,,
F102022,10,M1a_Km1.0,1019,228.27598029651426,,,,
F102022,10,M1a_Km1.0,1020,227.26695736767988,,,,
F102022,10,M1a_Km1.0,1021,223.88495916012198,,,,
F102022,10,M1a_Km1.0,1022,320.88950808949176,,,,
F102022,10,M1a_Km1.0,1023,223.7332364304084,,,,
F102022,10,M1a_Km1.0,1024,222.1744000774961,,,,
F102022,10,M1a_Km1.0,1025,342.2202804904441,,,,
F102022,10,M1a_Km1.0,1026,226.50962152011152,,,,
F102022,10,M1a_Km1.0,1027,225.83518786090553,,,,
F102022,10,M1a_Km1.0,1028,222.09352438097403,,,,
F102022,10,M1a_Km1.0,1029,228.65521051728,,,,
F102022,10,M1a_Km3.0,1000,222.33171752714725,,,,
F102022,10,M1a_Km3.0,1001,340.56457678910647,,,,
F102022,10,M1a_Km3.0,1002,225.24969214692464,,,,
F102022,10,M1a_Km3.0,1003,228.65507121064184,,,,
F102022,10,M1a_Km3.0,1004,322.1674922134089,,,,
F102022,10,M1a_Km3.0,1005,221.2200591468163,,,,
F102022,10,M1a_Km3.0,1006,355.71185392409825,,,,
F102022,10,M1a_Km3.0,1007,223.41962919625166,,,,
F102022,10,M1a_Km3.0,1008,340.28936045654245,,,,
F102022,10,M1a_Km3.0,1009,226.61470847102146,,,,
F102022,10,M1a_Km3.0,1010,332.5875438573339,,,,
F102022,10,M1a_Km3.0,1011,220.87264974898017,,,,
F102022,10,M1a_Km3.0,1012,230.93516554451298,,,,
F102022,10,M1a_Km3.0,1013,329.3400100155586,,,,
F102022,10,M1a_Km3.0,1014,221.2041332009012,,,,
F102022,10,M1a_Km3.0,1015,345.3793135462947,,,,
F102022,10,M1a_Km3.0,1016,222.7127553434002,,,,
F102022,10,M1a_Km3.0,1017,222.2573344855664,,,,
F102022,10,M1a_Km3.0,1018,228.71930477897104,,,,
F102022,10,M1a_Km3.0,1019,222.06553179656248,,,,
F102022,10,M1a_Km3.0,1020,339.16899908892356,,,,
F102022,10,M1a_Km3.0,1021,226.52874477153773,,,,
F102022,10,M1a_Km3.0,1022,317.33271970169926,,,,
F102022,10,M1a_Km3.0,1023,221.12205728252502,,,,
F102022,10,M1a_Km3.0,1024,356.7637492508393,,,,
F102022,10,M1a_Km3.0,1025,314.9726276791307,,,,
F102022,10,M1a_Km3.0,1026,328.5776934535552,,,,
F102022,10,M1a_Km3.0,1027,338.9585140366762,,,,
F102022,10,M1a_Km3.0,1028,227.7034475501032,,,,
F102022,10,M1a_Km3.0,1029,225.53095353374192,,,,
F112022,10,M1a_Km0.1,1000,0.00022118068727650098,,,,
F112022,10,M1a_Km0.1,1001,5.507329206011491e-06,,,,
F112022,10,M1a_Km0.1,1002,0.008161074272720725,,,,
F112022,10,M1a_Km0.1,1003,0.00010647361159499269,,,,
F112022,10,M1a_Km0.1,1004,0.00039259055392903974,,,,
F112022,10,M1a_Km0.1,1005,0.006247944903407188,,,,
F112022,10,M1a_Km0.1,1006,2.5309418560937047e-08,,,,
F112022,10,M1a_Km0.1,1007,0.00010414264261271455,,,,
F112022,10,M1a_Km0.1,1008,0.0021502194263121055,,,,
F112022,10,M1a_Km0.1,1009,0.0008104482653834566,,,,
F112022,10,M1a_Km0.1,1010,7.329849722736981e-07,,,,
F112022,10,M1a_Km0.1,1011,0.008018957779768243,,,,
F112022,10,M1a_Km0.1,1012,0.00095258294550149,,,,
F112022,10,M1a_Km0.1,1013,0.0004050951033605088,,,,
F112022,10,M1a_Km0.1,1014,0.003413706351238943,,,,
F112022,10,M1a_Km0.1,1015,0.0009744611593305308,,,,
F112022,10,M1a_Km0.1,1016,2.436458999000024e-07,,,,
F112022,10,M1a_Km0.1,1017,0.00024721498130020336,,,,
F112022,10,M1a_Km0.1,1018,0.00047322447471742635,,,,
F112022,10,M1a_Km0.1,1019,0.00012020855865557678,,,,
F112022,10,M1a_Km0.1,1020,0.002983247703014058,,,,
F112022,10,M1a_Km0.1,1021,0.002369792875015264,,,,
F112022,10,M1a_Km0.1,1022,0.012825150166463573,,,,
F112022,10,M1a_Km0.1,1023,0.00512765545045113,,,,
F112022,10,M1a_Km0.1,1024,0.001998339511828817,,,,
F112022,10,M1a_Km0.1,1025,0.003964715391248319,,,,
F112022,10,M1a_Km0.1,1026,0.005700662231447495,,,,
F112022,10,M1a_Km0.1,1027,8.077853908616817e-05,,,,
F112022,10,M1a_Km0.1,1028,0.0010326721153433027,,,,
F112022,10,M1a_Km0.1,1029,8.618024821771542e-05,,,,
F112022,10,M1a_Km0.3,1000,5.769834388047457e-09,,,,
F112022,10,M1a_Km0.3,1001,5.208144102653023e-07,,,,
F112022,10,M1a_Km0.3,1002,876.0688983265582,,,,
F112022,10,M1a_Km0.3,1003,2.3364918888546526e-09,,,,
F112022,10,M1a_Km0.3,1004,8.276401786133647e-11,,,,
F112022,10,M1a_Km0.3,1005,4.285539034754038e-08,,,,
F112022,10,M1a_Km0.3,1006,9.913492249324918e-11,,,,
F112022,10,M1a_Km0.3,1007,9.798623068490997e-08,,,,
F112022,10,M1a_Km0.3,1008,0.0007898986696091015,,,,
F112022,10,M1a_Km0.3,1009,0.0001338310535174969,,,,
F112022,10,M1a_Km0.3,1010,4.4742591853719205e-09,,,,
F112022,10,M1a_Km0.3,1011,6.942785603314405e-06,,,,
F112022,10,M1a_Km0.3,1012,2.1342202671803534e-08,,,,
F112022,10,M1a_Km0.3,1013,3.490013114060275e-07,,,,
F112022,10,M1a_Km0.3,1014,7.82611095928587e-08,,,,
F112022,10,M1a_Km0.3,1015,1.1477823136374354e-09,,,,
F112022,10,M1a_Km0.3,1016,22.778723065130634,,,,
F112022,10,M1a_Km0.3,1017,2.6670068109524436e-07,,,,
F112022,10,M1a_Km0.3,1018,1.3001681509194896e-08,,,,
F112022,10,M1a_Km0.3,1019,2.7284841053187847e-12,,,,
F112022,10,M1a_Km0.3,1020,7.184162768680835e-06,,,,
F112022,10,M1a_Km0.3,1021,1.1521478882059455e-08,,,,
F112022,10,M1a_Km0.3,1022,7.862581696826965e-10,,,,
F112022,10,M1a_Km0.3,1023,1.6393641999457031e-09,,,,
F112022,10,M1a_Km0.3,1024,4.115918272873387e-09,,,,
F112022,10,M1a_Km0.3,1025,0.0003248038638048456,,,,
F112022,10,M1a_Km0.3,1026,0.00031784525390321505,,,,
F112022,10,M1a_Km0.3,1027,3.5419816413195804e-08,,,,
F112022,10,M1a_Km0.3,1028,1.5279510989785194e-10,,,,
F112022,10,M1a_Km0.3,1029,1.4242823453969322e-07,,,,
F112022,10,M1a_Km1.0,1000,4.092726157978177e-11,,,,
F112022,10,M1a_Km1.0,1001,6.435129762394354e-09,,,,
F112022,10,M1a_Km1.0,1002,876.0688983265486,,,,
F112022,10,M1a_Km1.0,1003,3.6062465369468555e-07,,,,
F112022,10,M1a_Km1.0,1004,5.007677827961743e-09,,,,
F112022,10,M1a_Km1.0,1005,7.557900971733034e-10,,,,
F112022,10,M1a_Km1.0,1006,2.9267753234307747e-06,,,,
F112022,10,M1a_Km1.0,1007,2.4101609596982598e-11,,,,
F112022,10,M1a_Km1.0,1008,879.1471654089482,,,,
F112022,10,M1a_Km1.0,1009,1.0577377906884067e-07,,,,
F112022,10,M1a_Km1.0,1010,1.261150828213431e-08,,,,
F112022,10,M1a_Km1.0,1011,3.246896085329354e-10,,,,
F112022,10,M1a_Km1.0,1012,882.3583237850885,,,,
F112022,10,M1a_Km1.0,1013,2.2591848392039537e-09,,,,
F112022,10,M1a_Km1.0,1014,4.3655745685100555e-11,,,,
F112022,10,M1a_Km1.0,1015,2.8398972062859684e-08,,,,
F112022,10,M1a_Km1.0,1016,5.329638952389359e-10,,,,
F112022,10,M1a_Km1.0,1017,7.67158780945465e-10,,,,
F112022,10,M1a_Km1.0,1018,1.23463905765675e-09,,,,
F112022,10,M1a_Km1.0,1019,2.460183168295771e-10,,,,
F112022,10,M1a_Km1.0,1020,7.275957614183426e-11,,,,
F112022,10,M1a_Km1.0,1021,3.4378899727016687e-10,,,,
F112022,10,M1a_Km1.0,1022,9.64064383879304e-10,,,,
F112022,10,M1a_Km1.0,1023,2.6516318030189723e-09,,,,
F112022,10,M1a_Km1.0,1024,7.275957614183426e-12,,,,
F112022,10,M1a_Km1.0,1025,885.0309683719079,,,,
F112022,10,M1a_Km1.0,1026,4.9311893235426396e-08,,,,
F112022,10,M1a_Km1.0,1027,22.425596246085206,,,,
F112022,10,M1a_Km1.0,1028,21.32353720000492,,,,
F112022,10,M1a_Km1.0,1029,1.98315319721587e-09,,,,
F112022,10,M1a_Km3.0,1000,7.275957614183426e-10,,,,
F112022,10,M1a_Km3.0,1001,2.1491359802894294e-09,,,,
F112022,10,M1a_Km3.0,1002,882.3583237850889,,,,
F112022,10,M1a_Km3.0,1003,8.512870408594608e-10,,,,
F112022,10,M1a_Km3.0,1004,882.3583238139986,,,,
F112022,10,M1a_Km3.0,1005,4.501998773775995e-10,,,,
F112022,10,M1a_Km3.0,1006,2.842170943040401e-10,,,,
F112022,10,M1a_Km3.0,1007,2.3791017156327143e-08,,,,
F112022,10,M1a_Km3.0,1008,879.3409347758352,,,,
F112022,10,M1a_Km3.0,1009,2.7284841053187847e-12,,,,
F112022,10,M1a_Km3.0,1010,1.6316334949806333e-09,,,,
F112022,10,M1a_Km3.0,1011,24.415234757833787,,,,
F112022,10,M1a_Km3.0,1012,925.6905662401341,,,,
F112022,10,M1a_Km3.0,1013,1.2520113159553148e-06,,,,
F112022,10,M1a_Km3.0,1014,5.217216312303208e-07,,,,
F112022,10,M1a_Km3.0,1015,1.5576461009914055e-08,,,,
F112022,10,M1a_Km3.0,1016,1.7704996935208328e-07,,,,
F112022,10,M1a_Km3.0,1017,1.9417711882852018e-10,,,,
F112022,10,M1a_Km3.0,1018,3.205968823749572e-10,,,,
F112022,10,M1a_Km3.0,1019,8.06130628916435e-09,,,,
F112022,10,M1a_Km3.0,1020,3.2219759305007756e-08,,,,
F112022,10,M1a_Km3.0,1021,2.7466739993542433e-10,,,,
F112022,10,M1a_Km3.0,1022,4.69299266114831e-10,,,,
F112022,10,M1a_Km3.0,1023,1.6007106751203537e-10,,,,
F112022,10,M1a_Km3.0,1024,17.39464542525684,,,,
F112022,10,M1a_Km3.0,1025,876.9248252571206,,,,
F112022,10,M1a_Km3.0,1026,22.394545789980384,,,,
F112022,10,M1a_Km3.0,1027,8.829374564811587e-09,,,,
F112022,10,M1a_Km3.0,1028,1.308469109062571e-06,,,,
F112022,10,M1a_Km3.0,1029,1.5981354408722837e-06,,,,
F122022,10,M1a_Km0.1,1000,166.7646507830168,,,,
F122022,10,M1a_Km0.1,1001,166.03293048648493,,,,
F122022,10,M1a_Km0.1,1002,165.04701650452034,,,,
F122022,10,M1a_Km0.1,1003,166.40541413506116,,,,
F122022,10,M1a_Km0.1,1004,166.02643507057883,,,,
F122022,10,M1a_Km0.1,1005,165.66392406668,,,,
F122022,10,M1a_Km0.1,1006,166.44735710494524,,,,
F122022,10,M1a_Km0.1,1007,165.06647439032395,,,,
F122022,10,M1a_Km0.1,1008,167.13216386545037,,,,
F122022,10,M1a_Km0.1,1009,166.5754328300768,,,,
F122022,10,M1a_Km0.1,1010,164.50495147756465,,,,
F122022,10,M1a_Km0.1,1011,166.97544216285587,,,,
F122022,10,M1a_Km0.1,1012,165.49589363735868,,,,
F122022,10,M1a_Km0.1,1013,165.91416866526288,,,,
F122022,10,M1a_Km0.1,1014,167.2766153809539,,,,
F122022,10,M1a_Km0.1,1015,166.70561575177135,,,,
F122022,10,M1a_Km0.1,1016,166.71403049866421,,,,
F122022,10,M1a_Km0.1,1017,166.77006549374573,,,,
F122022,10,M1a_Km0.1,1018,166.37974197453195,,,,
F122022,10,M1a_Km0.1,1019,164.49523087543093,,,,
F122022,10,M1a_Km0.1,1020,165.43863901526993,,,,
F122022,10,M1a_Km0.1,1021,167.93725300130836,,,,
F122022,10,M1a_Km0.1,1022,171.9090735475911,,,,
F122022,10,M1a_Km0.1,1023,164.91927682905953,,,,
F122022,10,M1a_Km0.1,1024,165.0506491161109,,,,
F122022,10,M1a_Km0.1,1025,166.46926665641968,,,,
F122022,10,M1a_Km0.1,1026,165.85969878793094,,,,
F122022,10,M1a_Km0.1,1027,165.91306038921175,,,,
F122022,10,M1a_Km0.1,1028,164.90807074360328,,,,
F122022,10,M1a_Km0.1,1029,165.9223358262043,,,,
F122022,10,M1a_Km0.3,1000,166.46035719042266,,,,
F122022,10,M1a_Km0.3,1001,165.49782880055454,,,,
F122022,10,M1a_Km0.3,1002,166.4603571904231,,,,
F122022,10,M1a_Km0.3,1003,167.3705865759689,,,,
F122022,10,M1a_Km0.3,1004,166.4126330345216,,,,
F122022,10,M1a_Km0.3,1005,166.51939789219068,,,,
F122022,10,M1a_Km0.3,1006,171.45203977073925,,,,
F122022,10,M1a_Km0.3,1007,168.25857821249247,,,,
F122022,10,M1a_Km0.3,1008,166.44765732183123,,,,
F122022,10,M1a_Km0.3,1009,167.05327319722028,,,,
F122022,10,M1a_Km0.3,1010,208.56812350998143,,,,
F122022,10,M1a_Km0.3,1011,167.5977227590397,,,,
F122022,10,M1a_Km0.3,1012,168.5716153415774,,,,
F122022,10,M1a_Km0.3,1013,167.4125676032827,,,,
F122022,10,M1a_Km0.3,1014,164.48610505836496,,,,
F122022,10,M1a_Km0.3,1015,167.4803262992009,,,,
F122022,10,M1a_Km0.3,1016,168.6048852598542,,,,
F122022,10,M1a_Km0.3,1017,169.62807575373017,,,,
F122022,10,M1a_Km0.3,1018,172.17757752317948,,,,
F122022,10,M1a_Km0.3,1019,166.22273832696192,,,,
F122022,10,M1a_Km0.3,1020,164.48453920749807,,,,
F122022,10,M1a_Km0.3,1021,169.0852706096034,,,,
F122022,10,M1a_Km0.3,1022,166.6033169147113,,,,
F122022,10,M1a_Km0.3,1023,166.40798169949767,,,,
F122022,10,M1a_Km0.3,1024,173.3507102701974,,,,
F122022,10,M1a_Km0.3,1025,166.55636538136378,,,,
F122022,10,M1a_Km0.3,1026,166.40346743666396,,,,
F122022,10,M1a_Km0.3,1027,172.3999344531262,,,,
F122022,10,M1a_Km0.3,1028,166.4413026061511,,,,
F122022,10,M1a_Km0.3,1029,166.7117642351377,,,,
F122022,10,M1a_Km1.0,1000,169.96158773225807,,,,
F122022,10,M1a_Km1.0,1001,166.98054460536423,,,,
F122022,10,M1a_Km1.0,1002,168.05245234661788,,,,
F122022,10,M1a_Km1.0,1003,167.73792619109554,,,,
F122022,10,M1a_Km1.0,1004,166.39206167570228,,,,
F122022,10,M1a_Km1.0,1005,166.94409681112893,,,,
F122022,10,M1a_Km1.0,1006,166.2323117884339,,,,
F122022,10,M1a_Km1.0,1007,167.48014382836982,,,,
F122022,10,M1a_Km1.0,1008,163.7854739150166,,,,
F122022,10,M1a_Km1.0,1009,164.90514729736014,,,,
F122022,10,M1a_Km1.0,1010,207.83706286392044,,,,
F122022,10,M1a_Km1.0,1011,177.6073714731292,,,,
F122022,10,M1a_Km1.0,1012,171.31742386924088,,,,
F122022,10,M1a_Km1.0,1013,174.47683330436257,,,,
F122022,10,M1a_Km1.0,1014,167.4806405317545,,,,
F122022,10,M1a_Km1.0,1015,170.61290313723066,,,,
F122022,10,M1a_Km1.0,1016,168.73944534171733,,,,
F122022,10,M1a_Km1.0,1017,166.41000293162415,,,,
F122022,10,M1a_Km1.0,1018,168.6119928631956,,,,
F122022,10,M1a_Km1.0,1019,169.81060312429418,,,,
F122022,10,M1a_Km1.0,1020,168.9529098853027,,,,
F122022,10,M1a_Km1.0,1021,170.57219616952807,,,,
F122022,10,M1a_Km1.0,1022,206.09700243794032,,,,
F122022,10,M1a_Km1.0,1023,247.80812523760233,,,,
F122022,10,M1a_Km1.0,1024,164.50698210292467,,,,
F122022,10,M1a_Km1.0,1025,168.844153644161,,,,
F122022,10,M1a_Km1.0,1026,169.60432245950324,,,,
F122022,10,M1a_Km1.0,1027,170.26840443364745,,,,
F122022,10,M1a_Km1.0,1028,165.6046743222164,,,,
F122022,10,M1a_Km1.0,1029,173.6218351201569,,,,
F122022,10,M1a_Km3.0,1000,169.0846689216587,,,,
F122022,10,M1a_Km3.0,1001,171.99816741451423,,,,
F122022,10,M1a_Km3.0,1002,166.45107418026146,,,,
F122022,10,M1a_Km3.0,1003,174.34869230524782,,,,
F122022,10,M1a_Km3.0,1004,166.98475155941696,,,,
F122022,10,M1a_Km3.0,1005,166.70813446751026,,,,
F122022,10,M1a_Km3.0,1006,166.53772672636524,,,,
F122022,10,M1a_Km3.0,1007,172.2431320062633,,,,
F122022,10,M1a_Km3.0,1008,244.12037371907036,,,,
F122022,10,M1a_Km3.0,1009,167.59869055550735,,,,
F122022,10,M1a_Km3.0,1010,199.63915124227015,,,,
F122022,10,M1a_Km3.0,1011,170.76830986984305,,,,
F122022,10,M1a_Km3.0,1012,169.92564910506553,,,,
F122022,10,M1a_Km3.0,1013,166.44737107360697,,,,
F122022,10,M1a_Km3.0,1014,164.48208988316856,,,,
F122022,10,M1a_Km3.0,1015,165.4133219070377,,,,
F122022,10,M1a_Km3.0,1016,166.42619572244575,,,,
F122022,10,M1a_Km3.0,1017,170.34193512278307,,,,
F122022,10,M1a_Km3.0,1018,173.55481381964955,,,,
F122022,10,M1a_Km3.0,1019,164.56575229874943,,,,
F122022,10,M1a_Km3.0,1020,171.52176214340216,,,,
F122022,10,M1a_Km3.0,1021,165.9445245525544,,,,
F122022,10,M1a_Km3.0,1022,331.1956243916752,,,,
F122022,10,M1a_Km3.0,1023,198.19709281649148,,,,
F122022,10,M1a_Km3.0,1024,166.32302107755777,,,,
F122022,10,M1a_Km3.0,1025,170.00355661895082,,,,
F122022,10,M1a_Km3.0,1026,195.24377727550973,,,,
F122022,10,M1a_Km3.0,1027,168.18678598865654,,,,
F122022,10,M1a_Km3.0,1028,166.70849264244634,,,,
F122022,10,M1a_Km3.0,1029,165.8128389571225,,,,
F12022,10,EAO,1000,1.8974333215737715e-10,14970.0,0.0,33.0,3779.0
F12022,10,EAO,1001,7.409539648506325e-09,14970.0,0.0,44.0,3740.0
F12022,10,EAO,1002,5.240963218966499e-11,14970.0,0.0,39.0,3766.0
F12022,10,EAO,1003,2.8598321932804538e-08,14970.0,0.0,40.0,3694.0
F12022,10,EAO,1004,1.0965095498249866e-10,14970.0,0.0,30.0,3760.0
F12022,10,EAO,1005,2.4363089323742315e-10,14970.0,0.0,38.0,3730.0
F12022,10,EAO,1006,3.070683192163415e-07,14970.0,0.0,36.0,3794.0
F12022,10,EAO,1007,7.048583938740194e-12,14970.0,0.0,41.0,3696.0
F12022,10,EAO,1008,3.9857176432178676e-05,14970.0,0.0,37.0,3831.0
F12022,10,EAO,1009,1.0154718665944529e-06,14970.0,0.0,38.0,3861.0
F12022,10,EAO,1010,3.660716174636036e-11,14970.0,0.0,36.0,3705.0
F12022,10,EAO,1011,3.75485456061142e-08,14970.0,0.0,38.0,3859.0
F12022,10,EAO,1012,8.139977580867708e-11,14970.0,0.0,30.0,3815.0
F12022,10,EAO,1013,1.3828201872456702e-07,14970.0,0.0,46.0,3711.0
F12022,10,EAO,1014,6.44962483420386e-09,14970.0,0.0,38.0,3822.0
F12022,10,EAO,1015,1.7547563402331434e-10,14970.0,0.0,43.0,3818.0
F12022,10,EAO,1016,1.4267698134062812e-11,14970.0,0.0,31.0,3269.0
F12022,10,EAO,1017,6.432401278289035e-10,14970.0,0.0,42.0,3752.0
F12022,10,EAO,1018,6.976279109949246e-09,14970.0,0.0,40.0,3761.0
F12022,10,EAO,1019,1.1368683772161603e-13,14970.0,0.0,38.0,3687.0
F12022,10,EAO,1020,1.801936377887614e-11,14970.0,0.0,31.0,3773.0
F12022,10,EAO,1021,2.0272238998586545e-08,14970.0,0.0,37.0,3772.0
F12022,10,EAO,1022,2.2130166144052055e-08,14970.0,0.0,36.0,3826.0
F12022,10,EAO,1023,3.979039320256561e-13,14970.0,0.0,27.0,3682.0
F12022,10,EAO,1024,5.589527063420974e-09,14970.0,0.0,34.0,3779.0
F12022,10,EAO,1025,2.977458279929124e-10,14970.0,0.0,32.0,3694.0
F12022,10,EAO,1026,1.8428636394673958e-10,14970.0,0.0,40.0,3755.0
F12022,10,EAO,1027,9.130758371611591e-10,14970.0,0.0,43.0,3808.0
F12022,10,EAO,1028,1.4684360394312534e-09,14970.0,0.0,40.0,3761.0
F12022,10,EAO,1029,1.6501303434779402e-08,14970.0,0.0,38.0,3782.0
F22022,10,EAO,1000,8.916102028550597,14970.0,0.0,32.0,3779.0
F22022,10,EAO,1001,6.028928928073299,14970.0,0.0,37.0,3179.0
F22022,10,EAO,1002,8.916101928768569,14970.0,0.0,37.0,3776.0
F22022,10,EAO,1003,6.899807865824641,14970.0,0.0,34.0,3726.0
F22022,10,EAO,1004,8.916101927801378,14970.0,0.0,29.0,3663.0
F22022,10,EAO,1005,8.916101927782279,14970.0,0.0,32.0,3676.0
F22022,10,EAO,1006,4.576264576873655,14970.0,0.0,24.0,2862.0
F22022,10,EAO,1007,0.004909385179189485,14970.0,0.0,23.0,3093.0
F22022,10,EAO,1008,0.006850131543330917,14970.0,0.0,29.0,3386.0
F22022,10,EAO,1009,8.91610192785862,14970.0,0.0,42.0,3258.0
F22022,10,EAO,1010,0.011816550606624787,14970.0,0.0,32.0,3594.0
F22022,10,EAO,1011,6.460471930703989,14970.0,0.0,30.0,3089.0
F22022,10,EAO,1012,5.866252444878285,14970.0,0.0,32.0,3916.0
F22022,10,EAO,1013,8.91610205447273,14970.0,0.0,27.0,3760.0
F22022,10,EAO,1014,8.916102001351874,14970.0,0.0,24.0,3710.0
F22022,10,EAO,1015,8.916102040943997,14970.0,0.0,41.0,3641.0
F22022,10,EAO,1016,5.253566213959573,14970.0,0.0,33.0,3575.0
F22022,10,EAO,1017,0.0004545890373037764,14970.0,0.0,31.0,3343.0
F22022,10,EAO,1018,0.2950476905313053,14970.0,0.0,37.0,3335.0
F22022,10,EAO,1019,0.018916114249975635,14970.0,0.0,30.0,3644.0
F22022,10,EAO,1020,4.383254463193737,14970.0,0.0,30.0,3334.0
F22022,10,EAO,1021,4.039863575492575,14970.0,0.0,33.0,2713.0
F22022,10,EAO,1022,8.916101927781767,14970.0,0.0,25.0,3727.0
F22022,10,EAO,1023,8.916101927782847,14970.0,0.0,29.0,3712.0
F22022,10,EAO,1024,6.67734534761513,14970.0,0.0,29.0,3785.0
F22022,10,EAO,1025,8.916101929321428,14970.0,0.0,31.0,3709.0
F22022,10,EAO,1026,6.029900178753678,14970.0,0.0,28.0,3698.0
F22022,10,EAO,1027,5.482807573611524,14970.0,0.0,23.0,3731.0
F22022,10,EAO,1028,8.916101928306603,14970.0,0.0,42.0,3645.0
F22022,10,EAO,1029,8.916101930580567,14970.0,0.0,35.0,3747.0
F32022,10,EAO,1000,1.1368683772161603e-13,14970.0,0.0,33.0,2743.0
F32022,10,EAO,1001,0.0,14970.0,0.0,33.0,2351.0
F32022,10,EAO,1002,2.2737367544323206e-13,14970.0,0.0,27.0,2599.0
F32022,10,EAO,1003,1.1368683772161603e-13,14970.0,0.0,29.0,3431.0
F32022,10,EAO,1004,4.547473508864641e-13,14970.0,0.0,29.0,2802.0
F32022,10,EAO,1005,2.2737367544323206e-13,14970.0,0.0,26.0,3154.0
F32022,10,EAO,1006,1.0231815394945443e-12,14970.0,0.0,28.0,3043.0
F32022,10,EAO,1007,5.684341886080801e-13,14970.0,0.0,31.0,3089.0
F32022,10,EAO,1008,6.821210263296962e-13,14970.0,0.0,45.0,3650.0
F32022,10,EAO,1009,1.1368683772161603e-13,14970.0,0.0,41.0,2823.0
F32022,10,EAO,1010,1.2846612662542611e-11,14970.0,0.0,30.0,3514.0
F32022,10,EAO,1011,6.821210263296962e-13,14970.0,0.0,34.0,2581.0
F32022,10,EAO,1012,2.2737367544323206e-13,14970.0,0.0,24.0,2510.0
F32022,10,EAO,1013,9.094947017729282e-13,14970.0,0.0,35.0,2773.0
F32022,10,EAO,1014,4.547473508864641e-13,14970.0,0.0,39.0,2624.0
F32022,10,EAO,1015,1.1368683772161603e-13,14970.0,0.0,40.0,2813.0
F32022,10,EAO,1016,5.684341886080801e-13,14970.0,0.0,24.0,3120.0
F32022,10,EAO,1017,3.410605131648481e-13,14970.0,0.0,50.0,3237.0
F32022,10,EAO,1018,9.094947017729282e-13,14970.0,0.0,28.0,3679.0
F32022,10,EAO,1019,1.1368683772161603e-13,14970.0,0.0,29.0,3102.0
F32022,10,EAO,1020,4.547473508864641e-13,14970.0,0.0,38.0,3744.0
F32022,10,EAO,1021,5.684341886080801e-13,14970.0,0.0,32.0,3206.0
F32022,10,EAO,1022,3.410605131648481e-12,14970.0,0.0,30.0,3813.0
F32022,10,EAO,1023,3.410605131648481e-13,14970.0,0.0,29.0,2815.0
F32022,10,EAO,1024,2.2737367544323206e-13,14970.0,0.0,36.0,2950.0
F32022,10,EAO,1025,1.1368683772161603e-13,14970.0,0.0,44.0,2843.0
F32022,10,EAO,1026,4.547473508864641e-13,14970.0,0.0,36.0,2667.0
F32022,10,EAO,1027,3.410605131648481e-13,14970.0,0.0,39.0,2651.0
F32022,10,EAO,1028,5.684341886080801e-13,14970.0,0.0,28.0,3535.0
F32022,10,EAO,1029,4.547473508864641e-13,14970.0,0.0,32.0,3180.0
F42022,10,EAO,1000,18.541310227691042,14970.0,0.0,30.0,252.0
F42022,10,EAO,1001,54.0,14970.0,0.0,30.0,237.0
F42022,10,EAO,1002,35.072852378252264,14970.0,0.0,21.0,213.0
F42022,10,EAO,1003,48.99964507450625,14970.0,0.0,20.0,234.0
F42022,10,EAO,1004,75.58946333603672,14970.0,0.0,28.0,180.0
F42022,10,EAO,1005,37.79342529905239,14970.0,0.0,30.0,230.0
F42022,10,EAO,1006,23.330082729909236,14970.0,0.0,39.0,230.0
F42022,10,EAO,1007,39.69569901905561,14970.0,0.0,33.0,212.0
F42022,10,EAO,1008,49.442639786713926,14970.0,0.0,30.0,233.0
F42022,10,EAO,1009,24.949246855032357,14970.0,0.0,18.0,228.0
F42022,10,EAO,1010,52.024533662033264,14970.0,0.0,30.0,231.0
F42022,10,EAO,1011,33.46252655750334,14970.0,0.0,30.0,235.0
F42022,10,EAO,1012,80.93348345912216,14970.0,0.0,25.0,183.0
F42022,10,EAO,1013,70.17246268566532,14970.0,0.0,31.0,204.0
F42022,10,EAO,1014,55.95025865041066,14970.0,0.0,28.0,225.0
F42022,10,EAO,1015,27.873353281835193,14970.0,0.0,27.0,225.0
F42022,10,EAO,1016,26.915782846112506,14970.0,0.0,19.0,235.0
F42022,10,EAO,1017,32.95374900349066,14970.0,0.0,32.0,221.0
F42022,10,EAO,1018,31.721427954772707,14970.0,0.0,29.0,226.0
F42022,10,EAO,1019,27.895989073843907,14970.0,0.0,39.0,241.0
F42022,10,EAO,1020,55.228786242253136,14970.0,0.0,27.0,229.0
F42022,10,EAO,1021,44.0,14970.0,0.0,15.0,245.0
F42022,10,EAO,1022,40.06691210059728,14970.0,0.0,28.0,204.0
F42022,10,EAO,1023,44.136202755671775,14970.0,0.0,25.0,233.0
F42022,10,EAO,1024,41.26233945947013,14970.0,0.0,24.0,236.0
F42022,10,EAO,1025,58.90816451365322,14970.0,0.0,30.0,232.0
F42022,10,EAO,1026,58.299591856351185,14970.0,0.0,19.0,220.0
F42022,10,EAO,1027,51.072202346203426,14970.0,0.0,20.0,205.0
F42022,10,EAO,1028,44.0,14970.0,0.0,37.0,251.0
F42022,10,EAO,1029,42.376511254409365,14970.0,0.0,27.0,222.0
F52022,10,EAO,1000,1.5854471939746873e-05,14970.0,0.0,31.0,3339.0
F52022,10,EAO,1001,2.018715508711466e-05,14970.0,0.0,28.0,3379.0
F52022,10,EAO,1002,1.4610452581109712e-07,14970.0,0.0,34.0,3311.0
F52022,10,EAO,1003,9.30729561332555e-06,14970.0,0.0,37.0,3254.0
F52022,10,EAO,1004,3.9543385810247855e-06,14970.0,0.0,23.0,2976.0
F52022,10,EAO,1005,7.4643265861595864e-06,14970.0,0.0,34.0,3322.0
F52022,10,EAO,1006,1.159004898454441e-05,14970.0,0.0,28.0,3290.0
F52022,10,EAO,1007,0.0895282505450723,14970.0,0.0,26.0,3233.0
F52022,10,EAO,1008,1.5776777217979543e-08,14970.0,0.0,32.0,3284.0
F52022,10,EAO,1009,2.0865195438091177e-07,14970.0,0.0,38.0,3223.0
F52022,10,EAO,1010,1.5766975252518023e-05,14970.0,0.0,36.0,3341.0
F52022,10,EAO,1011,1.822216484015371e-05,14970.0,0.0,32.0,3333.0
F52022,10,EAO,1012,0.08952825076471527,14970.0,0.0,36.0,2974.0
F52022,10,EAO,1013,4.467729013413191e-07,14970.0,0.0,38.0,3140.0
F52022,10,EAO,1014,6.561805321325664e-06,14970.0,0.0,29.0,3383.0
F52022,10,EAO,1015,0.08952834999547576,14970.0,0.0,34.0,3150.0
F52022,10,EAO,1016,0.08958648844691197,14970.0,0.0,31.0,3137.0
F52022,10,EAO,1017,0.08954738197201095,14970.0,0.0,40.0,3306.0
F52022,10,EAO,1018,5.540146867133444e-05,14970.0,0.0,33.0,3318.0
F52022,10,EAO,1019,1.519970282970462e-08,14970.0,0.0,42.0,3114.0
F52022,10,EAO,1020,3.940044734918047e-09,14970.0,0.0,37.0,3096.0
F52022,10,EAO,1021,4.006742290130205e-05,14970.0,0.0,42.0,3120.0
F52022,10,EAO,1022,1.968101059901528e-08,14970.0,0.0,34.0,3235.0
F52022,10,EAO,1023,2.5290602252425742e-06,14970.0,0.0,30.0,3367.0
F52022,10,EAO,1024,8.473806474285084e-07,14970.0,0.0,20.0,3238.0
F52022,10,EAO,1025,3.955228487484419e-05,14970.0,0.0,39.0,3306.0
F52022,10,EAO,1026,4.445314516487997e-07,14970.0,0.0,25.0,3313.0
F52022,10,EAO,1027,0.00010616124757234502,14970.0,0.0,39.0,3298.0
F52022,10,EAO,1028,2.8810288767999737e-06,14970.0,0.0,41.0,3393.0
F52022,10,EAO,1029,8.511237410857575e-06,14970.0,0.0,22.0,3311.0
F62022,10,EAO,1000,895.3058995089077,14970.0,0.0,21.0,3313.0
F62022,10,EAO,1001,799.4055125635182,14970.0,0.0,34.0,3122.0
F62022,10,EAO,1002,204.94561436666572,14970.0,0.0,25.0,2359.0
F62022,10,EAO,1003,15500.30816424343,14970.0,0.0,27.0,3520.0
F62022,10,EAO,1004,6194.52452653958,14970.0,0.0,23.0,3177.0
F62022,10,EAO,1005,447.80623176072186,14970.0,0.0,25.0,1947.0
F62022,10,EAO,1006,6369.695554239395,14970.0,0.0,18.0,3273.0
F62022,10,EAO,1007,5950.6886145686885,14970.0,0.0,35.0,3249.0
F62022,10,EAO,1008,2616.570793314342,14970.0,0.0,20.0,3277.0
F62022,10,EAO,1009,800.0325440265842,14970.0,0.0,29.0,3253.0
F62022,10,EAO,1010,3421.141413551828,14970.0,0.0,22.0,2938.0
F62022,10,EAO,1011,7599.016777780935,14970.0,0.0,23.0,3364.0
F62022,10,EAO,1012,7542.466790112434,14970.0,0.0,23.0,3492.0
F62022,10,EAO,1013,119.54548241412863,14970.0,0.0,26.0,2087.0
F62022,10,EAO,1014,1030.8059551587776,14970.0,0.0,22.0,3236.0
F62022,10,EAO,1015,6996.1113080211835,14970.0,0.0,26.0,3525.0
F62022,10,EAO,1016,3444.9880973417103,14970.0,0.0,23.0,3355.0
F62022,10,EAO,1017,1246.8304678713398,14970.0,0.0,20.0,3115.0
F62022,10,EAO,1018,2078.134723600544,14970.0,0.0,24.0,2536.0
F62022,10,EAO,1019,698.6645016067991,14970.0,0.0,24.0,3199.0
F62022,10,EAO,1020,1071.5918133551213,14970.0,0.0,25.0,3276.0
F62022,10,EAO,1021,1354.3304303808113,14970.0,0.0,25.0,2911.0
F62022,10,EAO,1022,1046.6548331422446,14970.0,0.0,22.0,2951.0
F62022,10,EAO,1023,1176.9432537101252,14970.0,0.0,25.0,3381.0
F62022,10,EAO,1024,10408.778570317201,14970.0,0.0,23.0,3360.0
F62022,10,EAO,1025,1371.698034588123,14970.0,0.0,25.0,3208.0
F62022,10,EAO,1026,514.0447394150688,14970.0,0.0,21.0,3370.0
F62022,10,EAO,1027,2202.445953109067,14970.0,0.0,27.0,3342.0
F62022,10,EAO,1028,3946.223032180049,14970.0,0.0,24.0,2879.0
F62022,10,EAO,1029,3179.2944574430676,14970.0,0.0,21.0,3348.0
F72022,10,EAO,1000,39.06706416583711,14970.0,0.0,18.0,418.0
F72022,10,EAO,1001,37.60742222379781,14970.0,0.0,28.0,385.0
F72022,10,EAO,1002,40.725278488782806,14970.0,0.0,19.0,414.0
F72022,10,EAO,1003,36.67015982362955,14970.0,0.0,21.0,395.0
F72022,10,EAO,1004,38.872417964614215,14970.0,0.0,29.0,427.0
F72022,10,EAO,1005,35.04579457212617,14970.0,0.0,23.0,444.0
F72022,10,EAO,1006,25.649005553906136,14970.0,0.0,25.0,439.0
F72022,10,EAO,1007,31.159130348255303,14970.0,0.0,25.0,408.0
F72022,10,EAO,1008,39.48497520586466,14970.0,0.0,33.0,390.0
F72022,10,EAO,1009,30.0950219040094,14970.0,0.0,22.0,439.0
F72022,10,EAO,1010,40.712601089823465,14970.0,0.0,32.0,429.0
F72022,10,EAO,1011,27.791764485923295,14970.0,0.0,23.0,440.0
F72022,10,EAO,1012,36.08996308395194,14970.0,0.0,24.0,414.0
F72022,10,EAO,1013,30.02738589972091,14970.0,0.0,28.0,385.0
F72022,10,EAO,1014,34.96829206673965,14970.0,0.0,24.0,406.0
F72022,10,EAO,1015,42.83498296845846,14970.0,0.0,28.0,387.0
F72022,10,EAO,1016,34.09743261225253,14970.0,0.0,30.0,424.0
F72022,10,EAO,1017,18.81836584343364,14970.0,0.0,37.0,458.0
F72022,10,EAO,1018,31.805905159935037,14970.0,0.0,27.0,434.0
F72022,10,EAO,1019,37.98799692636612,14970.0,0.0,32.0,376.0
F72022,10,EAO,1020,35.56777253134442,14970.0,0.0,23.0,459.0
F72022,10,EAO,1021,40.374444159489485,14970.0,0.0,25.0,456.0
F72022,10,EAO,1022,36.31980854454832,14970.0,0.0,29.0,419.0
F72022,10,EAO,1023,34.67584641757685,14970.0,0.0,25.0,414.0
F72022,10,EAO,1024,36.30123341690978,14970.0,0.0,20.0,435.0
F72022,10,EAO,1025,32.10263063779371,14970.0,0.0,29.0,400.0
F72022,10,EAO,1026,28.47951163711582,14970.0,0.0,25.0,426.0
F72022,10,EAO,1027,42.764252285625616,14970.0,0.0,25.0,428.0
F72022,10,EAO,1028,38.85507540392996,14970.0,0.0,31.0,450.0
F72022,10,EAO,1029,33.224260567670626,14970.0,0.0,28.0,391.0
F82022,10,EAO,1000,25.238620092682595,14970.0,0.0,23.0,690.0
F82022,10,EAO,1001,5.9807695050121765,14970.0,0.0,23.0,769.0
F82022,10,EAO,1002,26.587973716650595,14970.0,0.0,26.0,668.0
F82022,10,EAO,1003,25.52934042643801,14970.0,0.0,23.0,674.0
F82022,10,EAO,1004,25.554188315296415,14970.0,0.0,20.0,641.0
F82022,10,EAO,1005,24.624182790211307,14970.0,0.0,26.0,667.0
F82022,10,EAO,1006,8.880328361462489,14970.0,0.0,24.0,747.0
F82022,10,EAO,1007,16.16984855758301,14970.0,0.0,23.0,670.0
F82022,10,EAO,1008,25.09546554536837,14970.0,0.0,25.0,617.0
F82022,10,EAO,1009,13.529013055542237,14970.0,0.0,22.0,708.0
F82022,10,EAO,1010,25.096540695924432,14970.0,0.0,23.0,673.0
F82022,10,EAO,1011,24.29295586409853,14970.0,0.0,21.0,671.0
F82022,10,EAO,1012,24.31283229868359,14970.0,0.0,21.0,673.0
F82022,10,EAO,1013,25.196937037140287,14970.0,0.0,22.0,677.0
F82022,10,EAO,1014,24.49660641874698,14970.0,0.0,21.0,693.0
F82022,10,EAO,1015,25.08858369845757,14970.0,0.0,20.0,640.0
F82022,10,EAO,1016,12.672451328389798,14970.0,0.0,21.0,710.0
F82022,10,EAO,1017,25.670180837287262,14970.0,0.0,20.0,635.0
F82022,10,EAO,1018,25.822450752193618,14970.0,0.0,21.0,682.0
F82022,10,EAO,1019,8.565017134200843,14970.0,0.0,19.0,772.0
F82022,10,EAO,1020,13.54788472142991,14970.0,0.0,22.0,660.0
F82022,10,EAO,1021,24.189901378113973,14970.0,0.0,23.0,681.0
F82022,10,EAO,1022,26.018349441565988,14970.0,0.0,17.0,643.0
F82022,10,EAO,1023,26.085475149143804,14970.0,0.0,24.0,646.0
F82022,10,EAO,1024,23.605469007333795,14970.0,0.0,22.0,673.0
F82022,10,EAO,1025,7.369336317586203,14970.0,0.0,19.0,739.0
F82022,10,EAO,1026,25.61841875090977,14970.0,0.0,25.0,615.0
F82022,10,EAO,1027,26.55111714033137,14970.0,0.0,17.0,663.0
F82022,10,EAO,1028,24.208535833485712,14970.0,0.0,23.0,696.0
F82022,10,EAO,1029,6.721263687589271,14970.0,0.0,24.0,720.0
F92022,10,EAO,1000,0.00027077197592006996,14970.0,0.0,27.0,3268.0
F92022,10,EAO,1001,0.0005454200872918591,14970.0,0.0,24.0,3563.0
F92022,10,EAO,1002,359.09438713180316,14970.0,0.0,26.0,3749.0
F92022,10,EAO,1003,2.433944746371708e-05,14970.0,0.0,23.0,3410.0
F92022,10,EAO,1004,0.0001612871506040392,14970.0,0.0,33.0,3344.0
F92022,10,EAO,1005,2.6504720153752714e-05,14970.0,0.0,43.0,3548.0
F92022,10,EAO,1006,0.0002788525785035745,14970.0,0.0,32.0,2912.0
F92022,10,EAO,1007,7.298404761968413e-05,14970.0,0.0,27.0,3480.0
F92022,10,EAO,1008,6.103193936723983e-05,14970.0,0.0,21.0,3345.0
F92022,10,EAO,1009,0.00025517641006445047,14970.0,0.0,24.0,3315.0
F92022,10,EAO,1010,1.9682865058712196e-05,14970.0,0.0,23.0,3351.0
F92022,10,EAO,1011,4.362596837381716e-05,14970.0,0.0,28.0,3411.0
F92022,10,EAO,1012,1.2168480679974891e-05,14970.0,0.0,33.0,3421.0
F92022,10,EAO,1013,2.0592119653883856e-05,14970.0,0.0,24.0,3384.0
F92022,10,EAO,1014,1.767278672559769e-05,14970.0,0.0,25.0,3443.0
F92022,10,EAO,1015,4.264405833964702e-05,14970.0,0.0,28.0,3410.0
F92022,10,EAO,1016,7.304288374143653e-06,14970.0,0.0,36.0,3719.0
F92022,10,EAO,1017,0.001031893265007966,14970.0,0.0,24.0,3653.0
F92022,10,EAO,1018,3.06262300000526e-05,14970.0,0.0,33.0,3586.0
F92022,10,EAO,1019,8.542601335648214e-06,14970.0,0.0,24.0,3623.0
F92022,10,EAO,1020,366.11569080349045,14970.0,0.0,25.0,3829.0
F92022,10,EAO,1021,359.09435608450167,14970.0,0.0,40.0,3417.0
F92022,10,EAO,1022,359.0957561546238,14970.0,0.0,27.0,3823.0
F92022,10,EAO,1023,4.4200769480085e-06,14970.0,0.0,22.0,3309.0
F92022,10,EAO,1024,359.0943454716016,14970.0,0.0,28.0,3753.0
F92022,10,EAO,1025,1.942745984706562e-05,14970.0,0.0,27.0,3431.0
F92022,10,EAO,1026,1.3031362868787255e-06,14970.0,0.0,31.0,3498.0
F92022,10,EAO,1027,5.7773228945734445e-05,14970.0,0.0,25.0,3464.0
F92022,10,EAO,1028,0.0001729909472487634,14970.0,0.0,32.0,3390.0
F92022,10,EAO,1029,0.001609071178791055,14970.0,0.0,26.0,3352.0
F102022,10,EAO,1000,222.1744017011806,14970.0,0.0,28.0,3249.0
F102022,10,EAO,1001,223.34503252549848,14970.0,0.0,29.0,3200.0
F102022,10,EAO,1002,221.3494277103664,14970.0,0.0,27.0,3029.0
F102022,10,EAO,1003,222.68073990484982,14970.0,0.0,29.0,2894.0
F102022,10,EAO,1004,221.12484366671333,14970.0,0.0,26.0,3009.0
F102022,10,EAO,1005,223.7332364304266,14970.0,0.0,25.0,3336.0
F102022,10,EAO,1006,226.86083373712836,14970.0,0.0,31.0,2570.0
F102022,10,EAO,1007,326.33081638091744,14970.0,0.0,22.0,1044.0
F102022,10,EAO,1008,222.47387669345335,14970.0,0.0,28.0,3042.0
F102022,10,EAO,1009,223.458375268518,14970.0,0.0,25.0,3526.0
F102022,10,EAO,1010,222.67177385726472,14970.0,0.0,22.0,2887.0
F102022,10,EAO,1011,223.00446029555178,14970.0,0.0,29.0,3353.0
F102022,10,EAO,1012,222.537687513322,14970.0,0.0,28.0,3139.0
F102022,10,EAO,1013,222.4738766511823,14970.0,0.0,30.0,2639.0
F102022,10,EAO,1014,328.4050657017201,14970.0,0.0,28.0,2269.0
F102022,10,EAO,1015,220.8729810772561,14970.0,0.0,36.0,2946.0
F102022,10,EAO,1016,223.07009206558587,14970.0,0.0,37.0,3456.0
F102022,10,EAO,1017,220.87265085808758,14970.0,0.0,31.0,3567.0
F102022,10,EAO,1018,223.23561086313748,14970.0,0.0,25.0,2917.0
F102022,10,EAO,1019,221.1231963772957,14970.0,0.0,24.0,3724.0
F102022,10,EAO,1020,229.92094813222502,14970.0,0.0,31.0,3093.0
F102022,10,EAO,1021,222.53768757555918,14970.0,0.0,21.0,3280.0
F102022,10,EAO,1022,221.12205755991135,14970.0,0.0,28.0,2972.0
F102022,10,EAO,1023,221.34959479283862,14970.0,0.0,27.0,3662.0
F102022,10,EAO,1024,220.87264975686503,14970.0,0.0,27.0,2899.0
F102022,10,EAO,1025,222.17440078401341,14970.0,0.0,34.0,3148.0
F102022,10,EAO,1026,223.00271123652146,14970.0,0.0,38.0,2992.0
F102022,10,EAO,1027,222.53768749293795,14970.0,0.0,26.0,3572.0
F102022,10,EAO,1028,228.16632138222212,14970.0,0.0,28.0,3177.0
F102022,10,EAO,1029,222.47387664133657,14970.0,0.0,28.0,3321.0
F112022,10,EAO,1000,9.585192856320646e-06,14970.0,0.0,20.0,3711.0
F112022,10,EAO,1001,8.898273335944396e-07,14970.0,0.0,35.0,3629.0
F112022,10,EAO,1002,876.0688983265504,14970.0,0.0,31.0,3479.0
F112022,10,EAO,1003,2.060895803879248e-05,14970.0,0.0,28.0,3852.0
F112022,10,EAO,1004,1.317437136094668e-05,14970.0,0.0,20.0,3335.0
F112022,10,EAO,1005,7.344624464167282e-09,14970.0,0.0,29.0,3301.0
F112022,10,EAO,1006,2.350693648622837e-07,14970.0,0.0,43.0,3743.0
F112022,10,EAO,1007,2.3693991352047306e-05,14970.0,0.0,23.0,3666.0
F112022,10,EAO,1008,0.011945248490974336,14970.0,0.0,36.0,3565.0
F112022,10,EAO,1009,0.00013447733954308205,14970.0,0.0,29.0,3667.0
F112022,10,EAO,1010,2.4431431029370287e-05,14970.0,0.0,29.0,3863.0
F112022,10,EAO,1011,1.2181987585790921e-05,14970.0,0.0,30.0,3435.0
F112022,10,EAO,1012,4.1178564515576e-05,14970.0,0.0,45.0,3528.0
F112022,10,EAO,1013,3.0955879992689006e-07,14970.0,0.0,28.0,3668.0
F112022,10,EAO,1014,1.0808566912601236e-06,14970.0,0.0,24.0,3406.0
F112022,10,EAO,1015,6.243518737392151e-05,14970.0,0.0,45.0,3508.0
F112022,10,EAO,1016,1.261732631974155e-05,14970.0,0.0,40.0,3837.0
F112022,10,EAO,1017,5.181246933716466e-05,14970.0,0.0,35.0,3865.0
F112022,10,EAO,1018,8.620295375294518e-07,14970.0,0.0,36.0,3444.0
F112022,10,EAO,1019,4.1515760131005663e-05,14970.0,0.0,26.0,3636.0
F112022,10,EAO,1020,6.87000510879443e-06,14970.0,0.0,37.0,3495.0
F112022,10,EAO,1021,7.799867762514623e-05,14970.0,0.0,49.0,3570.0
F112022,10,EAO,1022,1.3925300663686357e-06,14970.0,0.0,28.0,3548.0
F112022,10,EAO,1023,6.130751944510848e-05,14970.0,0.0,23.0,3572.0
F112022,10,EAO,1024,22.425596250340732,14970.0,0.0,29.0,3450.0
F112022,10,EAO,1025,1.547962119730073e-05,14970.0,0.0,31.0,3322.0
F112022,10,EAO,1026,1.395240360579919e-06,14970.0,0.0,31.0,3610.0
F112022,10,EAO,1027,2.961161771963816e-05,14970.0,0.0,25.0,3799.0
F112022,10,EAO,1028,0.00019469750668577035,14970.0,0.0,31.0,3819.0
F112022,10,EAO,1029,1.9347534362168517e-05,14970.0,0.0,29.0,3569.0
F122022,10,EAO,1000,165.4703388099797,14970.0,0.0,39.0,2336.0
F122022,10,EAO,1001,166.98528013053465,14970.0,0.0,33.0,3175.0
F122022,10,EAO,1002,164.89782891153664,14970.0,0.0,40.0,2444.0
F122022,10,EAO,1003,166.42823118469505,14970.0,0.0,38.0,2946.0
F122022,10,EAO,1004,167.4388133446605,14970.0,0.0,29.0,2667.0
F122022,10,EAO,1005,170.57817442731084,14970.0,0.0,43.0,2421.0
F122022,10,EAO,1006,164.47552952366186,14970.0,0.0,33.0,2455.0
F122022,10,EAO,1007,165.91311811670903,14970.0,0.0,43.0,1680.0
F122022,10,EAO,1008,163.92933476183634,14970.0,0.0,29.0,2228.0
F122022,10,EAO,1009,164.47929230466434,14970.0,0.0,31.0,2873.0
F122022,10,EAO,1010,168.55132776647588,14970.0,0.0,33.0,3360.0
F122022,10,EAO,1011,166.5390926324858,14970.0,0.0,33.0,2433.0
F122022,10,EAO,1012,164.90215311748034,14970.0,0.0,29.0,2842.0
F122022,10,EAO,1013,166.7129294702181,14970.0,0.0,49.0,2796.0
F122022,10,EAO,1014,166.72170506706516,14970.0,0.0,31.0,3170.0
F122022,10,EAO,1015,166.4474018189162,14970.0,0.0,28.0,3015.0
F122022,10,EAO,1016,166.44779973587447,14970.0,0.0,33.0,3052.0
F122022,10,EAO,1017,166.5525940403918,14970.0,0.0,37.0,2639.0
F122022,10,EAO,1018,168.9492258249902,14970.0,0.0,33.0,2625.0
F122022,10,EAO,1019,166.46035719090014,14970.0,0.0,30.0,2735.0
F122022,10,EAO,1020,167.03108439713924,14970.0,0.0,29.0,3206.0
F122022,10,EAO,1021,166.2182094545724,14970.0,0.0,36.0,2211.0
F122022,10,EAO,1022,165.84374553646285,14970.0,0.0,36.0,2493.0
F122022,10,EAO,1023,164.89890926509133,14970.0,0.0,39.0,2827.0
F122022,10,EAO,1024,166.98017024517867,14970.0,0.0,30.0,2166.0
F122022,10,EAO,1025,166.57458897043216,14970.0,0.0,30.0,3054.0
F122022,10,EAO,1026,166.38884963565079,14970.0,0.0,30.0,2001.0
F122022,10,EAO,1027,166.44713400746923,14970.0,0.0,31.0,2744.0
F122022,10,EAO,1028,164.54941376419993,14970.0,0.0,36.0,3008.0
F122022,10,EAO,1029,166.46732813034714,14970.0,0.0,35.0,2257.0
