mass_kg,smax_MPa,smax_raw_MPa,umax_mm,n_nodes,n_elem,note,status,design,mesh,sec,t1,t2,tr,hr,lr,W,rf_ratio
0.5652288984651501,536.0496026812051,536.0496026812051,1.8058143104141584,51663,29748,ok,ok,0,3.0,21.97098684310913,6.0,6.0,4.0,40.0,40.0,60.0,0.67
0.7073137769711713,602.8967603379867,602.8967603379867,1.260751894747322,55815,33382,ok,ok,1,3.0,29.77309250831604,7.636579888974342,9.477006512571364,3.476636579942826,20.314749736445975,69.82254133284518,54.40316058471558,0.7045619006805117
0.937563415697459,159.60017763337888,159.60017763337888,0.23938420819193154,85888,51242,ok,ok,2,3.0,61.73841881752014,10.486698510613271,3.8510411397986153,6.535084861632221,63.01651889991881,68.54007491973135,76.4547097319518,0.7218636162621704
0.634972313908451,394.4002616549714,394.4002616549714,0.9968119160415614,63732,37193,ok,ok,3,3.0,34.82385444641113,5.586363472775824,5.413057855621833,7.927580972729995,69.83059377334311,32.86105039224992,67.92455564771886,0.6228090964860614
0.699202030725412,416.1683765252365,713.8895462008471,1.1652697905907763,63774,37330,ok,ok,4,3.0,35.86905074119568,3.5676815954486676,9.925261453464554,5.349357975881659,71.27614904923064,30.8174095994338,64.26820080004282,0.7308547255374748
0.44838368782690113,539.2203181305126,539.2203181305126,1.4649110522706008,42238,24380,ok,ok,5,3.0,18.006927728652954,6.267351513303701,6.577500637219114,3.4395291939381893,60.06268797140391,28.601268842239286,44.464430107771676,0.7402287475888862
0.6272120545387723,238.7342410519944,247.1489779595796,0.34522974486267977,62037,36766,ok,ok,6,3.0,35.71388220787048,8.403988515676527,4.532746696912309,6.078361863019003,60.54977520049789,72.84032909804907,53.768001709955406,0.7778590819697401
0.44752897069855313,1684.7072202386116,1684.7072202386116,9.89503101606259,52718,28960,ok,ok,7,3.0,20.42900800704956,3.355383521526615,4.972436933287436,2.938605401054632,27.753444838507562,79.20998577348972,66.60369787841518,0.7261198305901732
0.28167316703871065,1532.621730706306,1532.621730706306,10.68539986661551,32985,18168,ok,ok,8,3.0,10.561237573623657,4.008863770153153,4.453387255528055,3.6313927841601585,29.78990337003968,22.252585161041473,42.843343029197946,0.7430181699047932
1.1648438419928495,131.3959185752397,133.95985374091745,0.19277970831116378,80372,49822,ok,ok,9,3.0,71.56514620780945,11.431711687162785,11.368779701775564,7.5999098823196585,48.10298446961225,42.74030788942783,66.22448511206291,0.6812501874066199
0.49676712028273257,523.7343549784705,523.7343549784705,1.5061400551273993,41319,24488,ok,ok,10,3.0,18.01995348930359,8.242991554987903,7.807147194558498,2.9505131916207747,22.47063239124221,35.82088439070431,41.42331180739364,0.45702400778659213
0.8589338796133632,182.167315824469,182.167315824469,0.36574098936176297,59924,36633,ok,ok,11,3.0,38.92724609375,11.282471268122666,10.393757177826373,5.411289392118456,44.020767799517984,27.55580228684166,52.79302151159999,0.5951655236972164
0.660024166563084,350.32281298589834,350.32281298589834,0.8878051283793096,60788,35225,ok,ok,12,3.0,30.986208200454712,9.378970343751625,3.3732275678496166,4.635114527178957,27.359193253449703,61.16408700913865,65.50421231130916,0.44544629771351063
0.9102805875778784,86.89543776166758,140.88723753565816,0.15295354481079998,82970,50492,ok,ok,13,3.0,61.015480756759644,8.92403565841913,8.129676318991976,6.375425833382954,76.6993089393298,59.717988068067235,63.03651363056677,0.3211733464255392
1.152908642050011,68.20869620883171,106.87608223532416,0.07440950697022529,89597,56173,ok,ok,14,3.0,84.94804239273071,11.910880712917322,11.92934093478971,7.7106136686838616,66.68048687388853,76.67019636625452,57.48464659003312,0.7170114029181548
0.791689262578305,282.2482525427711,282.2482525427711,0.4187831653891077,61438,37654,ok,ok,15,3.0,38.97826313972473,10.55750525953499,9.405051300579782,7.209287846906418,77.93261927418943,20.192245862820567,51.1990555081568,0.5259748485772238
0.7402043329702966,316.67099707411415,316.67099707411415,1.073764209306939,64288,37887,ok,ok,16,3.0,33.27185416221619,7.8699214229534595,6.254488921422435,4.357146065500668,32.18582606881846,34.33933115227324,68.44806798135937,0.4860910298219333
0.697598148496975,761.7063762091326,761.7063762091326,1.7165699048657392,58128,34109,ok,ok,17,3.0,30.72233533859253,10.749855540869243,3.965374169891846,4.586000412790206,24.48364081090154,29.958045305518652,62.14841012672783,0.5115345907441987
0.7317481385475509,537.2698478175914,537.2698478175914,0.7384725514823903,59579,35504,ok,ok,18,3.0,31.80296802520752,11.13629380592717,6.025532285019537,2.355940691032524,46.822469492705736,31.840660516780627,56.56211108614539,0.420342293147815
0.7623192461765338,247.8118712026408,259.6863820036378,0.4494645845924766,63992,38494,ok,ok,19,3.0,35.38383769989014,8.125261247650705,9.83852590639221,3.726349756956851,58.72085130152573,40.020759943152186,55.10036160944917,0.30939568797230144
0.9497078618357994,351.0993259396863,351.0993259396863,0.8231191150089484,68962,41720,ok,ok,20,3.0,44.08184289932251,7.433287623202161,11.53381570679369,4.4674916970839655,32.6413027473368,48.07888603513824,65.88540481799937,0.6137966887261956
0.807733439331372,513.4273740948196,736.3979382044656,1.8070392703412106,70679,41395,ok,ok,21,3.0,37.98574256896973,3.7796699545648043,10.0192979224633,4.6949157121458915,65.32347578310842,21.01825762593976,75.26115883279573,0.6870265083600493
0.8115896828621778,296.25141973799117,296.25141973799117,0.6769723908652409,67341,40743,ok,ok,22,3.0,38.77371644973755,8.972424043144725,7.942426440592051,6.636640053408186,23.542771938948537,76.3406089592772,61.13803682848439,0.44067189675185436
0.86362776900699,242.73051327446979,242.73051327446979,0.4124512734905179,80854,47972,ok,ok,23,3.0,50.96596717834473,7.749901505670112,5.390425770925134,6.160509530836224,56.288526977614204,67.40816980645428,78.08058347811718,0.6601904894207199
0.8184799628868128,464.15026708806874,464.15026708806874,0.6856592026603506,76342,44650,ok,ok,24,3.0,43.21660017967224,9.267139124225178,3.731953046863967,4.960931705340264,61.81735747164827,48.97845465468271,77.34487691005177,0.758206396632813
0.6848719187745638,971.142762758107,971.142762758107,2.002544606716657,57257,33702,ok,ok,25,3.0,29.85113525390625,10.940964819178209,4.165064060175347,2.889607252921403,55.83243248120695,22.71621737903333,59.347386015913685,0.6752653657322589
0.4235830315745937,837.2786614647189,837.2786614647189,4.405796442718398,46690,26492,ok,ok,26,3.0,17.17714524269104,4.869457801811607,4.5860014757805,5.991608817243388,30.094283563748384,37.3518263910759,55.760721880905706,0.5345050283123853
0.829210796015801,269.1894303824385,269.1894303824385,0.6586557300410125,59257,36265,ok,ok,27,3.0,36.36270260810852,9.536208655518273,11.776528061336137,6.43622595735685,20.685845770662805,35.13036960218148,52.30679022080813,0.4680709944259631
1.048275355018492,268.11679447334365,308.3314525304912,0.43527293699265873,86011,52144,ok,ok,28,3.0,64.33672952651978,6.650886336351881,11.46288982180043,4.9225264221082625,57.76905820146121,51.21146008352005,73.78602746986554,0.4312555464110479
0.4441108599621531,1011.5758632072584,1011.5758632072584,4.157060367082173,45469,26099,ok,ok,29,3.0,18.38557505607605,4.957113696942065,7.186656435120675,3.085560417549529,28.821889179409958,74.61280898996067,46.11596729437802,0.4824732388330716
0.5592117282789679,757.6974327801418,757.6974327801418,1.9777963361901159,60484,35044,ok,ok,30,3.0,32.069215059280396,4.519166858205456,5.117134722156994,7.761487926721378,51.960813547538905,59.393930425587115,63.701538324289125,0.7963356997505345
0.9084853967700006,1221.0021774659986,1364.43389236488,3.5384446279779964,81198,48186,ok,ok,31,3.0,59.793286085128784,3.0595820506802496,10.758646825626396,7.286865837077617,51.29185761421694,54.4895275779188,79.23941325442108,0.3405388295773087
0.7680036499474754,304.17323914337004,531.7944669271179,0.5130186646966571,72925,43735,ok,ok,32,3.0,50.07537531852722,3.8310652131785945,10.905902233752538,7.141124175328419,73.28621772872933,66.25353191890503,57.120879960857984,0.5602814672922984
0.9286467170668486,291.1604515348094,291.1604515348094,0.4231351538097341,73148,44510,ok,ok,33,3.0,50.740647077560425,8.518425546949175,11.076690524116852,3.8712500245599055,67.01208399316464,26.223506517806893,62.70432928442718,0.3082696981867348
1.0275021247713807,233.84254807637723,233.84254807637723,0.4119551018747878,82545,50294,ok,ok,34,3.0,58.74514627456665,10.334767694788276,7.360142401550771,7.021526355150261,61.25622096068148,27.315597855659334,74.9015780957035,0.3471715425143602
0.4394008341097607,895.5049243728513,895.5049243728513,3.2771124357810657,55669,31066,ok,ok,35,3.0,25.530484199523926,4.0975698708315,3.042357396944504,7.81115758560362,53.0269085137396,53.003171573292676,64.8383615876643,0.3827576289374979
0.9662032283147407,365.6225240827014,391.2097295885382,0.9752723043673017,76135,45996,ok,ok,36,3.0,51.217841386795044,6.598130729817368,10.687900747083145,6.996182250425734,39.44114346000883,24.382580460255074,73.33600230068618,0.3659907143436643
0.3824278719795067,677.4200891855332,677.4200891855332,2.45930117462101,39295,22707,ok,ok,37,3.0,14.589736700057983,7.416740091075194,4.881305716914229,3.2688965129523577,31.63004964882458,34.82263327226482,40.35538916367027,0.5959329140193454
0.5700510166955718,536.0731848155141,536.0731848155141,1.2934765385618683,58146,34749,ok,ok,38,3.0,31.30922555923462,6.183115822366659,6.825986979260408,7.624710282359063,43.78012985803279,78.60728299927004,48.118584110223225,0.6116644568471532
0.7640900291231799,557.4293882102031,557.4293882102031,1.4237027602693784,67840,39932,ok,ok,39,3.0,37.81915998458862,6.336379553550325,8.098765540538514,3.206217007421841,31.228777056901812,62.476906485728286,68.68741369130574,0.34166901471762007
0.8770106345068025,332.83351364642715,332.83351364642715,0.6111874335562338,71631,43418,ok,ok,40,3.0,46.20917201042175,9.319702093103455,8.667650740964335,5.07042903589826,22.994884048921666,74.44577533849363,63.55633352060984,0.3524530471312974
0.44746734814178507,839.0596359780633,1039.3135082509245,1.79879242735012,48619,27821,ok,ok,41,3.0,20.801790475845337,3.4683038375732265,6.737195266755881,5.544194763195205,64.15126803334567,41.05598394000651,50.706777582567476,0.5635753491623692
0.9162524181890973,132.63854160605845,185.34118976269386,0.1875401011123982,75082,46103,ok,ok,42,3.0,58.33193039894104,8.25123245249365,11.21084309200569,6.761276561351226,65.79141128280595,60.32337216969171,56.696392635944676,0.53153872081773
0.8556371661614751,354.4048553129505,354.4048553129505,0.5987677773975023,74487,44498,ok,ok,43,3.0,44.964189767837524,7.669014672228094,7.687723303822469,4.044389353796584,69.43656196104672,28.2449387068365,72.09744070069988,0.42190631578469484
0.6306508388383685,632.0920491421585,632.0920491421585,3.0648748754278468,61274,35055,ok,ok,44,3.0,27.56793212890625,5.149822718729141,5.6243092006502575,5.823332178688944,30.905216504063898,21.83994001624123,75.81118362093954,0.39836736261537165
0.7814432061980993,264.15432682659036,377.9004066591263,0.42829079638591827,74870,44481,ok,ok,45,3.0,48.06336760520935,5.440574877274319,8.471215578854217,5.740849229258394,67.57905220812404,68.24405928631735,65.03829409799161,0.4630945791629725
0.6505407861809871,210.2989876301063,275.72249429413034,0.4000758539459357,72141,41559,ok,ok,46,3.0,38.97922682762146,6.7355122518226,3.420030237058123,5.673711084996022,70.45124242518233,73.45732191913676,69.38617114719877,0.6507220265826716
0.6898650896648676,551.06708568924,551.06708568924,2.0472061887813666,59908,35753,ok,ok,47,3.0,31.774482011795044,6.046253297769622,9.322006148834035,7.074103344503216,23.12617324012028,41.84240744829064,58.175321259246836,0.329612681955362
0.5001956119625656,864.0253008015565,864.0253008015565,2.0569528236017125,58603,32494,ok,ok,48,3.0,24.96131658554077,4.438751694710319,4.32675271836216,3.3559114459575845,54.30064053177903,71.1588100275778,67.42949648306222,0.5024929792961458
0.8324591822669616,575.7337811070016,575.7337811070016,0.8274609867071795,73107,43458,ok,ok,49,3.0,49.9920768737793,11.187967964473998,3.1900986212193208,7.151965564898613,54.53165053262598,47.54986729142357,70.03054884631523,0.41605397272524275
0.6357673586112981,808.465245098815,845.1439083407907,1.4276206241719431,61097,37245,ok,ok,50,3.0,40.09624981880188,4.901374942417119,11.869416409493796,7.323562041637711,50.23538950716861,73.89928454573152,42.613071165157294,0.6467369402946785
0.5559053125997726,900.0002335736618,900.0002335736618,2.212073770268667,47585,28231,ok,ok,51,3.0,24.57023811340332,11.838779581755503,3.995385227152336,5.646146575604229,38.293873944593244,24.987994334253223,45.446542442835344,0.7862795171835917
0.6174057809532878,229.06733758727475,229.06733758727475,0.3953429746263163,55231,33484,ok,ok,52,3.0,32.715428829193115,9.939922493678594,7.028516346000715,7.374211278367868,52.17117661999601,50.41654332060726,43.40765032643192,0.5175728526404552
0.7247285481495916,267.71939137935203,267.71939137935203,0.5812573321285446,52192,31490,ok,ok,53,3.0,25.831944704055786,10.129337577625549,10.996447856999506,2.3063434368979205,34.95315725351284,33.50304684528305,46.595930841715344,0.40677562856495564
0.6971829527494281,119.79261441256344,194.09110511589373,0.21839944655924298,62350,37294,ok,ok,54,3.0,34.62048101425171,7.942987240891905,9.012364369934433,4.425703351078683,76.01879927815705,56.92769214756333,49.702726078588924,0.540168557837782
1.218916833110951,213.79095457209587,213.79095457209587,0.4467051349531793,82662,50767,ok,ok,55,3.0,63.213623046875,9.207278198723065,11.27571576336318,6.598490576537026,26.737265137586277,58.263197405966935,77.98383162247262,0.7815242406949133
0.5947275595278934,1539.8907033996345,1539.8907033996345,5.79266600492251,63021,35553,ok,ok,56,3.0,27.820072650909424,3.127131061300603,6.8063513850626505,3.8034853125543457,47.20085157750475,50.922921248528624,74.08095612488826,0.702626805457556
0.6227588296916509,659.5751563475337,659.5751563475337,2.4362204619440924,49929,29412,ok,ok,57,3.0,23.79565119743347,5.8800862002137775,9.646504879936586,2.7180727073449518,26.159031481213198,30.35823286683995,53.389647437462244,0.643257788542978
1.1588905579404494,161.3770742731345,161.3770742731345,0.23769957566122824,80629,49238,ok,ok,58,3.0,57.191940784454346,11.35460485541194,9.73364955524653,3.537301872709791,55.30231147381045,38.483063650909145,72.98175628556643,0.5055721580474206
0.45469039664040317,359.52257635680166,359.52257635680166,1.0463431724181287,43164,25354,ok,ok,59,3.0,18.09317660331726,9.12626410797986,5.270981664297713,4.346258677872289,29.129934375018536,57.39291058493973,40.04348281480722,0.5837227823230937
0.6591536719419899,488.54240172457435,488.54240172457435,1.0668955628215975,54706,32698,ok,ok,60,3.0,29.03856587409973,6.923301502060326,11.595428499653236,2.8487176051436016,42.119443413579084,45.218591214515826,46.97256958353016,0.3892885950545722
0.8501673131289975,444.8884691293099,596.223076489822,1.0786766233709066,76580,44757,ok,ok,61,3.0,45.50115656852722,4.424538324799853,9.116146754407636,3.6693371659164904,63.5986706873767,39.354697046115874,79.92265149462668,0.3777871096636939
0.8077812990503536,415.2963175175323,415.2963175175323,0.8500263879532055,64986,38780,ok,ok,62,3.0,38.42753720283508,6.820560401496721,10.20513753999164,3.7559682459549886,43.198931914909345,65.96270628788902,60.63879078284755,0.7127829899642573
0.5948777592164316,373.51486354376203,373.51486354376203,1.1941768814947946,59324,34599,ok,ok,63,3.0,28.172245264053345,7.265625033100704,4.414074844360892,6.46072648991942,28.349234298918475,75.79422290860018,61.52999218970665,0.4095830581001295
0.8993445085640052,112.04782670782345,198.5761877218356,0.1792918526319372,82744,49352,ok,ok,64,3.0,54.53623342514038,7.089575080604627,7.064084623865531,5.775203042790616,79.35477019185706,77.9027115561921,71.41499558269398,0.774085383368691
0.3857285174355266,1244.0806233369228,1244.0806233369228,5.352025268386113,50525,28343,ok,ok,65,3.0,21.80249786376953,3.7043319141842552,3.254894686565335,7.651837620507588,44.95518963478102,70.39623978863514,54.779482314260065,0.35695458547917636
0.40308749189567117,899.4018811228024,899.4018811228024,2.4175228417918024,50198,27209,ok,ok,66,3.0,17.45470905303955,4.265356284609961,3.607847354778632,2.4634261803003814,74.88872392387202,39.95239484788935,62.385862571132186,0.6642918252061505
0.5160015934369424,1012.2612293423095,1012.2612293423095,3.6593358588301874,49455,28365,ok,ok,67,3.0,21.89984941482544,7.505281603118439,3.7862113847158687,6.888456081896906,25.933218946929006,20.791043541937132,59.10532750373808,0.7124820825385396
0.6023749259299873,303.3247317365211,424.14312479304476,0.669699112583565,69713,38726,ok,ok,68,3.0,29.952171325683594,4.620348614567966,4.8447128661638095,2.6164494344798674,75.90251903738964,75.06196427558663,75.55830395905537,0.5132216334131772
0.6172157772593906,211.20276304941143,375.58667290913513,0.3636071785777965,61006,36658,ok,ok,69,3.0,35.727235078811646,5.187928303258619,9.158633992717483,7.4370585461162095,72.08006711286745,53.88474631611158,47.20018566599988,0.4992596536621424
0.9435909514050776,439.0547218407438,439.0547218407438,0.9971339879733375,80800,48780,ok,ok,70,3.0,56.980719804763794,6.113690181705422,10.11936041802723,6.702157891692475,40.993501694178974,63.751701927831846,72.3873015682025,0.4036145211556288
0.7016948352872907,349.71049819914384,362.5683952863196,0.469951307239734,62444,37564,ok,ok,71,3.0,39.06986665725708,6.855217362875896,10.835168810255002,4.512123171773258,58.150702629131985,60.58749326609721,49.06890544488685,0.42673808356085563
0.537534606056441,649.0031075485576,649.0031075485576,1.135166559765753,47269,27761,ok,ok,72,3.0,20.974994659423828,10.998752685917996,4.791942873515254,2.1918091103512127,46.064396212755796,36.86674968703381,44.70198977672007,0.6320579735708214
0.5634797195367014,375.84780481285355,428.25532368566024,0.5888627265395215,53962,32078,ok,ok,73,3.0,28.831637144088745,5.9957057205673605,8.753250188768728,5.130767471234355,62.94815994623365,49.785119353492966,45.73401903071371,0.6732757504736306
0.5972392848955791,617.258345220832,617.258345220832,1.784266176170602,58312,33794,ok,ok,74,3.0,28.18712544441223,5.512969938956974,6.600092028736858,4.239234023642572,41.228042671142695,64.00612185712151,60.83475852216773,0.655869086222255
0.55486609916087,435.0634675196136,546.3221054827414,0.8261985124837256,50900,30380,ok,ok,75,3.0,24.231019496917725,5.058997018805627,10.491354809907163,6.314193223784221,62.04396318250554,33.036711808567674,43.80444374982714,0.43603120297071474
1.0835695104153027,131.27879891669488,131.27879891669488,0.2003216045072747,83056,51053,ok,ok,76,3.0,68.6097960472107,11.57433672723222,8.254153717173434,7.451093207027331,49.358522436896706,52.032156722079584,69.08990363620852,0.4880340120101134
0.4783728172778176,694.0867618192394,832.4459305339622,1.7910027244012492,46651,26674,ok,ok,77,3.0,19.094300031661987,3.6624389243874536,8.851781497301921,2.662324114654349,66.41674131095539,32.22993959390322,48.62948886081697,0.476147550840164
0.5111629028936687,344.33124484263215,344.33124484263215,0.8273192993411934,51434,29798,ok,ok,78,3.0,23.089747428894043,8.055361452046952,4.23162846475448,4.107638538299004,45.115135403336524,64.95414232259756,50.41262030462569,0.33524389305078844
0.7374520325928848,1489.8728410638178,1489.8728410638178,5.100854488215265,68589,39837,ok,ok,79,3.0,38.46229577064514,3.4358414514894338,10.323961554072508,2.2245402958362304,42.570577110115096,77.05904856579872,68.29929927891456,0.46065768976692645
0.35414491722058594,975.2588789021912,975.2588789021912,3.56438411921765,40806,22651,ok,ok,80,3.0,13.579960107803345,5.3367353104757065,4.079822720260044,2.1072419061099907,33.701369941900296,61.88848205721561,47.49904914309873,0.6186868548301327
0.8918061290685318,392.6322653109966,392.6322653109966,0.4546834472773396,66184,39996,ok,ok,81,3.0,37.38124370574951,10.807944156284012,8.823318579462404,3.0382505190023386,24.62557101488497,79.79020953483078,60.171883113937156,0.6000975563131916
0.9393051097635813,209.8006932713336,209.8006932713336,0.4735085958122741,70706,42279,ok,ok,82,3.0,43.93884491920471,9.474401595288608,7.97461132836671,2.753305583572505,45.64185259280616,40.522613812192446,71.12223233167838,0.5517191045631185
0.8758037903752477,194.25398592020522,204.12696401628733,0.32711147555646725,74948,44798,ok,ok,83,3.0,48.527047634124756,8.753683018010129,6.357690293722516,6.123424881763349,56.970471840510854,58.915856002482826,70.4305435925449,0.6930041198121333
0.49053685986998735,261.69730596014466,296.93982301716204,0.4725880182378707,50251,29326,ok,ok,84,3.0,23.552765130996704,7.197874264549923,6.962762610156739,3.119108782707241,68.79617292408479,55.20551705592837,42.2904327717551,0.5755729763860065
0.9296371825894543,438.99291136757904,438.99291136757904,0.985277248949039,71488,42394,ok,ok,85,3.0,42.46364188194275,9.880579862437202,5.521919680407864,3.9775314988907846,35.70358537196698,23.009740680069875,79.59685694022042,0.7534900616825451
1.0514571295696133,148.43811932649012,148.43811932649012,0.2187355075351087,75549,46411,ok,ok,86,3.0,56.52280569076538,11.764099753168171,9.541895021348783,5.380877215023466,59.03651664635769,36.46672033396747,64.48948119116723,0.5468448484799899
0.9535995188997769,306.1089422559359,306.1089422559359,0.5849588335928148,80068,47927,ok,ok,87,3.0,53.09730291366577,7.311968592359066,8.59450508014681,4.759424206101773,48.74544805088006,47.04673172365516,76.92046574277948,0.44750643446422644
0.7341943136498829,167.74004052303144,167.74004052303144,0.27201800777529195,62904,38072,ok,ok,88,3.0,37.7799608707428,11.502414058214917,7.4319651863157645,4.295337219164523,52.597139801642676,54.65825513094287,49.37979686207446,0.3932964224789535
0.5175073346225889,616.1081859939239,616.1081859939239,1.1463980134701006,54802,31816,ok,ok,89,3.0,25.82827377319336,5.665967050716123,5.790275520230799,4.885790776259412,53.97229089812458,70.62501746238985,51.729208708533164,0.3132138366813162
0.43099548695228357,1310.4354041061379,1310.4354041061379,3.70126146329878,39842,23055,ok,ok,90,3.0,15.35329794883728,9.791423327190763,3.5450494574742497,4.714317868168269,36.355725381968114,25.617230483485628,41.6786030268548,0.6068662322332093
0.9352605917418634,724.8857400636532,724.8857400636532,2.1786592145759824,77745,46696,ok,ok,91,3.0,52.538066387176514,4.779491586890327,11.65621062035591,4.8061094906426085,36.69585419678137,55.51497594743576,73.02579536782486,0.3178720008819456
1.0031772232756166,314.21799742408047,314.21799742408047,0.4169279126077323,72398,43507,ok,ok,92,3.0,45.410651445388794,9.696982960524917,9.286645970681022,2.432947527949597,37.094927135152886,62.79977182710124,69.92398110161645,0.6705703196418851
0.8790013157427478,89.47007278979626,150.8894543446821,0.14845544500070318,76891,46887,ok,ok,93,3.0,56.0158486366272,8.608271513783007,8.20671652321918,6.903793156586134,74.30423935541069,65.10523236624604,59.9570682010382,0.6340719319947168
0.6813630087815253,337.68953716449494,337.68953716449494,1.0133669312783218,49286,29657,ok,ok,94,3.0,24.66838526725769,8.630435023768747,10.162307954489687,5.877261247941927,21.54594523325565,23.886090363697278,48.69312420759586,0.6378437491027262
0.6534191185314582,162.3210721765846,166.20265031569826,0.24636575500850705,60232,35282,ok,ok,95,3.0,31.307552814483643,8.778184069948871,7.733165454786103,2.023713268354883,78.65911628312267,63.23350175474158,50.23275101106602,0.6250390016607925
0.5308947785688293,1163.5934044518308,1163.5934044518308,3.2171959817075617,47988,28467,ok,ok,96,3.0,24.711751461029053,11.69812717090521,3.1311354129466222,7.503567730664436,37.523845725158594,29.360592339965052,45.000072231295796,0.7924473168428765
0.7930821427714558,203.43547700520165,203.43547700520165,0.4830280946120689,62530,37734,ok,ok,97,3.0,38.57373023033142,10.066735608164441,7.3071115900615,6.280286384411806,38.99537953940735,42.31720972824139,58.541738783423796,0.7704938006376678
0.44956100879351724,436.40336984195096,770.3686144149383,1.360553241812469,54753,30829,ok,ok,98,3.0,21.82134437561035,3.218662183277943,5.230247350502369,5.275282348089414,78.11294024522067,44.20556046526789,58.81967916017471,0.7466808452292502
0.9629782347637675,98.06296313976162,121.78716896055428,0.1466801581101814,86389,51815,ok,ok,99,3.0,65.02610301971436,10.361399906359335,5.667011706222203,5.169641664895613,70.53936328198682,72.46009480568279,71.79703114573947,0.4509311975761763
0.6829696218274081,301.09592664816614,301.09592664816614,0.6109190951944342,58304,34518,ok,ok,100,3.0,31.626930475234985,8.367949991784217,7.218754385371796,3.557998158986555,47.61782801707689,51.731596538132905,56.091876628579634,0.572044433831929
1.0911353851347843,126.7479107755601,175.59987212446046,0.20050819263393999,85222,51666,ok,ok,101,3.0,61.54862022399902,9.046247546230024,8.398404983339972,6.00251417084464,64.76615242009984,57.85074651256588,77.24982275245863,0.7608354440037561
0.782989824493816,933.7624451327862,933.7624451327862,3.461249294122476,67934,40130,ok,ok,102,3.0,42.10900259017944,4.3066589779677535,10.536168260732868,4.180890268966987,34.46111533585078,66.50962123938784,66.99476269414487,0.4920009735972856
0.809962762062516,292.4100210901528,292.4100210901528,0.31392366176055014,60827,36931,ok,ok,103,3.0,38.847466468811035,11.99761601760761,10.612092980664993,2.5107266107347574,35.168212210988884,71.647128809382,47.96750259357225,0.3672331163206327
0.6008097461580503,249.28565745637943,249.28565745637943,0.5342812861308425,52153,31462,ok,ok,104,3.0,29.799731731414795,10.67626304415963,6.379368421235692,6.650237561758172,40.12267923481366,46.59742303079092,44.012989830127154,0.5428361557614116
1.0075360862587794,116.88693020803225,116.88693020803225,0.14893985069580287,91961,55312,ok,ok,105,3.0,67.3429126739502,10.60412252018434,4.68547833131297,6.223858380146126,79.68002354108374,67.68766066625716,76.33286186465324,0.3035447657018292
0.5164770473637323,792.2996718215189,792.2996718215189,1.9565653259567652,62238,33889,ok,ok,106,3.0,25.16597008705139,4.693742843635412,3.5034305816207842,2.0662741278070538,71.50466731768161,44.86708033624183,78.39643499052156,0.73595265110944
0.756580691113305,377.5047365719203,382.06444212113655,0.966161740949137,70119,41161,ok,ok,107,3.0,37.847209453582764,5.270715427923966,7.568344438719582,5.218803347826643,72.73971362986632,25.085460175847636,74.62714527648407,0.32699275698948593
0.9836067729989395,401.00647307615367,720.3569490845807,1.0400487351283172,87226,51927,ok,ok,108,3.0,60.293363094329834,3.235247623168096,11.722893733357223,5.941962402716769,73.57331907041988,52.88450519880712,78.97543329965771,0.38714632448783726
0.9052562081025632,171.9341003804251,171.9341003804251,0.23252649235318135,67951,42132,ok,ok,109,3.0,47.708186864852905,11.041181119401182,11.111972834132736,7.855968121438504,75.12280475215994,26.552985750124286,52.35746604885954,0.5560951543804102
0.7516349074372272,711.3921716097024,711.3921716097024,2.2406384755983297,64139,37794,ok,ok,110,3.0,35.23330307006836,5.802580573182412,8.928492173088761,3.3242900872882144,21.379627152453896,46.030690927354335,67.31644114909986,0.3600693898622723
0.47394456509124544,1140.6694735648866,1140.6694735648866,4.910976775894108,47180,26551,ok,ok,111,3.0,17.793715476989746,4.130290778851917,6.469172816423157,2.569725917957798,39.75678143690113,31.363714725338042,57.81222147910145,0.7885892308745313
0.883015180520121,162.597830005824,177.40036040080372,0.2987362743611365,69081,41689,ok,ok,112,3.0,41.25914907455444,10.00790897078142,8.492520600706658,4.051644224085791,59.680290933984466,43.64606095350631,61.71690513757284,0.5226951323721948
0.7278502650472043,366.69220748950687,389.96708464757916,0.5929530085956755,63972,38416,ok,ok,113,3.0,37.6606080532074,6.428373767391728,9.765487929902408,5.558758432380971,57.010063554868296,49.48940375701638,55.49765633610367,0.5830781646145439
0.7256531630969835,284.06421135029854,284.06421135029854,0.6926958225320624,58707,35387,ok,ok,114,3.0,30.966059923171997,10.237778585584664,7.614191076444489,3.9390115188136354,25.000409601634086,37.62858226495372,54.20463933593425,0.37168805584606734
0.7428712122323553,344.2879200253429,344.2879200253429,0.7309636871008507,68689,40267,ok,ok,115,3.0,35.455602407455444,7.031488874892638,5.9036588028795185,5.011180583478319,49.65240856899311,56.107592348071336,70.87022104480198,0.5908966628938912
0.5857330919483847,422.0271310193522,422.0271310193522,0.9001473766576787,52787,31002,ok,ok,116,3.0,24.836281538009644,9.642410933411668,5.044448811319832,3.157683539530294,41.5488823265866,43.0036643762246,51.56225340080927,0.696508124961987
0.45890271456206044,849.7040746855995,849.7040746855995,1.4204462366945594,51280,30352,fillet fallback 0.5,ok,117,3.0,35.87450385093689,5.700112348390148,5.979029106046631,6.849746963481921,50.928759185667595,78.11115882559663,40.73204220453956,0.47391770086914287
0.4688083000382374,465.39263045277585,465.39263045277585,0.7439792799584012,47457,27463,ok,ok,118,3.0,18.381746292114258,7.9544838085441985,5.757265471231596,2.263571975623307,68.40775648811125,45.621379831152105,43.31639364863922,0.5683743070391739
0.5740140995908573,268.0133861184374,508.45276253718487,0.468275786986994,65729,38855,ok,ok,119,3.0,30.3494074344635,3.948827108464019,6.17556739612095,7.955660331517569,77.33893571495048,69.02446490987217,53.18270992151382,0.6900004603560568
0.41416085059159435,612.6417117341432,612.6417117341432,2.266925345441712,40863,23871,ok,ok,120,3.0,15.636978387832642,6.509660552416674,6.145826194672862,5.496945687734487,33.07492748941011,38.996344941183665,41.11723318898105,0.7641265348671168
