t1,t2,tr,hr,lr,W,rf_ratio,design
6.0,6.0,4.0,40.0,40.0,60.0,0.67,0
7.636579888974342,9.477006512571364,3.476636579942826,20.314749736445975,69.82254133284518,54.40316058471558,0.7045619006805117,1
10.486698510613271,3.8510411397986153,6.535084861632221,63.01651889991881,68.54007491973135,76.4547097319518,0.7218636162621704,2
5.586363472775824,5.413057855621833,7.927580972729995,69.83059377334311,32.86105039224992,67.92455564771886,0.6228090964860614,3
3.5676815954486676,9.925261453464554,5.349357975881659,71.27614904923064,30.8174095994338,64.26820080004282,0.7308547255374748,4
6.267351513303701,6.577500637219114,3.4395291939381893,60.06268797140391,28.601268842239286,44.464430107771676,0.7402287475888862,5
8.403988515676527,4.532746696912309,6.078361863019003,60.54977520049789,72.84032909804907,53.768001709955406,0.7778590819697401,6
3.355383521526615,4.972436933287436,2.938605401054632,27.753444838507562,79.20998577348972,66.60369787841518,0.7261198305901732,7
4.008863770153153,4.453387255528055,3.6313927841601585,29.78990337003968,22.252585161041473,42.843343029197946,0.7430181699047932,8
11.431711687162785,11.368779701775564,7.5999098823196585,48.10298446961225,42.74030788942783,66.22448511206291,0.6812501874066199,9
8.242991554987903,7.807147194558498,2.9505131916207747,22.47063239124221,35.82088439070431,41.42331180739364,0.45702400778659213,10
11.282471268122666,10.393757177826373,5.411289392118456,44.020767799517984,27.55580228684166,52.79302151159999,0.5951655236972164,11
9.378970343751625,3.3732275678496166,4.635114527178957,27.359193253449703,61.16408700913865,65.50421231130916,0.44544629771351063,12
8.92403565841913,8.129676318991976,6.375425833382954,76.6993089393298,59.717988068067235,63.03651363056677,0.3211733464255392,13
11.910880712917322,11.92934093478971,7.7106136686838616,66.68048687388853,76.67019636625452,57.48464659003312,0.7170114029181548,14
10.55750525953499,9.405051300579782,7.209287846906418,77.93261927418943,20.192245862820567,51.1990555081568,0.5259748485772238,15
7.8699214229534595,6.254488921422435,4.357146065500668,32.18582606881846,34.33933115227324,68.44806798135937,0.4860910298219333,16
10.749855540869243,3.965374169891846,4.586000412790206,24.48364081090154,29.958045305518652,62.14841012672783,0.5115345907441987,17
11.13629380592717,6.025532285019537,2.355940691032524,46.822469492705736,31.840660516780627,56.56211108614539,0.420342293147815,18
8.125261247650705,9.83852590639221,3.726349756956851,58.72085130152573,40.020759943152186,55.10036160944917,0.30939568797230144,19
7.433287623202161,11.53381570679369,4.4674916970839655,32.6413027473368,48.07888603513824,65.88540481799937,0.6137966887261956,20
3.7796699545648043,10.0192979224633,4.6949157121458915,65.32347578310842,21.01825762593976,75.26115883279573,0.6870265083600493,21
8.972424043144725,7.942426440592051,6.636640053408186,23.542771938948537,76.3406089592772,61.13803682848439,0.44067189675185436,22
7.749901505670112,5.390425770925134,6.160509530836224,56.288526977614204,67.40816980645428,78.08058347811718,0.6601904894207199,23
9.267139124225178,3.731953046863967,4.960931705340264,61.81735747164827,48.97845465468271,77.34487691005177,0.758206396632813,24
10.940964819178209,4.165064060175347,2.889607252921403,55.83243248120695,22.71621737903333,59.347386015913685,0.6752653657322589,25
4.869457801811607,4.5860014757805,5.991608817243388,30.094283563748384,37.3518263910759,55.760721880905706,0.5345050283123853,26
9.536208655518273,11.776528061336137,6.43622595735685,20.685845770662805,35.13036960218148,52.30679022080813,0.4680709944259631,27
6.650886336351881,11.46288982180043,4.9225264221082625,57.76905820146121,51.21146008352005,73.78602746986554,0.4312555464110479,28
4.957113696942065,7.186656435120675,3.085560417549529,28.821889179409958,74.61280898996067,46.11596729437802,0.4824732388330716,29
4.519166858205456,5.117134722156994,7.761487926721378,51.960813547538905,59.393930425587115,63.701538324289125,0.7963356997505345,30
3.0595820506802496,10.758646825626396,7.286865837077617,51.29185761421694,54.4895275779188,79.23941325442108,0.3405388295773087,31
3.8310652131785945,10.905902233752538,7.141124175328419,73.28621772872933,66.25353191890503,57.120879960857984,0.5602814672922984,32
8.518425546949175,11.076690524116852,3.8712500245599055,67.01208399316464,26.223506517806893,62.70432928442718,0.3082696981867348,33
10.334767694788276,7.360142401550771,7.021526355150261,61.25622096068148,27.315597855659334,74.9015780957035,0.3471715425143602,34
4.0975698708315,3.042357396944504,7.81115758560362,53.0269085137396,53.003171573292676,64.8383615876643,0.3827576289374979,35
6.598130729817368,10.687900747083145,6.996182250425734,39.44114346000883,24.382580460255074,73.33600230068618,0.3659907143436643,36
7.416740091075194,4.881305716914229,3.2688965129523577,31.63004964882458,34.82263327226482,40.35538916367027,0.5959329140193454,37
6.183115822366659,6.825986979260408,7.624710282359063,43.78012985803279,78.60728299927004,48.118584110223225,0.6116644568471532,38
6.336379553550325,8.098765540538514,3.206217007421841,31.228777056901812,62.476906485728286,68.68741369130574,0.34166901471762007,39
9.319702093103455,8.667650740964335,5.07042903589826,22.994884048921666,74.44577533849363,63.55633352060984,0.3524530471312974,40
3.4683038375732265,6.737195266755881,5.544194763195205,64.15126803334567,41.05598394000651,50.706777582567476,0.5635753491623692,41
8.25123245249365,11.21084309200569,6.761276561351226,65.79141128280595,60.32337216969171,56.696392635944676,0.53153872081773,42
7.669014672228094,7.687723303822469,4.044389353796584,69.43656196104672,28.2449387068365,72.09744070069988,0.42190631578469484,43
5.149822718729141,5.6243092006502575,5.823332178688944,30.905216504063898,21.83994001624123,75.81118362093954,0.39836736261537165,44
5.440574877274319,8.471215578854217,5.740849229258394,67.57905220812404,68.24405928631735,65.03829409799161,0.4630945791629725,45
6.7355122518226,3.420030237058123,5.673711084996022,70.45124242518233,73.45732191913676,69.38617114719877,0.6507220265826716,46
6.046253297769622,9.322006148834035,7.074103344503216,23.12617324012028,41.84240744829064,58.175321259246836,0.329612681955362,47
4.438751694710319,4.32675271836216,3.3559114459575845,54.30064053177903,71.1588100275778,67.42949648306222,0.5024929792961458,48
11.187967964473998,3.1900986212193208,7.151965564898613,54.53165053262598,47.54986729142357,70.03054884631523,0.41605397272524275,49
4.901374942417119,11.869416409493796,7.323562041637711,50.23538950716861,73.89928454573152,42.613071165157294,0.6467369402946785,50
11.838779581755503,3.995385227152336,5.646146575604229,38.293873944593244,24.987994334253223,45.446542442835344,0.7862795171835917,51
9.939922493678594,7.028516346000715,7.374211278367868,52.17117661999601,50.41654332060726,43.40765032643192,0.5175728526404552,52
10.129337577625549,10.996447856999506,2.3063434368979205,34.95315725351284,33.50304684528305,46.595930841715344,0.40677562856495564,53
7.942987240891905,9.012364369934433,4.425703351078683,76.01879927815705,56.92769214756333,49.702726078588924,0.540168557837782,54
9.207278198723065,11.27571576336318,6.598490576537026,26.737265137586277,58.263197405966935,77.98383162247262,0.7815242406949133,55
3.127131061300603,6.8063513850626505,3.8034853125543457,47.20085157750475,50.922921248528624,74.08095612488826,0.702626805457556,56
5.8800862002137775,9.646504879936586,2.7180727073449518,26.159031481213198,30.35823286683995,53.389647437462244,0.643257788542978,57
11.35460485541194,9.73364955524653,3.537301872709791,55.30231147381045,38.483063650909145,72.98175628556643,0.5055721580474206,58
9.12626410797986,5.270981664297713,4.346258677872289,29.129934375018536,57.39291058493973,40.04348281480722,0.5837227823230937,59
6.923301502060326,11.595428499653236,2.8487176051436016,42.119443413579084,45.218591214515826,46.97256958353016,0.3892885950545722,60
4.424538324799853,9.116146754407636,3.6693371659164904,63.5986706873767,39.354697046115874,79.92265149462668,0.3777871096636939,61
6.820560401496721,10.20513753999164,3.7559682459549886,43.198931914909345,65.96270628788902,60.63879078284755,0.7127829899642573,62
7.265625033100704,4.414074844360892,6.46072648991942,28.349234298918475,75.79422290860018,61.52999218970665,0.4095830581001295,63
7.089575080604627,7.064084623865531,5.775203042790616,79.35477019185706,77.9027115561921,71.41499558269398,0.774085383368691,64
3.7043319141842552,3.254894686565335,7.651837620507588,44.95518963478102,70.39623978863514,54.779482314260065,0.35695458547917636,65
4.265356284609961,3.607847354778632,2.4634261803003814,74.88872392387202,39.95239484788935,62.385862571132186,0.6642918252061505,66
7.505281603118439,3.7862113847158687,6.888456081896906,25.933218946929006,20.791043541937132,59.10532750373808,0.7124820825385396,67
4.620348614567966,4.8447128661638095,2.6164494344798674,75.90251903738964,75.06196427558663,75.55830395905537,0.5132216334131772,68
5.187928303258619,9.158633992717483,7.4370585461162095,72.08006711286745,53.88474631611158,47.20018566599988,0.4992596536621424,69
6.113690181705422,10.11936041802723,6.702157891692475,40.993501694178974,63.751701927831846,72.3873015682025,0.4036145211556288,70
6.855217362875896,10.835168810255002,4.512123171773258,58.150702629131985,60.58749326609721,49.06890544488685,0.42673808356085563,71
10.998752685917996,4.791942873515254,2.1918091103512127,46.064396212755796,36.86674968703381,44.70198977672007,0.6320579735708214,72
5.9957057205673605,8.753250188768728,5.130767471234355,62.94815994623365,49.785119353492966,45.73401903071371,0.6732757504736306,73
5.512969938956974,6.600092028736858,4.239234023642572,41.228042671142695,64.00612185712151,60.83475852216773,0.655869086222255,74
5.058997018805627,10.491354809907163,6.314193223784221,62.04396318250554,33.036711808567674,43.80444374982714,0.43603120297071474,75
11.57433672723222,8.254153717173434,7.451093207027331,49.358522436896706,52.032156722079584,69.08990363620852,0.4880340120101134,76
3.6624389243874536,8.851781497301921,2.662324114654349,66.41674131095539,32.22993959390322,48.62948886081697,0.476147550840164,77
8.055361452046952,4.23162846475448,4.107638538299004,45.115135403336524,64.95414232259756,50.41262030462569,0.33524389305078844,78
3.4358414514894338,10.323961554072508,2.2245402958362304,42.570577110115096,77.05904856579872,68.29929927891456,0.46065768976692645,79
5.3367353104757065,4.079822720260044,2.1072419061099907,33.701369941900296,61.88848205721561,47.49904914309873,0.6186868548301327,80
10.807944156284012,8.823318579462404,3.0382505190023386,24.62557101488497,79.79020953483078,60.171883113937156,0.6000975563131916,81
9.474401595288608,7.97461132836671,2.753305583572505,45.64185259280616,40.522613812192446,71.12223233167838,0.5517191045631185,82
8.753683018010129,6.357690293722516,6.123424881763349,56.970471840510854,58.915856002482826,70.4305435925449,0.6930041198121333,83
7.197874264549923,6.962762610156739,3.119108782707241,68.79617292408479,55.20551705592837,42.2904327717551,0.5755729763860065,84
9.880579862437202,5.521919680407864,3.9775314988907846,35.70358537196698,23.009740680069875,79.59685694022042,0.7534900616825451,85
11.764099753168171,9.541895021348783,5.380877215023466,59.03651664635769,36.46672033396747,64.48948119116723,0.5468448484799899,86
7.311968592359066,8.59450508014681,4.759424206101773,48.74544805088006,47.04673172365516,76.92046574277948,0.44750643446422644,87
11.502414058214917,7.4319651863157645,4.295337219164523,52.597139801642676,54.65825513094287,49.37979686207446,0.3932964224789535,88
5.665967050716123,5.790275520230799,4.885790776259412,53.97229089812458,70.62501746238985,51.729208708533164,0.3132138366813162,89
9.791423327190763,3.5450494574742497,4.714317868168269,36.355725381968114,25.617230483485628,41.6786030268548,0.6068662322332093,90
4.779491586890327,11.65621062035591,4.8061094906426085,36.69585419678137,55.51497594743576,73.02579536782486,0.3178720008819456,91
9.696982960524917,9.286645970681022,2.432947527949597,37.094927135152886,62.79977182710124,69.92398110161645,0.6705703196418851,92
8.608271513783007,8.20671652321918,6.903793156586134,74.30423935541069,65.10523236624604,59.9570682010382,0.6340719319947168,93
8.630435023768747,10.162307954489687,5.877261247941927,21.54594523325565,23.886090363697278,48.69312420759586,0.6378437491027262,94
8.778184069948871,7.733165454786103,2.023713268354883,78.65911628312267,63.23350175474158,50.23275101106602,0.6250390016607925,95
11.69812717090521,3.1311354129466222,7.503567730664436,37.523845725158594,29.360592339965052,45.000072231295796,0.7924473168428765,96
10.066735608164441,7.3071115900615,6.280286384411806,38.99537953940735,42.31720972824139,58.541738783423796,0.7704938006376678,97
3.218662183277943,5.230247350502369,5.275282348089414,78.11294024522067,44.20556046526789,58.81967916017471,0.7466808452292502,98
10.361399906359335,5.667011706222203,5.169641664895613,70.53936328198682,72.46009480568279,71.79703114573947,0.4509311975761763,99
8.367949991784217,7.218754385371796,3.557998158986555,47.61782801707689,51.731596538132905,56.091876628579634,0.572044433831929,100
9.046247546230024,8.398404983339972,6.00251417084464,64.76615242009984,57.85074651256588,77.24982275245863,0.7608354440037561,101
4.3066589779677535,10.536168260732868,4.180890268966987,34.46111533585078,66.50962123938784,66.99476269414487,0.4920009735972856,102
11.99761601760761,10.612092980664993,2.5107266107347574,35.168212210988884,71.647128809382,47.96750259357225,0.3672331163206327,103
10.67626304415963,6.379368421235692,6.650237561758172,40.12267923481366,46.59742303079092,44.012989830127154,0.5428361557614116,104
10.60412252018434,4.68547833131297,6.223858380146126,79.68002354108374,67.68766066625716,76.33286186465324,0.3035447657018292,105
4.693742843635412,3.5034305816207842,2.0662741278070538,71.50466731768161,44.86708033624183,78.39643499052156,0.73595265110944,106
5.270715427923966,7.568344438719582,5.218803347826643,72.73971362986632,25.085460175847636,74.62714527648407,0.32699275698948593,107
3.235247623168096,11.722893733357223,5.941962402716769,73.57331907041988,52.88450519880712,78.97543329965771,0.38714632448783726,108
11.041181119401182,11.111972834132736,7.855968121438504,75.12280475215994,26.552985750124286,52.35746604885954,0.5560951543804102,109
5.802580573182412,8.928492173088761,3.3242900872882144,21.379627152453896,46.030690927354335,67.31644114909986,0.3600693898622723,110
4.130290778851917,6.469172816423157,2.569725917957798,39.75678143690113,31.363714725338042,57.81222147910145,0.7885892308745313,111
10.00790897078142,8.492520600706658,4.051644224085791,59.680290933984466,43.64606095350631,61.71690513757284,0.5226951323721948,112
6.428373767391728,9.765487929902408,5.558758432380971,57.010063554868296,49.48940375701638,55.49765633610367,0.5830781646145439,113
10.237778585584664,7.614191076444489,3.9390115188136354,25.000409601634086,37.62858226495372,54.20463933593425,0.37168805584606734,114
7.031488874892638,5.9036588028795185,5.011180583478319,49.65240856899311,56.107592348071336,70.87022104480198,0.5908966628938912,115
9.642410933411668,5.044448811319832,3.157683539530294,41.5488823265866,43.0036643762246,51.56225340080927,0.696508124961987,116
5.700112348390148,5.979029106046631,6.849746963481921,50.928759185667595,78.11115882559663,40.73204220453956,0.47391770086914287,117
7.9544838085441985,5.757265471231596,2.263571975623307,68.40775648811125,45.621379831152105,43.31639364863922,0.5683743070391739,118
3.948827108464019,6.17556739612095,7.955660331517569,77.33893571495048,69.02446490987217,53.18270992151382,0.6900004603560568,119
6.509660552416674,6.145826194672862,5.496945687734487,33.07492748941011,38.996344941183665,41.11723318898105,0.7641265348671168,120
