t,AF,seed,curve,S,variant
1,0.0776150525706333,1000,59616783.75279838,,EAO
2,0.10976425998969035,1000,59616783.75279838,,EAO
3,0.13443321448446624,1000,59616783.75279838,,EAO
4,0.1552301051412666,1000,59616783.75279838,,EAO
5,0.17355253362515582,1000,59616783.75279838,,EAO
6,0.19011727515734336,1000,59616783.75279838,,EAO
7,0.20535012709710013,1000,59616783.75279838,,EAO
8,0.2195285199793807,1000,59616783.75279838,,EAO
9,0.23284515771189987,1000,24958959.082286056,,EAO
10,0.245440346836908,1000,6118821.933544259,,EAO
11,0.2574200074605,1000,3772961.300299925,,EAO
12,0.2688664289689325,1000,3772961.300299925,,EAO
13,0.2798450517912514,1000,2989708.509029049,,EAO
14,0.2904089347757578,1000,2022688.1604068363,,EAO
15,0.3006018060210759,1000,2022688.1604068363,,EAO
16,0.3104602102825332,1000,2022688.1604068363,,EAO
17,0.32001505988658857,1000,2022688.1604068363,,EAO
18,0.329292779969071,1000,2022688.1604068363,,EAO
19,0.33831617065298725,1000,1687000.610356343,,EAO
20,0.34710506725031165,1000,1300308.987963186,,EAO
21,0.3556768534729039,1000,660441.8622173899,,EAO
22,0.3640468657768224,1000,660441.8622173899,,EAO
23,0.37222871580181704,1000,312382.6479691202,,EAO
24,0.3802345503146867,1000,312382.6479691202,,EAO
25,0.38807526285316646,1000,229630.08025176777,,EAO
26,0.39576066760618894,1000,229630.08025176777,,EAO
27,0.40329964345339875,1000,164657.07012361832,,EAO
28,0.41070025419420025,1000,164657.07012361832,,EAO
29,0.4179698496072688,1000,140846.71077697683,,EAO
30,0.4251151509488518,1000,55509.57828768528,,EAO
31,0.43214232372195066,1000,55509.57828768528,,EAO
32,0.4390570399587614,1000,55509.57828768528,,EAO
33,0.4458645318063454,1000,55509.57828768528,,EAO
34,0.4525696378552518,1000,55509.57828768528,,EAO
35,0.4591768433773375,1000,53110.035471337054,,EAO
36,0.46569031542379974,1000,49925.48288915822,,EAO
37,0.4721139335637747,1000,48096.70820249227,,EAO
38,0.4784513169075851,1000,24253.228879358998,,EAO
39,0.4847058479491913,1000,24253.228879358998,,EAO
40,0.490880693673816,1000,17038.038863056263,,EAO
41,0.49697882430464674,1000,17038.038863056263,,EAO
42,0.5030030300035687,1000,15695.730720586194,,EAO
43,0.5089559357923957,1000,15695.730720586194,,EAO
44,0.514840014921,1000,14024.539115262045,,EAO
45,0.5206576008754674,1000,14024.539115262045,,EAO
46,0.5264108981916501,1000,13114.485715757442,,EAO
47,0.532101992216231,1000,11454.062736666227,,EAO
48,0.537732857937865,1000,9813.462023700611,,EAO
49,0.543305367994433,1000,9392.496062172177,,EAO
50,0.5488212999484517,1000,8267.514931371355,,EAO
51,0.5542823429107684,1000,8267.514931371355,,EAO
52,0.5596901035825028,1000,7126.33270961657,,EAO
53,0.5650461117764947,1000,7126.33270961657,,EAO
54,0.5703518254720301,1000,7126.33270961657,,EAO
55,0.5756086354501809,1000,7047.479100949338,,EAO
56,0.5808178695515156,1000,7047.479100949338,,EAO
57,0.5859807965931167,1000,6771.9005671459545,,EAO
58,0.5910986299776424,1000,6676.374835748986,,EAO
59,0.5961725310235183,1000,6539.8233039450715,,EAO
60,0.6012036120421518,1000,6354.946851159712,,EAO
61,0.6061929391852666,1000,6261.965387535117,,EAO
62,0.6111415350830072,1000,6261.965387535117,,EAO
63,0.6160503812913004,1000,6065.225532154513,,EAO
64,0.6209204205650664,1000,6064.841382814504,,EAO
65,0.6257525589721875,1000,5920.316655615384,,EAO
66,0.6305476678616638,1000,5908.328380441383,,EAO
67,0.6353065856980591,1000,5831.783451323088,,EAO
68,0.6400301197731771,1000,5468.069837863384,,EAO
69,0.6447190478048633,1000,5023.25689762469,,EAO
70,0.6493741194318972,1000,4721.727392154753,,EAO
71,0.6539960576131129,1000,4340.5743705568375,,EAO
72,0.658585559938142,1000,4340.5743705568375,,EAO
73,0.6631432998565079,1000,4318.127393588878,,EAO
74,0.6676699278312005,1000,4120.949760070349,,EAO
75,0.6721660724223313,1000,3886.188125161563,,EAO
76,0.6766323413059745,1000,3665.452307044724,,EAO
77,0.6810693222328744,1000,3487.1931417668284,,EAO
78,0.6854775839312977,1000,3249.2340358537012,,EAO
79,0.6898576769579587,1000,3096.4845580186484,,EAO
80,0.6942101345006233,1000,3063.8127568612026,,EAO
81,0.6985354731356996,1000,2835.893662866558,,EAO
82,0.7028341935438669,1000,2733.452807251935,,EAO
83,0.7071067811865476,1000,2654.0738792259053,,EAO
84,0.7113537069458078,1000,2634.1385662451194,,EAO
85,0.7155754277300782,1000,2565.476574867348,,EAO
86,0.7197723870478963,1000,2513.7956029026136,,EAO
87,0.7239450155517121,1000,2491.6180067782516,,EAO
88,0.7280937315536448,1000,2424.0450306586354,,EAO
89,0.7322189415149358,1000,2353.4711013388996,,EAO
90,0.7363210405107239,1000,2298.580045099153,,EAO
91,0.7404004126716417,1000,2296.008258212176,,EAO
92,0.7444574316036341,1000,2059.5768275479377,,EAO
93,0.7484924607872959,1000,1945.4997455646435,,EAO
94,0.7525058539579369,1000,1860.7427696588315,,EAO
95,0.756497955467499,1000,1503.783609673882,,EAO
96,0.7604691006293735,1000,1500.6914281757004,,EAO
97,0.7644196160470965,1000,1416.742005499159,,EAO
98,0.7683498199278325,1000,1412.246785117115,,EAO
99,0.7722600223814998,1000,1408.3500405756977,,EAO
100,0.7761505257063329,1000,1354.5501528040982,,EAO
101,0.7800216246616237,1000,1352.99803671272,,EAO
102,0.7838736067283432,1000,1321.672037442092,,EAO
103,0.7877067523582894,1000,1321.672037442092,,EAO
104,0.7915213352123779,1000,1321.672037442092,,EAO
105,0.7953176223886452,1000,1319.617896215887,,EAO
106,0.7990958746405026,1000,1318.0554852283076,,EAO
107,0.8028563465857463,1000,1316.1154385126115,,EAO
108,0.8065992869067975,1000,1313.6590155840863,,EAO
109,0.8103249385426172,1000,1313.6277688519094,,EAO
110,0.8140335388727166,1000,1310.4352931750482,,EAO
111,0.8177253198936552,1000,1310.4352931750482,,EAO
112,0.8214005083884005,1000,1310.0796203262535,,EAO
113,0.8250593260888971,1000,1309.9782987933158,,EAO
114,0.8287019898321756,1000,1309.0485106586852,,EAO
115,0.832328711710313,1000,1307.705105069701,,EAO
116,0.8359396992145376,1000,1306.0493280370192,,EAO
117,0.8395351553737542,1000,1305.6880659448743,,EAO
118,0.8431152788877544,1000,1303.5416904407075,,EAO
119,0.8466802642553551,1000,1301.4781443734173,,EAO
120,0.8502303018977037,1000,1300.8240014514586,,EAO
121,0.8537655782769661,1000,1297.1647984384144,,EAO
122,0.8572862760106128,1000,1296.8288819051286,,EAO
123,0.8607925739814946,1000,1288.3898287824009,,EAO
124,0.8642846474439013,1000,1287.43550291653,,EAO
125,0.8677626681257792,1000,1284.0350274604061,,EAO
126,0.8712268043272735,1000,1279.7629357701308,,EAO
127,0.8746772210157615,1000,1279.1318910372856,,EAO
128,0.8781140799175228,1000,1278.6450402571172,,EAO
129,0.8815375396061927,1000,1276.9126993995442,,EAO
130,0.8849477555881374,1000,1275.8889745879355,,EAO
131,0.8883448803848786,1000,1275.5259528107072,,EAO
132,0.8917290636126908,1000,1274.3738563223924,,EAO
133,0.8951004520594928,1000,1274.1948594691648,,EAO
134,0.8984591897591402,1000,1273.2756704169592,,EAO
135,0.9018054180632277,1000,1272.7114861742452,,EAO
136,0.9051392757105036,1000,1272.4369239035932,,EAO
137,0.9084608988939905,1000,1271.295695535322,,EAO
138,0.9117704213259056,1000,1271.2094596534644,,EAO
139,0.9150679743004677,1000,1270.5986326751372,,EAO
140,0.918353686754675,1000,1270.242697896208,,EAO
141,0.9216276853271314,1000,1269.5536760623027,,EAO
142,0.9248900944150001,1000,1269.1401595877978,,EAO
143,0.9281410362291553,1000,1268.8090259084865,,EAO
144,0.9313806308475995,1000,1267.6308244723668,,EAO
145,0.9346089962672168,1000,1266.8586962620188,,EAO
146,0.9378262484539215,1000,1266.182171470809,,EAO
147,0.9410325013912637,1000,1262.7143909249867,,EAO
148,0.9442278671275494,1000,1257.945084647139,,EAO
149,0.9474124558215303,1000,1244.2827134949912,,EAO
150,0.9505863757867169,1000,1226.0141991006903,,EAO
151,0.9537497335343625,1000,1203.6906894655049,,EAO
152,0.9569026338151702,1000,1201.5058209215144,,EAO
153,0.9600451796597658,1000,1199.6788794953545,,EAO
154,0.9631774724179828,1000,1195.2830024259579,,EAO
155,0.9662996117970016,1000,1194.0929940034007,,EAO
156,0.9694116958983826,1000,1190.884654198745,,EAO
157,0.9725138212540326,1000,1187.7109938584572,,EAO
158,0.9756060828611426,1000,1183.575510343997,,EAO
159,0.9786885742161318,1000,1182.3464019709518,,EAO
160,0.981761387347632,1000,1176.4476676469658,,EAO
161,0.9848246128485463,1000,1173.8912724817292,,EAO
162,0.9878783399072132,1000,1138.1700725434139,,EAO
163,0.990922656337705,1000,1111.8027647212102,,EAO
164,0.9939576486092935,1000,1086.44916974252,,EAO
165,0.9969834018751054,1000,1031.5055261959324,,EAO
166,1.0,1000,895.3058995089077,,EAO
1,0.0776150525706333,1001,498211502.1184319,,EAO
2,0.10976425998969035,1001,172162780.556429,,EAO
3,0.13443321448446624,1001,172162780.556429,,EAO
4,0.1552301051412666,1001,172162780.556429,,EAO
5,0.17355253362515582,1001,172162780.556429,,EAO
6,0.19011727515734336,1001,122675375.39516242,,EAO
7,0.20535012709710013,1001,105851058.80391221,,EAO
8,0.2195285199793807,1001,43183323.55332526,,EAO
9,0.23284515771189987,1001,37589630.19360454,,EAO
10,0.245440346836908,1001,23985851.82837971,,EAO
11,0.2574200074605,1001,7215759.174092274,,EAO
12,0.2688664289689325,1001,7215759.174092274,,EAO
13,0.2798450517912514,1001,5880651.451100945,,EAO
14,0.2904089347757578,1001,1310098.5616992603,,EAO
15,0.3006018060210759,1001,1084531.9853296543,,EAO
16,0.3104602102825332,1001,1084531.9853296543,,EAO
17,0.32001505988658857,1001,880015.0394820642,,EAO
18,0.329292779969071,1001,636818.4314546835,,EAO
19,0.33831617065298725,1001,636818.4314546835,,EAO
20,0.34710506725031165,1001,636818.4314546835,,EAO
21,0.3556768534729039,1001,568114.8948210628,,EAO
22,0.3640468657768224,1001,487745.63404125976,,EAO
23,0.37222871580181704,1001,487745.63404125976,,EAO
24,0.3802345503146867,1001,191764.41322810348,,EAO
25,0.38807526285316646,1001,191764.41322810348,,EAO
26,0.39576066760618894,1001,74016.00735930246,,EAO
27,0.40329964345339875,1001,64578.16119674823,,EAO
28,0.41070025419420025,1001,26555.901013279166,,EAO
29,0.4179698496072688,1001,26555.901013279166,,EAO
30,0.4251151509488518,1001,18508.27068242873,,EAO
31,0.43214232372195066,1001,18508.27068242873,,EAO
32,0.4390570399587614,1001,18508.27068242873,,EAO
33,0.4458645318063454,1001,18508.27068242873,,EAO
34,0.4525696378552518,1001,15935.20042195126,,EAO
35,0.4591768433773375,1001,15935.20042195126,,EAO
36,0.46569031542379974,1001,15935.20042195126,,EAO
37,0.4721139335637747,1001,15935.20042195126,,EAO
38,0.4784513169075851,1001,15935.20042195126,,EAO
39,0.4847058479491913,1001,15935.20042195126,,EAO
40,0.490880693673816,1001,13201.113262532659,,EAO
41,0.49697882430464674,1001,12119.954660818737,,EAO
42,0.5030030300035687,1001,12036.694701556542,,EAO
43,0.5089559357923957,1001,8998.22361756707,,EAO
44,0.514840014921,1001,5174.03869235442,,EAO
45,0.5206576008754674,1001,5174.03869235442,,EAO
46,0.5264108981916501,1001,5174.03869235442,,EAO
47,0.532101992216231,1001,5174.03869235442,,EAO
48,0.537732857937865,1001,4783.763789935329,,EAO
49,0.543305367994433,1001,4747.231557247589,,EAO
50,0.5488212999484517,1001,4747.231557247589,,EAO
51,0.5542823429107684,1001,3991.247198583308,,EAO
52,0.5596901035825028,1001,3603.0818887815094,,EAO
53,0.5650461117764947,1001,3603.0818887815094,,EAO
54,0.5703518254720301,1001,3337.00987560694,,EAO
55,0.5756086354501809,1001,2982.5795951261935,,EAO
56,0.5808178695515156,1001,2982.5795951261935,,EAO
57,0.5859807965931167,1001,2925.0152787834304,,EAO
58,0.5910986299776424,1001,2602.2860234241625,,EAO
59,0.5961725310235183,1001,2512.598159484747,,EAO
60,0.6012036120421518,1001,2468.6278253799646,,EAO
61,0.6061929391852666,1001,2395.570433035513,,EAO
62,0.6111415350830072,1001,2239.840957656224,,EAO
63,0.6160503812913004,1001,2193.728327813995,,EAO
64,0.6209204205650664,1001,1967.981272720208,,EAO
65,0.6257525589721875,1001,1911.63972127838,,EAO
66,0.6305476678616638,1001,1803.7311288222927,,EAO
67,0.6353065856980591,1001,1743.2379293752274,,EAO
68,0.6400301197731771,1001,1668.280186435667,,EAO
69,0.6447190478048633,1001,1668.280186435667,,EAO
70,0.6493741194318972,1001,1651.733603518397,,EAO
71,0.6539960576131129,1001,1649.1998521447435,,EAO
72,0.658585559938142,1001,1587.9862732599909,,EAO
73,0.6631432998565079,1001,1539.8652742743002,,EAO
74,0.6676699278312005,1001,1507.9850273946527,,EAO
75,0.6721660724223313,1001,1484.4915629316192,,EAO
76,0.6766323413059745,1001,1441.4142965364167,,EAO
77,0.6810693222328744,1001,1416.6345884059137,,EAO
78,0.6854775839312977,1001,1395.683785546711,,EAO
79,0.6898576769579587,1001,1395.683785546711,,EAO
80,0.6942101345006233,1001,1390.6290167434004,,EAO
81,0.6985354731356996,1001,1390.6290167434004,,EAO
82,0.7028341935438669,1001,1383.475254792294,,EAO
83,0.7071067811865476,1001,1370.2981279882829,,EAO
84,0.7113537069458078,1001,1364.2989686424166,,EAO
85,0.7155754277300782,1001,1347.22897590083,,EAO
86,0.7197723870478963,1001,1347.22897590083,,EAO
87,0.7239450155517121,1001,1332.401570107857,,EAO
88,0.7280937315536448,1001,1325.3568164868957,,EAO
89,0.7322189415149358,1001,1323.8245224799966,,EAO
90,0.7363210405107239,1001,1300.7679338776074,,EAO
91,0.7404004126716417,1001,1293.7767275691158,,EAO
92,0.7444574316036341,1001,1278.0093923110926,,EAO
93,0.7484924607872959,1001,1266.5837519814127,,EAO
94,0.7525058539579369,1001,1254.379523520618,,EAO
95,0.756497955467499,1001,1252.5993136801912,,EAO
96,0.7604691006293735,1001,1243.177064737812,,EAO
97,0.7644196160470965,1001,1241.4466541256343,,EAO
98,0.7683498199278325,1001,1241.4466541256343,,EAO
99,0.7722600223814998,1001,1231.926709708082,,EAO
100,0.7761505257063329,1001,1231.926709708082,,EAO
101,0.7800216246616237,1001,1220.7572635080678,,EAO
102,0.7838736067283432,1001,1205.0807304389064,,EAO
103,0.7877067523582894,1001,1198.7938925056578,,EAO
104,0.7915213352123779,1001,1183.357151603153,,EAO
105,0.7953176223886452,1001,1183.357151603153,,EAO
106,0.7990958746405026,1001,1183.357151603153,,EAO
107,0.8028563465857463,1001,1175.256605235736,,EAO
108,0.8065992869067975,1001,1175.256605235736,,EAO
109,0.8103249385426172,1001,1173.6210998303181,,EAO
110,0.8140335388727166,1001,1173.2246298950986,,EAO
111,0.8177253198936552,1001,1173.2246298950986,,EAO
112,0.8214005083884005,1001,1173.2246298950986,,EAO
113,0.8250593260888971,1001,1171.1315851098657,,EAO
114,0.8287019898321756,1001,1164.5831125996615,,EAO
115,0.832328711710313,1001,1162.2491540295327,,EAO
116,0.8359396992145376,1001,1149.5467465791608,,EAO
117,0.8395351553737542,1001,1147.005744066853,,EAO
118,0.8431152788877544,1001,1146.9284486251408,,EAO
119,0.8466802642553551,1001,1142.8035159694919,,EAO
120,0.8502303018977037,1001,1141.33645275642,,EAO
121,0.8537655782769661,1001,1139.238464659953,,EAO
122,0.8572862760106128,1001,1137.4351399497955,,EAO
123,0.8607925739814946,1001,1136.598553865525,,EAO
124,0.8642846474439013,1001,1133.3455100842793,,EAO
125,0.8677626681257792,1001,1129.3867118062963,,EAO
126,0.8712268043272735,1001,1127.9502859651566,,EAO
127,0.8746772210157615,1001,1126.7802330208929,,EAO
128,0.8781140799175228,1001,1124.9937138947057,,EAO
129,0.8815375396061927,1001,1122.368133386502,,EAO
130,0.8849477555881374,1001,1119.9101032801195,,EAO
131,0.8883448803848786,1001,1119.0622865364517,,EAO
132,0.8917290636126908,1001,1118.1153286464182,,EAO
133,0.8951004520594928,1001,1116.0583834875856,,EAO
134,0.8984591897591402,1001,1112.0623066957328,,EAO
135,0.9018054180632277,1001,1111.2724112711999,,EAO
136,0.9051392757105036,1001,1111.0112000262834,,EAO
137,0.9084608988939905,1001,1108.5128981975495,,EAO
138,0.9117704213259056,1001,1107.8248702090682,,EAO
139,0.9150679743004677,1001,1103.8464627342019,,EAO
140,0.918353686754675,1001,1097.7150867403748,,EAO
141,0.9216276853271314,1001,1094.767916689544,,EAO
142,0.9248900944150001,1001,1069.0155079872184,,EAO
143,0.9281410362291553,1001,1048.2775470304327,,EAO
144,0.9313806308475995,1001,1040.7395781522264,,EAO
145,0.9346089962672168,1001,1038.7615403312043,,EAO
146,0.9378262484539215,1001,1019.6956796977988,,EAO
147,0.9410325013912637,1001,953.236183265114,,EAO
148,0.9442278671275494,1001,920.5832606526296,,EAO
149,0.9474124558215303,1001,911.6001320601272,,EAO
150,0.9505863757867169,1001,872.3602547951527,,EAO
151,0.9537497335343625,1001,863.9126355689978,,EAO
152,0.9569026338151702,1001,860.1711345446224,,EAO
153,0.9600451796597658,1001,849.4332171773653,,EAO
154,0.9631774724179828,1001,839.7015629802095,,EAO
155,0.9662996117970016,1001,835.9714067657515,,EAO
156,0.9694116958983826,1001,835.0999371970256,,EAO
157,0.9725138212540326,1001,831.4885980530457,,EAO
158,0.9756060828611426,1001,830.8002502626432,,EAO
159,0.9786885742161318,1001,829.3823061090934,,EAO
160,0.981761387347632,1001,826.0864558347484,,EAO
161,0.9848246128485463,1001,823.5349090768204,,EAO
162,0.9878783399072132,1001,820.107400477475,,EAO
163,0.990922656337705,1001,816.964012115488,,EAO
164,0.9939576486092935,1001,808.7863696593931,,EAO
165,0.9969834018751054,1001,802.2517501394291,,EAO
166,1.0,1001,799.4055125635182,,EAO
1,0.0776150525706333,1002,696739197.8491558,,EAO
2,0.10976425998969035,1002,696739197.8491558,,EAO
3,0.13443321448446624,1002,696739197.8491558,,EAO
4,0.1552301051412666,1002,383828904.156035,,EAO
5,0.17355253362515582,1002,115884260.7603738,,EAO
6,0.19011727515734336,1002,43884450.8405412,,EAO
7,0.20535012709710013,1002,43884450.8405412,,EAO
8,0.2195285199793807,1002,43884450.8405412,,EAO
9,0.23284515771189987,1002,43884450.8405412,,EAO
10,0.245440346836908,1002,28282306.502332583,,EAO
11,0.2574200074605,1002,10370730.647932563,,EAO
12,0.2688664289689325,1002,10370730.647932563,,EAO
13,0.2798450517912514,1002,687699.219899157,,EAO
14,0.2904089347757578,1002,687699.219899157,,EAO
15,0.3006018060210759,1002,687699.219899157,,EAO
16,0.3104602102825332,1002,687699.219899157,,EAO
17,0.32001505988658857,1002,687699.219899157,,EAO
18,0.329292779969071,1002,687699.219899157,,EAO
19,0.33831617065298725,1002,687699.219899157,,EAO
20,0.34710506725031165,1002,687699.219899157,,EAO
21,0.3556768534729039,1002,687699.219899157,,EAO
22,0.3640468657768224,1002,657629.0851713704,,EAO
23,0.37222871580181704,1002,657629.0851713704,,EAO
24,0.3802345503146867,1002,242504.18652336908,,EAO
25,0.38807526285316646,1002,242504.18652336908,,EAO
26,0.39576066760618894,1002,242504.18652336908,,EAO
27,0.40329964345339875,1002,105140.38365306627,,EAO
28,0.41070025419420025,1002,105140.38365306627,,EAO
29,0.4179698496072688,1002,105140.38365306627,,EAO
30,0.4251151509488518,1002,78395.75381916319,,EAO
31,0.43214232372195066,1002,62860.586829625005,,EAO
32,0.4390570399587614,1002,57567.85344676199,,EAO
33,0.4458645318063454,1002,57567.85344676199,,EAO
34,0.4525696378552518,1002,34125.62993731892,,EAO
35,0.4591768433773375,1002,25232.7729399463,,EAO
36,0.46569031542379974,1002,25232.7729399463,,EAO
37,0.4721139335637747,1002,20177.30342500492,,EAO
38,0.4784513169075851,1002,18855.181977796343,,EAO
39,0.4847058479491913,1002,13216.212222767648,,EAO
40,0.490880693673816,1002,13216.212222767648,,EAO
41,0.49697882430464674,1002,11124.082701601734,,EAO
42,0.5030030300035687,1002,2576.270443066578,,EAO
43,0.5089559357923957,1002,2576.270443066578,,EAO
44,0.514840014921,1002,2576.270443066578,,EAO
45,0.5206576008754674,1002,2576.270443066578,,EAO
46,0.5264108981916501,1002,2576.270443066578,,EAO
47,0.532101992216231,1002,2576.270443066578,,EAO
48,0.537732857937865,1002,2576.270443066578,,EAO
49,0.543305367994433,1002,2576.270443066578,,EAO
50,0.5488212999484517,1002,2565.5727121003856,,EAO
51,0.5542823429107684,1002,2093.589052569205,,EAO
52,0.5596901035825028,1002,2093.589052569205,,EAO
53,0.5650461117764947,1002,1819.9162858871723,,EAO
54,0.5703518254720301,1002,1747.8222193923048,,EAO
55,0.5756086354501809,1002,1692.0716233093235,,EAO
56,0.5808178695515156,1002,1444.8813108288282,,EAO
57,0.5859807965931167,1002,1370.1256346285281,,EAO
58,0.5910986299776424,1002,1255.7820318594363,,EAO
59,0.5961725310235183,1002,1211.904244770827,,EAO
60,0.6012036120421518,1002,1181.073945748462,,EAO
61,0.6061929391852666,1002,1118.3072280789247,,EAO
62,0.6111415350830072,1002,1108.9622932612733,,EAO
63,0.6160503812913004,1002,934.1238462009956,,EAO
64,0.6209204205650664,1002,914.8713801281001,,EAO
65,0.6257525589721875,1002,879.1885970626927,,EAO
66,0.6305476678616638,1002,766.0338005292956,,EAO
67,0.6353065856980591,1002,644.7176847842084,,EAO
68,0.6400301197731771,1002,584.1963355404491,,EAO
69,0.6447190478048633,1002,584.1963355404491,,EAO
70,0.6493741194318972,1002,506.31164665023334,,EAO
71,0.6539960576131129,1002,491.7512578467149,,EAO
72,0.658585559938142,1002,473.6997438508356,,EAO
73,0.6631432998565079,1002,437.9006670961635,,EAO
74,0.6676699278312005,1002,425.4076865666502,,EAO
75,0.6721660724223313,1002,393.1524838995333,,EAO
76,0.6766323413059745,1002,393.1524838995333,,EAO
77,0.6810693222328744,1002,377.56504667795434,,EAO
78,0.6854775839312977,1002,319.2908766876326,,EAO
79,0.6898576769579587,1002,318.11206805007896,,EAO
80,0.6942101345006233,1002,315.58200213736745,,EAO
81,0.6985354731356996,1002,300.107342566665,,EAO
82,0.7028341935438669,1002,277.5645290160146,,EAO
83,0.7071067811865476,1002,277.5645290160146,,EAO
84,0.7113537069458078,1002,277.5645290160146,,EAO
85,0.7155754277300782,1002,273.56897634081906,,EAO
86,0.7197723870478963,1002,273.56897634081906,,EAO
87,0.7239450155517121,1002,268.9200868241328,,EAO
88,0.7280937315536448,1002,268.9200868241328,,EAO
89,0.7322189415149358,1002,268.17249061582606,,EAO
90,0.7363210405107239,1002,264.68954755225013,,EAO
91,0.7404004126716417,1002,264.3137591374998,,EAO
92,0.7444574316036341,1002,263.59174338910043,,EAO
93,0.7484924607872959,1002,261.1751234300914,,EAO
94,0.7525058539579369,1002,260.8318986467025,,EAO
95,0.756497955467499,1002,259.0642429913896,,EAO
96,0.7604691006293735,1002,258.1178263515608,,EAO
97,0.7644196160470965,1002,255.51831008794215,,EAO
98,0.7683498199278325,1002,255.51831008794215,,EAO
99,0.7722600223814998,1002,251.14253264859144,,EAO
100,0.7761505257063329,1002,250.44833142296147,,EAO
101,0.7800216246616237,1002,248.25877981719123,,EAO
102,0.7838736067283432,1002,246.1304540329586,,EAO
103,0.7877067523582894,1002,245.45220586549294,,EAO
104,0.7915213352123779,1002,245.45220586549294,,EAO
105,0.7953176223886452,1002,245.45220586549294,,EAO
106,0.7990958746405026,1002,245.45220586549294,,EAO
107,0.8028563465857463,1002,245.45220586549294,,EAO
108,0.8065992869067975,1002,245.45220586549294,,EAO
109,0.8103249385426172,1002,244.57991557148875,,EAO
110,0.8140335388727166,1002,240.62666383128862,,EAO
111,0.8177253198936552,1002,238.8112576632725,,EAO
112,0.8214005083884005,1002,232.13441675677996,,EAO
113,0.8250593260888971,1002,231.05040592715181,,EAO
114,0.8287019898321756,1002,231.05040592715181,,EAO
115,0.832328711710313,1002,231.05040592715181,,EAO
116,0.8359396992145376,1002,229.69349612841143,,EAO
117,0.8395351553737542,1002,229.69349612841143,,EAO
118,0.8431152788877544,1002,229.63613663645015,,EAO
119,0.8466802642553551,1002,229.151822498309,,EAO
120,0.8502303018977037,1002,228.6205848543434,,EAO
121,0.8537655782769661,1002,228.5012020490169,,EAO
122,0.8572862760106128,1002,227.97924803750175,,EAO
123,0.8607925739814946,1002,227.97924803750175,,EAO
124,0.8642846474439013,1002,227.60610215303632,,EAO
125,0.8677626681257792,1002,227.13383212915733,,EAO
126,0.8712268043272735,1002,227.13383212915733,,EAO
127,0.8746772210157615,1002,227.0590304487639,,EAO
128,0.8781140799175228,1002,227.0590304487639,,EAO
129,0.8815375396061927,1002,227.0590304487639,,EAO
130,0.8849477555881374,1002,227.0590304487639,,EAO
131,0.8883448803848786,1002,226.9097069385773,,EAO
132,0.8917290636126908,1002,226.8318004118264,,EAO
133,0.8951004520594928,1002,226.8318004118264,,EAO
134,0.8984591897591402,1002,226.8318004118264,,EAO
135,0.9018054180632277,1002,226.8318004118264,,EAO
136,0.9051392757105036,1002,226.77241230473146,,EAO
137,0.9084608988939905,1002,226.77241230473146,,EAO
138,0.9117704213259056,1002,226.74933826457982,,EAO
139,0.9150679743004677,1002,225.44233452099115,,EAO
140,0.918353686754675,1002,224.8712640075844,,EAO
141,0.9216276853271314,1002,224.742879214313,,EAO
142,0.9248900944150001,1002,224.742879214313,,EAO
143,0.9281410362291553,1002,224.742879214313,,EAO
144,0.9313806308475995,1002,224.69471405834383,,EAO
145,0.9346089962672168,1002,224.50572113917065,,EAO
146,0.9378262484539215,1002,224.50572113917065,,EAO
147,0.9410325013912637,1002,224.31340772639442,,EAO
148,0.9442278671275494,1002,223.82398919884213,,EAO
149,0.9474124558215303,1002,223.5956798381676,,EAO
150,0.9505863757867169,1002,223.39727370246692,,EAO
151,0.9537497335343625,1002,222.70294311387306,,EAO
152,0.9569026338151702,1002,220.81447225132274,,EAO
153,0.9600451796597658,1002,220.71122733692505,,EAO
154,0.9631774724179828,1002,219.77863764461063,,EAO
155,0.9662996117970016,1002,218.784762560628,,EAO
156,0.9694116958983826,1002,218.32927088017027,,EAO
157,0.9725138212540326,1002,218.03763640019588,,EAO
158,0.9756060828611426,1002,217.37788255022656,,EAO
159,0.9786885742161318,1002,216.10417860313146,,EAO
160,0.981761387347632,1002,215.2739857370541,,EAO
161,0.9848246128485463,1002,214.8485366094801,,EAO
162,0.9878783399072132,1002,212.08450251242948,,EAO
163,0.990922656337705,1002,211.7180402251472,,EAO
164,0.9939576486092935,1002,210.30824633557245,,EAO
165,0.9969834018751054,1002,208.68202264140837,,EAO
166,1.0,1002,204.94561436666572,,EAO
1,0.0776150525706333,1003,749787035.1116436,,EAO
2,0.10976425998969035,1003,20536838.095034603,,EAO
3,0.13443321448446624,1003,20536838.095034603,,EAO
4,0.1552301051412666,1003,20536838.095034603,,EAO
5,0.17355253362515582,1003,20536838.095034603,,EAO
6,0.19011727515734336,1003,20536838.095034603,,EAO
7,0.20535012709710013,1003,20536838.095034603,,EAO
8,0.2195285199793807,1003,8222974.779182751,,EAO
9,0.23284515771189987,1003,8222974.779182751,,EAO
10,0.245440346836908,1003,8222974.779182751,,EAO
11,0.2574200074605,1003,3844866.519522121,,EAO
12,0.2688664289689325,1003,2766052.91340646,,EAO
13,0.2798450517912514,1003,1673844.401585045,,EAO
14,0.2904089347757578,1003,1673844.401585045,,EAO
15,0.3006018060210759,1003,1673844.401585045,,EAO
16,0.3104602102825332,1003,1673844.401585045,,EAO
17,0.32001505988658857,1003,837740.2336975834,,EAO
18,0.329292779969071,1003,837740.2336975834,,EAO
19,0.33831617065298725,1003,579992.2568293399,,EAO
20,0.34710506725031165,1003,579992.2568293399,,EAO
21,0.3556768534729039,1003,266708.4000991525,,EAO
22,0.3640468657768224,1003,113263.27443092721,,EAO
23,0.37222871580181704,1003,113263.27443092721,,EAO
24,0.3802345503146867,1003,113263.27443092721,,EAO
25,0.38807526285316646,1003,113263.27443092721,,EAO
26,0.39576066760618894,1003,111945.03009251694,,EAO
27,0.40329964345339875,1003,111945.03009251694,,EAO
28,0.41070025419420025,1003,111945.03009251694,,EAO
29,0.4179698496072688,1003,111945.03009251694,,EAO
30,0.4251151509488518,1003,111945.03009251694,,EAO
31,0.43214232372195066,1003,85602.26275529349,,EAO
32,0.4390570399587614,1003,71234.78982619062,,EAO
33,0.4458645318063454,1003,71234.78982619062,,EAO
34,0.4525696378552518,1003,60377.294295881235,,EAO
35,0.4591768433773375,1003,60205.98255168593,,EAO
36,0.46569031542379974,1003,54197.18136023889,,EAO
37,0.4721139335637747,1003,54197.18136023889,,EAO
38,0.4784513169075851,1003,50682.49986253283,,EAO
39,0.4847058479491913,1003,46669.040533802465,,EAO
40,0.490880693673816,1003,46383.57315511169,,EAO
41,0.49697882430464674,1003,46383.57315511169,,EAO
42,0.5030030300035687,1003,46383.57315511169,,EAO
43,0.5089559357923957,1003,45676.77359872934,,EAO
44,0.514840014921,1003,45405.58978425698,,EAO
45,0.5206576008754674,1003,42722.40583096723,,EAO
46,0.5264108981916501,1003,41120.47471742629,,EAO
47,0.532101992216231,1003,39906.099400628205,,EAO
48,0.537732857937865,1003,39153.577195299215,,EAO
49,0.543305367994433,1003,37871.70459996607,,EAO
50,0.5488212999484517,1003,35154.782271349286,,EAO
51,0.5542823429107684,1003,34430.89604788898,,EAO
52,0.5596901035825028,1003,32953.08383002474,,EAO
53,0.5650461117764947,1003,31943.270091590937,,EAO
54,0.5703518254720301,1003,31943.270091590937,,EAO
55,0.5756086354501809,1003,31943.270091590937,,EAO
56,0.5808178695515156,1003,31902.60579246127,,EAO
57,0.5859807965931167,1003,31545.658050815866,,EAO
58,0.5910986299776424,1003,30136.39042801767,,EAO
59,0.5961725310235183,1003,30136.39042801767,,EAO
60,0.6012036120421518,1003,28935.219115477474,,EAO
61,0.6061929391852666,1003,28141.99134567137,,EAO
62,0.6111415350830072,1003,28141.99134567137,,EAO
63,0.6160503812913004,1003,26859.34334283468,,EAO
64,0.6209204205650664,1003,26859.34334283468,,EAO
65,0.6257525589721875,1003,25406.151043660913,,EAO
66,0.6305476678616638,1003,24801.977997357477,,EAO
67,0.6353065856980591,1003,24300.330454902327,,EAO
68,0.6400301197731771,1003,23594.837170697203,,EAO
69,0.6447190478048633,1003,23458.1376933044,,EAO
70,0.6493741194318972,1003,22849.985671769413,,EAO
71,0.6539960576131129,1003,22406.43402269594,,EAO
72,0.658585559938142,1003,22374.151161335714,,EAO
73,0.6631432998565079,1003,22271.614636296417,,EAO
74,0.6676699278312005,1003,22191.66596053221,,EAO
75,0.6721660724223313,1003,21982.03371512488,,EAO
76,0.6766323413059745,1003,21960.45760998831,,EAO
77,0.6810693222328744,1003,21797.928696878334,,EAO
78,0.6854775839312977,1003,21644.316132714495,,EAO
79,0.6898576769579587,1003,21305.174139271323,,EAO
80,0.6942101345006233,1003,21234.150671331143,,EAO
81,0.6985354731356996,1003,21089.641913251653,,EAO
82,0.7028341935438669,1003,21089.641913251653,,EAO
83,0.7071067811865476,1003,20962.98898020576,,EAO
84,0.7113537069458078,1003,20917.473525954098,,EAO
85,0.7155754277300782,1003,20857.12448885246,,EAO
86,0.7197723870478963,1003,20857.12448885246,,EAO
87,0.7239450155517121,1003,20797.697650360416,,EAO
88,0.7280937315536448,1003,20775.310780846306,,EAO
89,0.7322189415149358,1003,20709.13243682926,,EAO
90,0.7363210405107239,1003,20699.68029129317,,EAO
91,0.7404004126716417,1003,20671.758539832994,,EAO
92,0.7444574316036341,1003,20636.51556528118,,EAO
93,0.7484924607872959,1003,20586.972917055715,,EAO
94,0.7525058539579369,1003,20555.491037052983,,EAO
95,0.756497955467499,1003,20528.880641970252,,EAO
96,0.7604691006293735,1003,20455.982650830407,,EAO
97,0.7644196160470965,1003,20362.40582797892,,EAO
98,0.7683498199278325,1003,20307.684210280873,,EAO
99,0.7722600223814998,1003,20300.120891169532,,EAO
100,0.7761505257063329,1003,20112.70228942451,,EAO
101,0.7800216246616237,1003,20091.25523467214,,EAO
102,0.7838736067283432,1003,19969.10031336839,,EAO
103,0.7877067523582894,1003,19969.10031336839,,EAO
104,0.7915213352123779,1003,19929.875879248204,,EAO
105,0.7953176223886452,1003,19907.096127080484,,EAO
106,0.7990958746405026,1003,19903.43743330065,,EAO
107,0.8028563465857463,1003,19896.350390230782,,EAO
108,0.8065992869067975,1003,19896.350390230782,,EAO
109,0.8103249385426172,1003,19886.443304821434,,EAO
110,0.8140335388727166,1003,19859.056792221054,,EAO
111,0.8177253198936552,1003,19803.73040803171,,EAO
112,0.8214005083884005,1003,19795.659806959287,,EAO
113,0.8250593260888971,1003,19788.324163994064,,EAO
114,0.8287019898321756,1003,19719.14839362948,,EAO
115,0.832328711710313,1003,19700.986330684773,,EAO
116,0.8359396992145376,1003,19668.935461599915,,EAO
117,0.8395351553737542,1003,19569.114099957187,,EAO
118,0.8431152788877544,1003,19546.82446324415,,EAO
119,0.8466802642553551,1003,19502.298727747628,,EAO
120,0.8502303018977037,1003,19481.032176029476,,EAO
121,0.8537655782769661,1003,19424.232777391717,,EAO
122,0.8572862760106128,1003,19250.479453895656,,EAO
123,0.8607925739814946,1003,19239.294059741624,,EAO
124,0.8642846474439013,1003,19188.729164492084,,EAO
125,0.8677626681257792,1003,19062.477492375365,,EAO
126,0.8712268043272735,1003,19062.477492375365,,EAO
127,0.8746772210157615,1003,18977.076017063595,,EAO
128,0.8781140799175228,1003,18928.836953810554,,EAO
129,0.8815375396061927,1003,18845.814393475146,,EAO
130,0.8849477555881374,1003,18805.13869370927,,EAO
131,0.8883448803848786,1003,18702.5383053092,,EAO
132,0.8917290636126908,1003,18641.355838755066,,EAO
133,0.8951004520594928,1003,18572.61253987204,,EAO
134,0.8984591897591402,1003,18483.293214398014,,EAO
135,0.9018054180632277,1003,18448.94357905481,,EAO
136,0.9051392757105036,1003,18271.110783503922,,EAO
137,0.9084608988939905,1003,18224.663483344564,,EAO
138,0.9117704213259056,1003,18084.869607938148,,EAO
139,0.9150679743004677,1003,18064.802399204465,,EAO
140,0.918353686754675,1003,17993.505621373755,,EAO
141,0.9216276853271314,1003,17892.035075573694,,EAO
142,0.9248900944150001,1003,17687.225790063618,,EAO
143,0.9281410362291553,1003,17610.175601255185,,EAO
144,0.9313806308475995,1003,17520.81081066153,,EAO
145,0.9346089962672168,1003,17314.55148132109,,EAO
146,0.9378262484539215,1003,17232.714778152753,,EAO
147,0.9410325013912637,1003,17171.714679209632,,EAO
148,0.9442278671275494,1003,17034.333157975743,,EAO
149,0.9474124558215303,1003,16801.112865797586,,EAO
150,0.9505863757867169,1003,16763.1397610211,,EAO
151,0.9537497335343625,1003,16701.21874852736,,EAO
152,0.9569026338151702,1003,16621.93655916329,,EAO
153,0.9600451796597658,1003,16611.790628130086,,EAO
154,0.9631774724179828,1003,16504.03526439624,,EAO
155,0.9662996117970016,1003,16449.47860693928,,EAO
156,0.9694116958983826,1003,16390.65971617053,,EAO
157,0.9725138212540326,1003,16340.453794088517,,EAO
158,0.9756060828611426,1003,16286.664373922802,,EAO
159,0.9786885742161318,1003,16089.857269744192,,EAO
160,0.981761387347632,1003,15922.867168152006,,EAO
161,0.9848246128485463,1003,15898.477937832755,,EAO
162,0.9878783399072132,1003,15781.105329222315,,EAO
163,0.990922656337705,1003,15699.958320107635,,EAO
164,0.9939576486092935,1003,15658.98513146795,,EAO
165,0.9969834018751054,1003,15616.364514692563,,EAO
166,1.0,1003,15500.30816424343,,EAO
1,0.0776150525706333,1004,577996100.256391,,EAO
2,0.10976425998969035,1004,30135534.767891888,,EAO
3,0.13443321448446624,1004,20098455.29369425,,EAO
4,0.1552301051412666,1004,20098455.29369425,,EAO
5,0.17355253362515582,1004,20098455.29369425,,EAO
6,0.19011727515734336,1004,20098455.29369425,,EAO
7,0.20535012709710013,1004,20098455.29369425,,EAO
8,0.2195285199793807,1004,20098455.29369425,,EAO
9,0.23284515771189987,1004,20098455.29369425,,EAO
10,0.245440346836908,1004,19907367.45510366,,EAO
11,0.2574200074605,1004,19907367.45510366,,EAO
12,0.2688664289689325,1004,13945350.555452995,,EAO
13,0.2798450517912514,1004,10509593.73972887,,EAO
14,0.2904089347757578,1004,5746902.163293356,,EAO
15,0.3006018060210759,1004,5746902.163293356,,EAO
16,0.3104602102825332,1004,5746902.163293356,,EAO
17,0.32001505988658857,1004,5746902.163293356,,EAO
18,0.329292779969071,1004,3568269.6718322327,,EAO
19,0.33831617065298725,1004,2417665.6352722025,,EAO
20,0.34710506725031165,1004,791072.7281824262,,EAO
21,0.3556768534729039,1004,373467.34422951244,,EAO
22,0.3640468657768224,1004,191614.07505640396,,EAO
23,0.37222871580181704,1004,191614.07505640396,,EAO
24,0.3802345503146867,1004,191614.07505640396,,EAO
25,0.38807526285316646,1004,141722.9422718944,,EAO
26,0.39576066760618894,1004,141722.9422718944,,EAO
27,0.40329964345339875,1004,141722.9422718944,,EAO
28,0.41070025419420025,1004,141722.9422718944,,EAO
29,0.4179698496072688,1004,66211.93324466716,,EAO
30,0.4251151509488518,1004,66211.93324466716,,EAO
31,0.43214232372195066,1004,57083.57622273663,,EAO
32,0.4390570399587614,1004,57083.57622273663,,EAO
33,0.4458645318063454,1004,53307.66127665264,,EAO
34,0.4525696378552518,1004,53307.66127665264,,EAO
35,0.4591768433773375,1004,31240.47405612287,,EAO
36,0.46569031542379974,1004,31240.47405612287,,EAO
37,0.4721139335637747,1004,31240.47405612287,,EAO
38,0.4784513169075851,1004,30368.172232094046,,EAO
39,0.4847058479491913,1004,22278.37230471751,,EAO
40,0.490880693673816,1004,22278.37230471751,,EAO
41,0.49697882430464674,1004,22278.37230471751,,EAO
42,0.5030030300035687,1004,20278.630942912783,,EAO
43,0.5089559357923957,1004,20278.630942912783,,EAO
44,0.514840014921,1004,20278.630942912783,,EAO
45,0.5206576008754674,1004,18052.223050531484,,EAO
46,0.5264108981916501,1004,17112.093311144523,,EAO
47,0.532101992216231,1004,16474.28614639364,,EAO
48,0.537732857937865,1004,15995.493259235438,,EAO
49,0.543305367994433,1004,15242.116351417699,,EAO
50,0.5488212999484517,1004,14429.396472934679,,EAO
51,0.5542823429107684,1004,13673.588657901655,,EAO
52,0.5596901035825028,1004,12861.761839651423,,EAO
53,0.5650461117764947,1004,12861.761839651423,,EAO
54,0.5703518254720301,1004,12493.604641673468,,EAO
55,0.5756086354501809,1004,12362.320650341651,,EAO
56,0.5808178695515156,1004,12360.347371457003,,EAO
57,0.5859807965931167,1004,11733.91528304038,,EAO
58,0.5910986299776424,1004,11393.923344897135,,EAO
59,0.5961725310235183,1004,11064.715700846591,,EAO
60,0.6012036120421518,1004,10770.976388804345,,EAO
61,0.6061929391852666,1004,10524.366931825689,,EAO
62,0.6111415350830072,1004,10524.366931825689,,EAO
63,0.6160503812913004,1004,10422.615014678671,,EAO
64,0.6209204205650664,1004,10360.854045476482,,EAO
65,0.6257525589721875,1004,10285.503908774994,,EAO
66,0.6305476678616638,1004,10167.844487764256,,EAO
67,0.6353065856980591,1004,10167.844487764256,,EAO
68,0.6400301197731771,1004,10010.820826000967,,EAO
69,0.6447190478048633,1004,10007.386904105977,,EAO
70,0.6493741194318972,1004,9962.131874109818,,EAO
71,0.6539960576131129,1004,9884.931663355059,,EAO
72,0.658585559938142,1004,9837.878797741992,,EAO
73,0.6631432998565079,1004,9808.601620177014,,EAO
74,0.6676699278312005,1004,9793.687700826908,,EAO
75,0.6721660724223313,1004,9718.95898193793,,EAO
76,0.6766323413059745,1004,9681.910558556589,,EAO
77,0.6810693222328744,1004,9626.586923432056,,EAO
78,0.6854775839312977,1004,9495.536584144123,,EAO
79,0.6898576769579587,1004,9424.267912531188,,EAO
80,0.6942101345006233,1004,9388.529850964307,,EAO
81,0.6985354731356996,1004,9319.632711582846,,EAO
82,0.7028341935438669,1004,9148.371524119637,,EAO
83,0.7071067811865476,1004,9066.456210578253,,EAO
84,0.7113537069458078,1004,9066.456210578253,,EAO
85,0.7155754277300782,1004,9066.456210578253,,EAO
86,0.7197723870478963,1004,9066.456210578253,,EAO
87,0.7239450155517121,1004,9048.532579599167,,EAO
88,0.7280937315536448,1004,9046.198515769222,,EAO
89,0.7322189415149358,1004,9044.397193107416,,EAO
90,0.7363210405107239,1004,9033.274153265964,,EAO
91,0.7404004126716417,1004,9033.274153265964,,EAO
92,0.7444574316036341,1004,8994.822392426624,,EAO
93,0.7484924607872959,1004,8985.396526974302,,EAO
94,0.7525058539579369,1004,8971.889003528282,,EAO
95,0.756497955467499,1004,8971.889003528282,,EAO
96,0.7604691006293735,1004,8969.655044245443,,EAO
97,0.7644196160470965,1004,8967.054276910994,,EAO
98,0.7683498199278325,1004,8965.146079654953,,EAO
99,0.7722600223814998,1004,8964.237110292868,,EAO
100,0.7761505257063329,1004,8961.473748282648,,EAO
101,0.7800216246616237,1004,8960.200757628027,,EAO
102,0.7838736067283432,1004,8958.403709651795,,EAO
103,0.7877067523582894,1004,8958.403709651795,,EAO
104,0.7915213352123779,1004,8958.403709651795,,EAO
105,0.7953176223886452,1004,8947.959164286487,,EAO
106,0.7990958746405026,1004,8947.505041319542,,EAO
107,0.8028563465857463,1004,8938.263492896764,,EAO
108,0.8065992869067975,1004,8938.263492896764,,EAO
109,0.8103249385426172,1004,8936.351411319776,,EAO
110,0.8140335388727166,1004,8932.258323296568,,EAO
111,0.8177253198936552,1004,8913.164451251083,,EAO
112,0.8214005083884005,1004,8903.564192624339,,EAO
113,0.8250593260888971,1004,8870.036331409718,,EAO
114,0.8287019898321756,1004,8846.828649144887,,EAO
115,0.832328711710313,1004,8819.023394928525,,EAO
116,0.8359396992145376,1004,8813.579606590945,,EAO
117,0.8395351553737542,1004,8785.320629836047,,EAO
118,0.8431152788877544,1004,8749.948199384671,,EAO
119,0.8466802642553551,1004,8714.093769380583,,EAO
120,0.8502303018977037,1004,8681.880272286195,,EAO
121,0.8537655782769661,1004,8638.17381894057,,EAO
122,0.8572862760106128,1004,8605.226798097297,,EAO
123,0.8607925739814946,1004,8605.035229655263,,EAO
124,0.8642846474439013,1004,8564.68399819133,,EAO
125,0.8677626681257792,1004,8495.393181667574,,EAO
126,0.8712268043272735,1004,8431.300189608615,,EAO
127,0.8746772210157615,1004,8247.499234703357,,EAO
128,0.8781140799175228,1004,8219.375165472606,,EAO
129,0.8815375396061927,1004,7999.494313720941,,EAO
130,0.8849477555881374,1004,7956.0913134523835,,EAO
131,0.8883448803848786,1004,7865.840481703079,,EAO
132,0.8917290636126908,1004,7805.480810298717,,EAO
133,0.8951004520594928,1004,7752.859247468012,,EAO
134,0.8984591897591402,1004,7742.951453185748,,EAO
135,0.9018054180632277,1004,7719.969574617549,,EAO
136,0.9051392757105036,1004,7719.969574617549,,EAO
137,0.9084608988939905,1004,7437.083123641292,,EAO
138,0.9117704213259056,1004,7424.827475502374,,EAO
139,0.9150679743004677,1004,7424.41279704859,,EAO
140,0.918353686754675,1004,7371.519932555566,,EAO
141,0.9216276853271314,1004,7264.926126002047,,EAO
142,0.9248900944150001,1004,7252.266515529798,,EAO
143,0.9281410362291553,1004,7184.711864228502,,EAO
144,0.9313806308475995,1004,7116.397917529686,,EAO
145,0.9346089962672168,1004,7083.892445811667,,EAO
146,0.9378262484539215,1004,7037.685862349852,,EAO
147,0.9410325013912637,1004,6959.304604068302,,EAO
148,0.9442278671275494,1004,6959.304604068302,,EAO
149,0.9474124558215303,1004,6953.396672630513,,EAO
150,0.9505863757867169,1004,6888.33915908907,,EAO
151,0.9537497335343625,1004,6875.489707037108,,EAO
152,0.9569026338151702,1004,6869.083991556159,,EAO
153,0.9600451796597658,1004,6855.1689503475245,,EAO
154,0.9631774724179828,1004,6819.183109692927,,EAO
155,0.9662996117970016,1004,6803.908997821103,,EAO
156,0.9694116958983826,1004,6793.162465566198,,EAO
157,0.9725138212540326,1004,6785.856994159272,,EAO
158,0.9756060828611426,1004,6706.278551256328,,EAO
159,0.9786885742161318,1004,6677.553265784643,,EAO
160,0.981761387347632,1004,6637.643122750314,,EAO
161,0.9848246128485463,1004,6625.659585413192,,EAO
162,0.9878783399072132,1004,6609.109667813118,,EAO
163,0.990922656337705,1004,6455.528390490354,,EAO
164,0.9939576486092935,1004,6455.528390490354,,EAO
165,0.9969834018751054,1004,6401.851466673854,,EAO
166,1.0,1004,6194.52452653958,,EAO
