t,AF,S,fed,seed,curve,variant
1,0.09090909090909094,1.0,0,1000,59616783.75279838,EAO+M1
2,0.10124078353939003,0.8877442321561316,0,1000,59616783.75279838,EAO+M1
3,0.09788405698320568,0.9216168299721927,0,1000,59616783.75279838,EAO+M1
4,0.0991119375087135,0.9089601970621195,0,1000,59616783.75279838,EAO+M1
5,0.09958358850070992,0.9041815273536468,0,1000,59616783.75279838,EAO+M1
6,0.0967374283784217,0.9337260528449819,0,1000,59616783.75279838,EAO+M1
7,0.09615146643218553,0.9400257397065173,0,1000,59616783.75279838,EAO+M1
8,0.09620837278474836,0.9394105742099473,0,1000,59616783.75279838,EAO+M1
9,0.09836903703469435,0.9165800440308308,0,1000,37197865.69179225,EAO+M1
10,0.0954487719841226,0.9476824156169823,0,1000,37197865.69179225,EAO+M1
11,0.09603427047748592,0.9412949408872104,0,1000,28145255.029663272,EAO+M1
12,0.09697192991254044,0.9312262537230176,0,1000,11711152.664902514,EAO+M1
13,0.09199100582275355,0.9870627960376696,0,1000,2799903.0578493155,EAO+M1
14,0.09272156724891056,0.9784977321570789,0,1000,2799903.0578493155,EAO+M1
15,0.09304042802705181,0.9748015902390812,0,1000,2799903.0578493155,EAO+M1
16,0.09267114447955316,0.9790845474241876,0,1000,2799903.0578493155,EAO+M1
17,0.09547466353912948,0.9473982970258479,0,1000,2799903.0578493155,EAO+M1
18,0.0951448879165564,0.9510286174040345,0,1000,463629.74386684457,EAO+M1
19,0.09536892176338285,0.948559616183009,0,1000,463629.74386684457,EAO+M1
20,0.09378553629380404,0.9662624958152173,0,1000,463629.74386684457,EAO+M1
21,0.09374482545252383,0.9667255447677375,0,1000,463629.74386684457,EAO+M1
22,0.09488181388329142,0.9539427515899335,0,1000,463629.74386684457,EAO+M1
23,0.09477460835764606,0.9551349325827363,0,1000,463629.74386684457,EAO+M1
24,0.0983523369912257,0.9167526574271571,0,1000,463629.74386684457,EAO+M1
25,0.0992248216531133,0.9078123430606584,0,1000,463629.74386684457,EAO+M1
26,0.1005392990358609,0.8946359379761686,0,1000,463629.74386684457,EAO+M1
27,0.09856663783979025,0.9145420620163549,0,1000,463629.74386684457,EAO+M1
28,0.09701943037261629,0.930721368038717,0,1000,463629.74386684457,EAO+M1
29,0.09809921188667836,0.9193761812838762,0,1000,463629.74386684457,EAO+M1
30,0.10043159671580515,0.8957025803639622,0,1000,463629.74386684457,EAO+M1
31,0.09748882428407679,0.9257586008895312,0,1000,154242.32832134515,EAO+M1
32,0.0971835247181091,0.9289809953905287,0,1000,154242.32832134515,EAO+M1
33,0.09862841427570668,0.9139065981580037,0,1000,154242.32832134515,EAO+M1
34,0.09923169947903754,0.9077424908068297,0,1000,154242.32832134515,EAO+M1
35,0.10155063771308592,0.8847303990599548,0,1000,154242.32832134515,EAO+M1
36,0.10077670025127194,0.8922928588717888,0,1000,154242.32832134515,EAO+M1
37,0.10111770932009223,0.888946453320515,0,1000,154242.32832134515,EAO+M1
38,0.10241657276788341,0.8764044753444313,0,1000,154242.32832134515,EAO+M1
39,0.10210320058347166,0.8794012276652168,0,1000,154242.32832134515,EAO+M1
40,0.10063407930015567,0.8936991593249,0,1000,78729.10172936668,EAO+M1
41,0.10306874667993615,0.8702262152321915,0,1000,78729.10172936668,EAO+M1
42,0.1027749533999659,0.8729997114261225,0,1000,78729.10172936668,EAO+M1
43,0.10416852800377818,0.8599828462236979,0,1000,78729.10172936668,EAO+M1
44,0.10301577495099867,0.8707251151347141,0,1000,78729.10172936668,EAO+M1
45,0.10191907394296507,0.8811706104782804,0,1000,71440.17997390828,EAO+M1
46,0.10320497981623722,0.8689454925339464,0,1000,71440.17997390828,EAO+M1
47,0.10186827750884009,0.8816598694458341,0,1000,71440.17997390828,EAO+M1
48,0.10245787750942714,0.8760108488563899,0,1000,71440.17997390828,EAO+M1
49,0.10232515703379075,0.8772767802054486,0,1000,65149.955706951776,EAO+M1
50,0.1028609061236272,0.8721866525248305,0,1000,65149.955706951776,EAO+M1
51,0.10206654099862233,0.8797530025177375,0,1000,56452.66246992559,EAO+M1
52,0.10325583403577432,0.8684682801104847,0,1000,53549.82450088585,EAO+M1
53,0.10334028750598634,0.8676768123391093,0,1000,53549.82450088585,EAO+M1
54,0.10161349484154591,0.8841212543268785,0,1000,53549.82450088585,EAO+M1
55,0.10377437559313274,0.8636290214076461,0,1000,49920.669672729804,EAO+M1
56,0.1077398633620219,0.8281615632273933,0,1000,49920.669672729804,EAO+M1
57,0.10852211123581701,0.8214711993825975,0,1000,49920.669672729804,EAO+M1
58,0.10719659776566526,0.8328654274886852,0,1000,49920.669672729804,EAO+M1
59,0.10774369234642367,0.8281285783159744,0,1000,31200.56624328022,EAO+M1
60,0.10729864899614872,0.8319781836543841,0,1000,31200.56624328022,EAO+M1
61,0.10430198076988995,0.8587545630664395,0,1000,31200.56624328022,EAO+M1
62,0.10469696768139014,0.8551375002981578,0,1000,31200.56624328022,EAO+M1
63,0.10411152339224872,0.8605084695883453,0,1000,31200.56624328022,EAO+M1
64,0.10665337503880545,0.8376168355067561,0,1000,31200.56624328022,EAO+M1
65,0.10767051937902272,0.8287593352083603,0,1000,24667.10923197466,EAO+M1
66,0.10849731423524323,0.8216818011105835,0,1000,24667.10923197466,EAO+M1
67,0.10889548473414734,0.8183117210427557,0,1000,24667.10923197466,EAO+M1
68,0.1076197537984207,0.8291974425745945,0,1000,24667.10923197466,EAO+M1
69,0.11363491925583902,0.7800111854249554,0,1000,24667.10923197466,EAO+M1
70,0.11344157785383069,0.7815110111466351,0,1000,24667.10923197466,EAO+M1
71,0.11173810470771472,0.7949498495753142,0,1000,24667.10923197466,EAO+M1
72,0.11522119790913588,0.7678958543623248,0,1000,24667.10923197466,EAO+M1
73,0.11319846400636013,0.7834042129262588,0,1000,24667.10923197466,EAO+M1
74,0.1138692486953472,0.7782002265383001,0,1000,24667.10923197466,EAO+M1
75,0.11309629856654746,0.7842022353292006,0,1000,24667.10923197466,EAO+M1
76,0.11463903099772499,0.7723032559651042,0,1000,24667.10923197466,EAO+M1
77,0.11741613598304634,0.7516716988067031,0,1000,24667.10923197466,EAO+M1
78,0.11738453159981488,0.751901001240249,0,1000,24667.10923197466,EAO+M1
79,0.12032466067937553,0.7310848286243343,0,1000,24667.10923197466,EAO+M1
80,0.1226160481035582,0.7155539307182914,0,1000,24667.10923197466,EAO+M1
81,0.12732438710790084,0.6853954947001252,0,1000,24667.10923197466,EAO+M1
82,0.13170221522490566,0.6592886712591101,0,1000,24516.420607520573,EAO+M1
83,0.1303286563575834,0.6672909611346675,0,1000,24454.76775327976,EAO+M1
84,0.13195987461923697,0.6578061155979766,0,1000,24454.76775327976,EAO+M1
85,0.13194664485522078,0.6578820977958594,0,1000,24454.76775327976,EAO+M1
86,0.13422764337605897,0.6450030223642901,0,1000,24454.76775327976,EAO+M1
87,0.13066819485560377,0.6652971720509802,0,1000,10427.196949482384,EAO+M1
88,0.13481012882699495,0.641784025207278,0,1000,10427.196949482384,EAO+M1
89,0.13687011836279972,0.6306196648046387,0,1000,10427.196949482384,EAO+M1
90,0.13980651784696096,0.615274234277581,0,1000,10427.196949482384,EAO+M1
91,0.13784473592933177,0.6254538907547876,0,1000,7371.237948170507,EAO+M1
92,0.14585321250902183,0.5856208257587361,0,1000,7371.237948170507,EAO+M1
93,0.1494285653507469,0.5692160884050149,0,1000,7371.237948170507,EAO+M1
94,0.1496861117470336,0.5680646509744194,0,1000,7371.237948170507,EAO+M1
95,0.15211670257834753,0.5573900058640507,0,1000,7371.237948170507,EAO+M1
96,0.15369144581990557,0.5506542993757714,0,1000,7371.237948170507,EAO+M1
97,0.159371156840591,0.5274661110731834,0,1000,7371.237948170507,EAO+M1
98,0.16252512352483905,0.5152894877493618,0,1000,7371.237948170507,EAO+M1
99,0.16058602905985309,0.5227191779101054,0,1000,7371.237948170507,EAO+M1
100,0.16385454502826624,0.5102973828571503,0,1000,7371.237948170507,EAO+M1
101,0.166174082149407,0.5017785608112466,0,1000,6387.557338752973,EAO+M1
102,0.17673744621882914,0.4658110498902655,0,1000,6387.557338752973,EAO+M1
103,0.1857219677768155,0.4384392659471027,0,1000,6387.557338752973,EAO+M1
104,0.188028711609997,0.4318336712715275,0,1000,6387.557338752973,EAO+M1
105,0.19438185210554648,0.41445131794351625,0,1000,5945.908929143785,EAO+M1
106,0.195818601434965,0.41067671440402886,0,1000,5945.908929143785,EAO+M1
107,0.20276476494368034,0.3931823338624731,0,1000,5187.735996884833,EAO+M1
108,0.20476638890929755,0.38836139823853427,0,1000,5187.735996884833,EAO+M1
109,0.20619778153706192,0.3849712700814194,0,1000,2826.7367235092106,EAO+M1
110,0.2123467531955635,0.3709278502973094,0,1000,2826.7367235092106,EAO+M1
111,0.2181098418169385,0.35848458357936414,0,1000,2826.7367235092106,EAO+M1
112,0.22764323079173976,0.3392838726291201,0,1000,2826.7367235092106,EAO+M1
113,0.23333597450328358,0.3285665774978592,0,1000,2826.7367235092106,EAO+M1
114,0.2429653354143645,0.3115813469005994,0,1000,2826.7367235092106,EAO+M1
115,0.2558926205357085,0.2907889168146041,0,1000,2826.7367235092106,EAO+M1
116,0.2723915708543937,0.26711855541761537,0,1000,2826.7367235092106,EAO+M1
117,0.27738889712801285,0.2605046958813595,0,1000,2826.7367235092106,EAO+M1
118,0.28444225894326214,0.251565201216979,0,1000,2520.7780571495186,EAO+M1
119,0.29438629053571397,0.2396897315361508,0,1000,2520.7780571495186,EAO+M1
120,0.3089087990623328,0.22372014103690724,0,1000,2166.4491496222618,EAO+M1
121,0.3319406355087752,0.2012586869538496,0,1000,1789.1349972576008,EAO+M1
122,0.33590830639086844,0.19770028932728548,0,1000,1789.1349972576008,EAO+M1
123,0.36046320435423174,0.17742082629251865,0,1000,1379.5228303060485,EAO+M1
124,0.39010624380964365,0.1563404241455721,0,1000,1379.5228303060485,EAO+M1
125,0.39898210341898943,0.1506378084206585,0,1000,1379.5228303060485,EAO+M1
126,0.41608566723225626,0.1403351229692338,0,1000,1218.9129829242033,EAO+M1
127,0.43562870451067337,0.1295532846310634,0,1000,920.4536747075504,EAO+M1
128,0.4649300603522716,0.11508611407967746,0,1000,694.3794987578722,EAO+M1
129,0.49756832261565254,0.10097742451591954,0,1000,694.3794987578722,EAO+M1
130,0.5075374095604275,0.09702981123422781,0,1000,642.591974486968,EAO+M1
131,0.536362308138721,0.08644113965990445,0,1000,625.5230122918056,EAO+M1
132,0.5655611689031668,0.07681553384214329,0,1000,545.7445288799181,EAO+M1
133,0.6019064417224953,0.06613877684017926,0,1000,462.90417931853517,EAO+M1
134,0.6259180128978089,0.05976533338133312,0,1000,387.5425433102582,EAO+M1
135,0.6586263852027885,0.05183114774427143,0,1000,349.332482008605,EAO+M1
136,0.6929120436428196,0.04431846136527502,0,1000,349.332482008605,EAO+M1
137,0.7103041970642772,0.04078475167865403,0,1000,319.10301205108317,EAO+M1
138,0.7472405993178202,0.03382570498885259,0,1000,311.77426284394414,EAO+M1
139,0.7564009844063708,0.03220501038676035,0,1000,268.16295691229425,EAO+M1
140,0.7736650946635111,0.0292548942556247,0,1000,268.16295691229425,EAO+M1
141,0.7984443003139217,0.025243551692564314,0,1000,228.51544118071092,EAO+M1
142,0.822360449107542,0.021601178787870864,0,1000,139.19083731270575,EAO+M1
143,0.8345583558484038,0.019823855694717712,0,1000,139.19083731270575,EAO+M1
144,0.83120901970576,0.020306682951297905,0,1000,115.06066399885958,EAO+M1
145,0.8305841538137929,0.02039719219398786,0,1000,88.01149075732974,EAO+M1
146,0.8332950898276068,0.020005507317567575,0,1000,78.04083171724324,EAO+M1
147,0.8521998314140827,0.01734336984562267,0,1000,68.20631061029712,EAO+M1
148,0.8719698241607138,0.014682867719937154,0,1000,68.20631061029712,EAO+M1
149,0.8879654471157475,0.012616994641870185,0,1000,60.09374644576906,EAO+M1
150,0.8975287639661611,0.011417042009998718,0,1000,60.09374644576906,EAO+M1
151,0.9122402148364667,0.009620249550088692,0,1000,60.09374644576906,EAO+M1
152,0.9341751652546493,0.007046305360452119,0,1000,60.09374644576906,EAO+M1
153,0.9368062258609122,0.006745661204483735,0,1000,54.68820333637905,EAO+M1
154,0.9492526122072633,0.005346036148874592,0,1000,46.784251900249274,EAO+M1
155,0.954348664738722,0.004783507008287813,0,1000,46.784251900249274,EAO+M1
156,0.9552774881631015,0.0046816252231480044,0,1000,46.784251900249274,EAO+M1
157,0.9603953801136865,0.004123782840524001,0,1000,46.54103124737435,EAO+M1
158,0.9631221322974618,0.003828991824180029,0,1000,45.76435730820617,EAO+M1
159,0.9657069916073018,0.0035510779864627163,0,1000,45.19533964030961,EAO+M1
160,0.968357732295249,0.003267621732079423,0,1000,44.38508982160147,EAO+M1
161,0.9706884835840679,0.0030196625293941156,0,1000,42.65202511475809,EAO+M1
162,0.9788597511010338,0.002159681085588339,0,1000,38.36331564375587,EAO+M1
163,0.9820339476870517,0.0018294736506067953,0,1000,37.748382663716484,EAO+M1
164,0.9805957561195197,0.001978821931400984,0,1000,36.81696994147546,EAO+M1
165,0.9822177742010774,0.0018104158024819354,0,1000,36.18857052464068,EAO+M1
166,0.9856207941746363,0.001458898382658915,0,1000,35.3881810906164,EAO+M1
1,0.09090909090909094,1.0,0,1001,500995852.6262732,EAO+M1
2,0.09969411959002628,0.9030681890891014,0,1001,172388343.25035357,EAO+M1
3,0.10005056854077199,0.8994945701807641,0,1001,172388343.25035357,EAO+M1
4,0.10255812224206196,0.8750568537514347,0,1001,172388343.25035357,EAO+M1
5,0.10231980232483473,0.8773279240955718,0,1001,172388343.25035357,EAO+M1
6,0.1030254158019317,0.8706342771986656,0,1001,172388343.25035357,EAO+M1
7,0.1042024737499021,0.8596701153181011,0,1001,172388343.25035357,EAO+M1
8,0.10501497836994023,0.8522451135277693,0,1001,21990383.380438145,EAO+M1
9,0.10426710404080708,0.8590752607923486,0,1001,21990383.380438145,EAO+M1
10,0.10188832559557603,0.88146671284921,0,1001,21990383.380438145,EAO+M1
11,0.10226492324021264,0.8778523938761237,0,1001,21990383.380438145,EAO+M1
12,0.10080538754205548,0.8920104712486767,0,1001,7487807.43217432,EAO+M1
13,0.10024080885096487,0.8975976964499269,0,1001,4575653.863134401,EAO+M1
14,0.09877584855738653,0.9123932262844829,0,1001,4575653.863134401,EAO+M1
15,0.09942095914675908,0.9058241326397414,0,1001,4575653.863134401,EAO+M1
16,0.09457493845280807,0.9573625702109124,0,1001,4575653.863134401,EAO+M1
17,0.09792321333275666,0.921208318197098,0,1001,4575653.863134401,EAO+M1
18,0.09536742108735996,0.9485761160343894,0,1001,4575653.863134401,EAO+M1
19,0.09211853247809665,0.9855578927484249,0,1001,2839455.4068883765,EAO+M1
20,0.09090909090909094,1.0,0,1001,2839455.4068883765,EAO+M1
21,0.09090909090909094,1.0,0,1001,593094.9706559948,EAO+M1
22,0.09236949759205748,0.9826084649896234,0,1001,593094.9706559948,EAO+M1
23,0.09250238566114222,0.9810531997123118,0,1001,593094.9706559948,EAO+M1
24,0.09706956821658164,0.9301889854591712,0,1001,593094.9706559948,EAO+M1
25,0.1025515952653352,0.8751189120097703,0,1001,593094.9706559948,EAO+M1
26,0.09926342071781835,0.9074204503215292,0,1001,593094.9706559948,EAO+M1
27,0.1008108496857516,0.8919567220365738,0,1001,534654.7522680205,EAO+M1
28,0.0984455113300634,0.9157903458363351,0,1001,534654.7522680205,EAO+M1
29,0.09742461492339893,0.9264346446596279,0,1001,534654.7522680205,EAO+M1
30,0.09622131983493976,0.9392707164227451,0,1001,534654.7522680205,EAO+M1
31,0.09211383533052298,0.9856132484461204,0,1001,392964.9743290595,EAO+M1
32,0.09384960816257337,0.9655345499873851,0,1001,392964.9743290595,EAO+M1
33,0.09344189050487972,0.9701838271859219,0,1001,305628.3581659696,EAO+M1
34,0.0931748845016005,0.9732505925272416,0,1001,298946.7529553845,EAO+M1
35,0.09392741900468371,0.9646518456449166,0,1001,298946.7529553845,EAO+M1
36,0.0941676524472308,0.961935785816021,0,1001,298946.7529553845,EAO+M1
37,0.0945608875667735,0.9575196846517093,0,1001,298946.7529553845,EAO+M1
38,0.09560377138328269,0.9459838409417194,0,1001,298946.7529553845,EAO+M1
39,0.09681453580886057,0.9329027471394227,0,1001,298946.7529553845,EAO+M1
40,0.09759106085157687,0.9246840143697869,0,1001,140380.43704853047,EAO+M1
41,0.09848822880319119,0.9153497652986522,0,1001,140380.43704853047,EAO+M1
42,0.09898140280925705,0.910290793642376,0,1001,140380.43704853047,EAO+M1
43,0.09933443279691612,0.9067002668092405,0,1001,128915.56541758156,EAO+M1
44,0.09790121217303505,0.9214378124680976,0,1001,128915.56541758156,EAO+M1
45,0.09902235219481759,0.9098730012316716,0,1001,21323.641129570242,EAO+M1
46,0.09858319415229633,0.9143716772405944,0,1001,21323.641129570242,EAO+M1
47,0.09963132555936838,0.9037003867866024,0,1001,21323.641129570242,EAO+M1
48,0.09970543366081097,0.9029543659595433,0,1001,21323.641129570242,EAO+M1
49,0.09963505209658619,0.9036628465157037,0,1001,21323.641129570242,EAO+M1
50,0.10125912637545598,0.8875653047727536,0,1001,21323.641129570242,EAO+M1
51,0.10082714135530668,0.8917964414721241,0,1001,21323.641129570242,EAO+M1
52,0.10177502829219065,0.8825592945344638,0,1001,21323.641129570242,EAO+M1
53,0.10124106470166516,0.8877414890358738,0,1001,21323.641129570242,EAO+M1
54,0.10499515443088658,0.8524249051495546,0,1001,21323.641129570242,EAO+M1
55,0.10377830388206777,0.8635925454480214,0,1001,21323.641129570242,EAO+M1
56,0.10332418468787874,0.8678276223720476,0,1001,21323.641129570242,EAO+M1
57,0.1066909663241723,0.8372864774338784,0,1001,21323.641129570242,EAO+M1
58,0.10673900704024064,0.8368646268397456,0,1001,21323.641129570242,EAO+M1
59,0.1052332033818697,0.8502704164304544,0,1001,21323.641129570242,EAO+M1
60,0.11106376927578165,0.8003836323228931,0,1001,21323.641129570242,EAO+M1
61,0.11151909777340097,0.796707398074481,0,1001,21323.641129570242,EAO+M1
62,0.11212238067287661,0.7918825964974433,0,1001,21323.641129570242,EAO+M1
63,0.1118741055377469,0.7938618952020087,0,1001,21323.641129570242,EAO+M1
64,0.11200162343211972,0.7928442011432675,0,1001,21323.641129570242,EAO+M1
65,0.11243537109433432,0.7893998305577614,0,1001,21323.641129570242,EAO+M1
66,0.11092007007628846,0.8015500975722621,0,1001,21323.641129570242,EAO+M1
67,0.1103423401402599,0.8062704295820318,0,1001,21323.641129570242,EAO+M1
68,0.10865627084938434,0.8203334443404245,0,1001,21323.641129570242,EAO+M1
69,0.10958052992351641,0.8125708743131346,0,1001,21323.641129570242,EAO+M1
70,0.11196810927346035,0.793111446186605,0,1001,21323.641129570242,EAO+M1
71,0.11385122969169614,0.778339217510389,0,1001,17645.925730612897,EAO+M1
72,0.1164985257086193,0.7583799613920895,0,1001,17645.925730612897,EAO+M1
73,0.11494193906931016,0.7700044632072879,0,1001,17645.925730612897,EAO+M1
74,0.11485998962847199,0.7706251874430914,0,1001,17645.925730612897,EAO+M1
75,0.11343337911449924,0.7815747250115889,0,1001,17645.925730612897,EAO+M1
76,0.11566064021840838,0.7645983613022069,0,1001,17645.925730612897,EAO+M1
77,0.11435511985855684,0.7744689360973747,0,1001,14006.46961205389,EAO+M1
78,0.12011023727131886,0.7325684993370585,0,1001,13581.916224114608,EAO+M1
79,0.12309913993510924,0.7123533604923171,0,1001,13581.916224114608,EAO+M1
80,0.12581238436366138,0.6948343122641204,0,1001,13581.916224114608,EAO+M1
81,0.13230967708649533,0.6558026155156178,0,1001,13581.916224114608,EAO+M1
82,0.13447434664969982,0.6436362584493227,0,1001,13581.916224114608,EAO+M1
83,0.13452523409528216,0.6433549599264887,0,1001,13581.916224114608,EAO+M1
84,0.13885004313180505,0.6202014327433357,0,1001,13581.916224114608,EAO+M1
85,0.14140402874169533,0.6071934292810803,0,1001,13581.916224114608,EAO+M1
86,0.14586949347502587,0.5855443014006274,0,1001,11383.757829783997,EAO+M1
87,0.1420426904697174,0.6040136994681846,0,1001,11383.757829783997,EAO+M1
88,0.14370818038663802,0.595854611275128,0,1001,11383.757829783997,EAO+M1
89,0.1450174886055613,0.5895720023947864,0,1001,11383.757829783997,EAO+M1
90,0.14748390828299796,0.5780400734167962,0,1001,11383.757829783997,EAO+M1
91,0.14869607731424817,0.5725126970812022,0,1001,10230.735108679293,EAO+M1
92,0.15361678967261894,0.5509705105354393,0,1001,10230.735108679293,EAO+M1
93,0.15602440839074527,0.5409253592525178,0,1001,8978.035791762994,EAO+M1
94,0.1673038933876977,0.49771472124840144,0,1001,5315.008369881406,EAO+M1
95,0.16817656153159033,0.4946131796803086,0,1001,5315.008369881406,EAO+M1
96,0.17540517639764808,0.470108602572238,0,1001,5315.008369881406,EAO+M1
97,0.17331539129583562,0.47698280142533844,0,1001,5315.008369881406,EAO+M1
98,0.18065925547039963,0.45352824154854665,0,1001,5315.008369881406,EAO+M1
99,0.19065037601303414,0.4245203397509341,0,1001,5315.008369881406,EAO+M1
100,0.19376486032046758,0.4160894490085049,0,1001,5315.008369881406,EAO+M1
101,0.20025760073634258,0.3993568265688906,0,1001,4206.110183556649,EAO+M1
102,0.20712760257715246,0.38279417497120544,0,1001,4206.110183556649,EAO+M1
103,0.21516572007874968,0.36475804771968534,0,1001,4206.110183556649,EAO+M1
104,0.21109657900009482,0.3737168194466811,0,1001,4206.110183556649,EAO+M1
105,0.21806736418849937,0.3585738923939076,0,1001,4206.110183556649,EAO+M1
106,0.22940144991241196,0.33591703556442715,0,1001,2760.843267049163,EAO+M1
107,0.2361991718382963,0.32337150982248464,0,1001,2760.843267049163,EAO+M1
108,0.2593784835783548,0.2855369906570964,0,1001,2760.843267049163,EAO+M1
109,0.26464137151399336,0.2778698675415244,0,1001,2493.114331009636,EAO+M1
110,0.2762667235227352,0.26196903747537503,0,1001,2153.1856811250773,EAO+M1
111,0.2842412642208717,0.25181380252479557,0,1001,2107.007810813682,EAO+M1
112,0.29097089552628896,0.2436769846658601,0,1001,1911.6461255190152,EAO+M1
113,0.29850076597366904,0.2350075155546538,0,1001,962.5409204670905,EAO+M1
114,0.30772920294210104,0.22496103406479398,0,1001,962.5409204670905,EAO+M1
115,0.3260368285282431,0.20671381650781037,0,1001,962.5409204670905,EAO+M1
116,0.33889035705505133,0.19508068883693674,0,1001,962.5409204670905,EAO+M1
117,0.35189058508674254,0.18417924274771255,0,1001,962.5409204670905,EAO+M1
118,0.36038978414197276,0.1774773436990817,0,1001,829.3790501747098,EAO+M1
119,0.3719710488920194,0.16883812677859592,0,1001,829.3790501747098,EAO+M1
120,0.4008650485180183,0.1494605113858041,0,1001,829.3790501747098,EAO+M1
121,0.41424097459963305,0.14140538027811161,0,1001,777.8931474529741,EAO+M1
122,0.4315010106234397,0.1317491675292217,0,1001,747.4126719751871,EAO+M1
123,0.4572385430111221,0.11870422239878309,0,1001,629.7641516495478,EAO+M1
124,0.4821264364172806,0.10741447148824253,0,1001,356.4275060560976,EAO+M1
125,0.5231494981155004,0.09114994922144055,0,1001,356.4275060560976,EAO+M1
126,0.5492126433927214,0.08207883813864379,0,1001,356.4275060560976,EAO+M1
127,0.5765094633692678,0.07345769038304176,0,1001,342.1863563036213,EAO+M1
128,0.5979682162846007,0.06723296870415163,0,1001,342.1863563036213,EAO+M1
129,0.6181079583241518,0.06178403570652203,0,1001,321.7781838155056,EAO+M1
130,0.6551786336564147,0.05263012995695684,0,1001,302.76350667978113,EAO+M1
131,0.6840896435699297,0.04617967241566301,0,1001,288.0876581717748,EAO+M1
132,0.7360322110820829,0.03586361913833131,0,1001,288.0876581717748,EAO+M1
133,0.7690341195730109,0.030033242290371683,0,1001,286.01518251036714,EAO+M1
134,0.7976018181009159,0.025375842595368285,0,1001,258.1818974132643,EAO+M1
135,0.8163682017076818,0.022493747050435896,0,1001,243.113460040272,EAO+M1
136,0.8352919434652115,0.019718621474007818,0,1001,243.113460040272,EAO+M1
137,0.8564533556199065,0.016760591039566126,0,1001,243.113460040272,EAO+M1
138,0.8744707884793078,0.014354877621353792,0,1001,239.42158443112407,EAO+M1
139,0.8898893716592782,0.012373518759462281,0,1001,232.67833723261697,EAO+M1
140,0.8927976009515747,0.012007469434748178,0,1001,210.36162658859348,EAO+M1
141,0.9014133523042281,0.01093689675704945,0,1001,210.36162658859348,EAO+M1
142,0.9038404309001554,0.010638998413035918,0,1001,210.36162658859348,EAO+M1
143,0.91841322382477,0.008883449634518386,0,1001,199.11033424934408,EAO+M1
144,0.9202763021144736,0.008663017585300102,0,1001,199.11033424934408,EAO+M1
145,0.9134171912796745,0.009478999251045978,0,1001,199.11033424934408,EAO+M1
146,0.9246754414376499,0.008146053759710371,0,1001,199.11033424934408,EAO+M1
147,0.9321153635965433,0.007282857793645359,0,1001,188.56987065177123,EAO+M1
148,0.9304670872734437,0.00747290405835946,0,1001,180.04666006677144,EAO+M1
149,0.9337385459799611,0.007096360571737709,0,1001,180.04666006677144,EAO+M1
150,0.9358378556861143,0.006856117640896764,0,1001,176.16138384996293,EAO+M1
151,0.9450518118016358,0.005814304307148163,0,1001,175.79029016053073,EAO+M1
152,0.9521783778760117,0.005022338590660101,0,1001,133.5455766480859,EAO+M1
153,0.9594912456216956,0.00422189932041089,0,1001,111.62516240347577,EAO+M1
154,0.9641110629988834,0.003722489905829263,0,1001,111.53192757965121,EAO+M1
155,0.9680233070195156,0.0033032978388649234,0,1001,111.00596966481135,EAO+M1
156,0.9697928786617216,0.0031148013150976233,0,1001,107.25514052124709,EAO+M1
157,0.9752734190006749,0.0025353486025141004,0,1001,92.77837627652298,EAO+M1
158,0.9671774960303245,0.0033936380968738336,0,1001,83.65534425289115,EAO+M1
159,0.9568431943023766,0.004510332095645881,0,1001,81.09014576860727,EAO+M1
160,0.9630641642932307,0.003835241417572169,0,1001,79.48686513254461,EAO+M1
161,0.9635336484258885,0.0037846474416006197,0,1001,76.37754220622696,EAO+M1
162,0.9643048940299529,0.003701641067160071,0,1001,74.76727449460896,EAO+M1
163,0.960364592939368,0.004127120819742086,0,1001,74.55531569366599,EAO+M1
164,0.9664513228768524,0.0034713261112088493,0,1001,74.22021578366548,EAO+M1
165,0.9717008891402669,0.0029123273608169056,0,1001,73.20318843356608,EAO+M1
166,0.9707488083211421,0.0030132606322171365,0,1001,72.91234968490267,EAO+M1
1,0.09090909090909094,1.0,0,1002,698323421.8518114,EAO+M1
2,0.10525086815699991,0.8501109278341786,0,1002,698323421.8518114,EAO+M1
3,0.10434946728127881,0.8583182607961513,0,1002,698323421.8518114,EAO+M1
4,0.10036532711407131,0.8963600266688101,0,1002,414647329.85349673,EAO+M1
5,0.09968625469278203,0.9031473276650314,0,1002,184208597.56083867,EAO+M1
6,0.09686445025369794,0.9323704902891591,0,1002,134289738.17465174,EAO+M1
7,0.09623482455244536,0.9391248746497458,0,1002,30656287.181178764,EAO+M1
8,0.09559920425732293,0.9460338114408516,0,1002,30656287.181178764,EAO+M1
9,0.0923876888790951,0.9823952976122924,0,1002,30656287.181178764,EAO+M1
10,0.09106541486779696,0.9981117271048917,0,1002,3904475.200278834,EAO+M1
11,0.09140364681704938,0.9940482517087843,0,1002,3904475.200278834,EAO+M1
12,0.09138304227727656,0.994294931619564,0,1002,3904475.200278834,EAO+M1
13,0.09090909090909094,1.0,0,1002,3904475.200278834,EAO+M1
14,0.09183020402138897,0.988966327208727,0,1002,3904475.200278834,EAO+M1
15,0.09090909090909094,1.0,0,1002,3904475.200278834,EAO+M1
16,0.09237981963892739,0.9824874998766678,0,1002,3904475.200278834,EAO+M1
17,0.09249881230732093,0.9810949622548335,0,1002,3862350.570835487,EAO+M1
18,0.09174254991979791,0.9900067644448616,0,1002,3862350.570835487,EAO+M1
19,0.09283716361032424,0.9771548387641523,0,1002,3260018.22109861,EAO+M1
20,0.09090909090909094,1.0,0,1002,3260018.22109861,EAO+M1
21,0.0924979664610539,0.9811048483115011,0,1002,1521390.1496090463,EAO+M1
22,0.09360151315435616,0.9683587970964993,0,1002,1521390.1496090463,EAO+M1
23,0.09608397019837323,0.9407563279654426,0,1002,1521390.1496090463,EAO+M1
24,0.09472505058377623,0.9556869527513061,0,1002,1521390.1496090463,EAO+M1
25,0.09411791519912394,0.9624969729560144,0,1002,1521390.1496090463,EAO+M1
26,0.0958774363036774,0.9429982679476846,0,1002,1065716.2993978497,EAO+M1
27,0.10091341621132777,0.890948515612484,0,1002,1065716.2993978497,EAO+M1
28,0.09697635656116443,0.931179181669178,0,1002,1065716.2993978497,EAO+M1
29,0.09846861801295181,0.9155519800922449,0,1002,759673.355795001,EAO+M1
30,0.09951893136440348,0.904833940929641,0,1002,759673.355795001,EAO+M1
31,0.10347702921785196,0.8663980571907248,0,1002,350423.5753277952,EAO+M1
32,0.10382081066005755,0.8631980271029848,0,1002,350423.5753277952,EAO+M1
33,0.10486283943790575,0.8536266663770317,0,1002,350423.5753277952,EAO+M1
34,0.10397783194877552,0.8617434613299573,0,1002,194483.059251587,EAO+M1
35,0.10450845762349559,0.8568603563193151,0,1002,194483.059251587,EAO+M1
36,0.1035094722203116,0.866095158780812,0,1002,194483.059251587,EAO+M1
37,0.10474346435055881,0.8547135052294694,0,1002,194483.059251587,EAO+M1
38,0.10312705666143451,0.8696776310439976,0,1002,88870.32572168074,EAO+M1
39,0.10136183448311964,0.8865646227688739,0,1002,88870.32572168074,EAO+M1
40,0.10146216559077237,0.8855890559573734,0,1002,88870.32572168074,EAO+M1
41,0.10367144231891923,0.8645857891354021,0,1002,88870.32572168074,EAO+M1
42,0.10189125580251113,0.881438487654163,0,1002,88870.32572168074,EAO+M1
43,0.10015587291733152,0.8984436966820687,0,1002,88870.32572168074,EAO+M1
44,0.10018281548971086,0.8981751811544,0,1002,88870.32572168074,EAO+M1
45,0.10230293030149584,0.8774891071574495,0,1002,39164.381179505806,EAO+M1
46,0.10623210834077157,0.8413349839506131,0,1002,39164.381179505806,EAO+M1
47,0.10588030314774433,0.8444627284496998,0,1002,39164.381179505806,EAO+M1
48,0.10797504754324894,0.8261399024616811,0,1002,39164.381179505806,EAO+M1
49,0.10716755269319911,0.8331182572236343,0,1002,39164.381179505806,EAO+M1
50,0.10714923843678359,0.8332777484834711,0,1002,39164.381179505806,EAO+M1
51,0.10372450337646433,0.8640923479484265,0,1002,39164.381179505806,EAO+M1
52,0.1031640034010246,0.8693303546128839,0,1002,39164.381179505806,EAO+M1
53,0.10556393353912008,0.8472932340375687,0,1002,29534.580230431224,EAO+M1
54,0.10840385806678765,0.822476393214621,0,1002,29534.580230431224,EAO+M1
55,0.11185095054064542,0.794046939401387,0,1002,29534.580230431224,EAO+M1
56,0.11404789801157555,0.7768245775985304,0,1002,24972.036680885725,EAO+M1
57,0.1139906006406578,0.7772653134378898,0,1002,24972.036680885725,EAO+M1
58,0.11469349522374273,0.7718890274023051,0,1002,24972.036680885725,EAO+M1
59,0.11475912075232786,0.7713904336703584,0,1002,24972.036680885725,EAO+M1
60,0.11521357223130502,0.7679532980649022,0,1002,24972.036680885725,EAO+M1
61,0.1117189466921491,0.7951033191850466,0,1002,19003.942474395953,EAO+M1
62,0.11474337754942421,0.771509991562923,0,1002,19003.942474395953,EAO+M1
63,0.11290895875848261,0.785669313574174,0,1002,19003.942474395953,EAO+M1
64,0.11192390057041524,0.7934642153316173,0,1002,19003.942474395953,EAO+M1
65,0.11471542420532965,0.7717223572395069,0,1002,19003.942474395953,EAO+M1
66,0.11370683361847689,0.7794546186690264,0,1002,19003.942474395953,EAO+M1
67,0.11647322139133731,0.7585664481967996,0,1002,19003.942474395953,EAO+M1
68,0.1130695079117423,0.7844117379378363,0,1002,14943.00251727333,EAO+M1
69,0.10772277378308559,0.828308810552572,0,1002,14943.00251727333,EAO+M1
70,0.10759376358391781,0.8294218983426944,0,1002,14943.00251727333,EAO+M1
71,0.11016905918008069,0.8076958698225924,0,1002,8156.699396104912,EAO+M1
72,0.1102621263284359,0.8069297258256353,0,1002,8156.699396104912,EAO+M1
73,0.11098033137999264,0.801060564124679,0,1002,8156.699396104912,EAO+M1
74,0.11036184061478582,0.8061102953968162,0,1002,8156.699396104912,EAO+M1
75,0.11132735589372633,0.7982518195748805,0,1002,8156.699396104912,EAO+M1
76,0.11083718009957066,0.8022243249978476,0,1002,8156.699396104912,EAO+M1
77,0.11241235994040277,0.7895818934236113,0,1002,8156.699396104912,EAO+M1
78,0.11475655203367696,0.7714099389344978,0,1002,8156.699396104912,EAO+M1
79,0.11603710343167994,0.761793314746759,0,1002,8156.699396104912,EAO+M1
80,0.11964204495262698,0.7358265694939902,0,1002,8156.699396104912,EAO+M1
81,0.12169309246090998,0.7217393278268592,0,1002,6251.236136637583,EAO+M1
82,0.12018462940885999,0.7320531543164867,0,1002,6251.236136637583,EAO+M1
83,0.12114710546164564,0.7254427509343947,0,1002,3227.5458486963407,EAO+M1
84,0.1271658946291897,0.6863743678412808,0,1002,3227.5458486963407,EAO+M1
85,0.12917233305519993,0.6741595869238225,0,1002,3227.5458486963407,EAO+M1
86,0.13219259777933157,0.6564720088709468,0,1002,3227.5458486963407,EAO+M1
87,0.13534589509114836,0.6388476756731724,0,1002,3227.5458486963407,EAO+M1
88,0.1404252176357227,0.61212280588669,0,1002,3227.5458486963407,EAO+M1
89,0.14016720480452283,0.6134336461903481,0,1002,3227.5458486963407,EAO+M1
90,0.1438288903656617,0.5952706076349903,0,1002,3227.5458486963407,EAO+M1
91,0.14868044152867144,0.5725834210057551,0,1002,3227.5458486963407,EAO+M1
92,0.14938783933654864,0.5693985296535067,0,1002,3227.5458486963407,EAO+M1
93,0.15481525351223346,0.545931183984387,0,1002,3227.5458486963407,EAO+M1
94,0.1582772304240775,0.5318028166911097,0,1002,3227.5458486963407,EAO+M1
95,0.1639220469035262,0.5100460669506737,0,1002,3227.5458486963407,EAO+M1
96,0.167594395336776,0.4966786645761808,0,1002,3227.5458486963407,EAO+M1
97,0.17348350029484683,0.4764236934927143,0,1002,3227.5458486963407,EAO+M1
98,0.17328963748921944,0.4770685509467993,0,1002,3227.5458486963407,EAO+M1
99,0.17788983858985263,0.46214565594475887,0,1002,3227.5458486963407,EAO+M1
100,0.18756262095433096,0.433155270976666,0,1002,3227.5458486963407,EAO+M1
101,0.19276932592312046,0.4187547319633292,0,1002,3227.5458486963407,EAO+M1
102,0.1955773131890326,0.41130674805490547,0,1002,3227.5458486963407,EAO+M1
103,0.20075961511065543,0.39810814762163016,0,1002,3109.947966761518,EAO+M1
104,0.20910437767265788,0.37823006439657064,0,1002,3109.947966761518,EAO+M1
105,0.21718559565327689,0.36043569187545804,0,1002,2005.3321100005323,EAO+M1
106,0.22046468021099852,0.35358739506162046,0,1002,2005.3321100005323,EAO+M1
107,0.21752445574605628,0.3597184241055756,0,1002,2005.3321100005323,EAO+M1
108,0.22456942083440523,0.34529660195249307,0,1002,2005.3321100005323,EAO+M1
109,0.23598544214783546,0.32375495322865727,0,1002,1185.9354459905726,EAO+M1
110,0.2506123298452527,0.2990226660505796,0,1002,1185.9354459905726,EAO+M1
111,0.2589701370069002,0.28614490904538364,0,1002,1185.9354459905726,EAO+M1
112,0.2662304568816929,0.27561442507848705,0,1002,1185.9354459905726,EAO+M1
113,0.2755399601403009,0.2629237659360967,0,1002,1170.8182010308633,EAO+M1
114,0.29006451725897653,0.2447508883367407,0,1002,1170.8182010308633,EAO+M1
115,0.2986456393093033,0.23484500303194222,0,1002,1091.6993720601927,EAO+M1
116,0.31221967666164396,0.22028730882445677,0,1002,1016.7619338673312,EAO+M1
117,0.32312600467721675,0.2094767940447687,0,1002,744.1851777844854,EAO+M1
118,0.33346199803368914,0.1998842464498674,0,1002,703.3866586092408,EAO+M1
119,0.3489482950108712,0.1865754079608975,0,1002,683.7178869030381,EAO+M1
120,0.3694431552355878,0.170677636282723,0,1002,442.5328526938474,EAO+M1
121,0.37856249074634574,0.16415717997535206,0,1002,442.5328526938474,EAO+M1
122,0.3885447312035668,0.15737062420133013,0,1002,382.0217958755579,EAO+M1
123,0.4085799536568775,0.1447501378982956,0,1002,364.8332472896723,EAO+M1
124,0.4289528251368352,0.13312586872017962,0,1002,327.906387321857,EAO+M1
125,0.4466096180018101,0.12390919489690595,0,1002,327.906387321857,EAO+M1
126,0.4669807949649204,0.11414156872877824,0,1002,238.84041411500675,EAO+M1
127,0.5021965845551201,0.09912520928151436,0,1002,238.84041411500675,EAO+M1
128,0.5416250082207126,0.08462958408901596,0,1002,187.77407324198907,EAO+M1
129,0.5527980821655585,0.08089787795257009,0,1002,154.67018556150174,EAO+M1
130,0.5877266826505501,0.07014711591622241,0,1002,114.08474330278273,EAO+M1
131,0.6310876925224238,0.0584565840609335,0,1002,114.08474330278273,EAO+M1
132,0.6849153024390635,0.04600345421381054,0,1002,94.00017407962423,EAO+M1
133,0.7250011165150456,0.037930822066430225,0,1002,94.00017407962423,EAO+M1
134,0.7410052518740782,0.034951810054098476,0,1002,83.77374270129894,EAO+M1
135,0.7807507828888375,0.028081844029656137,0,1002,83.12234874157389,EAO+M1
136,0.8270970818599673,0.020904791218850676,0,1002,70.78202187148509,EAO+M1
137,0.8412440609608396,0.018871567290214795,0,1002,70.78202187148509,EAO+M1
138,0.8582061789171377,0.01652211607958522,0,1002,55.01860598852977,EAO+M1
139,0.8744087447388694,0.014362991680582598,0,1002,55.01860598852977,EAO+M1
140,0.8811818948910467,0.013483947616019114,0,1002,55.01860598852977,EAO+M1
141,0.9005147723610665,0.011047595296864762,0,1002,55.01860598852977,EAO+M1
142,0.9105830052597594,0.009819752205317384,0,1002,55.01860598852977,EAO+M1
143,0.9181930115220466,0.008909563398042613,0,1002,54.91726654302988,EAO+M1
144,0.9236016147854211,0.008271789913698709,0,1002,49.25566162213636,EAO+M1
145,0.9318832421315528,0.007309580727370914,0,1002,49.0582052785694,EAO+M1
146,0.9315632415041243,0.007346442565227891,0,1002,49.0582052785694,EAO+M1
147,0.9258611705005266,0.008007553601086155,0,1002,49.0582052785694,EAO+M1
148,0.9274534460189447,0.00782212350306728,0,1002,46.28773704506193,EAO+M1
149,0.9343466617343229,0.00702665733763228,0,1002,42.86911237848494,EAO+M1
150,0.9391551936554833,0.006478674318744901,0,1002,42.59676331720266,EAO+M1
151,0.9372169415083409,0.006698882159622206,0,1002,42.59676331720266,EAO+M1
152,0.937440011534886,0.006673492457686275,0,1002,42.59676331720266,EAO+M1
153,0.9355308675305554,0.006891181756473574,0,1002,42.59676331720266,EAO+M1
154,0.9366105053755287,0.006767967502036043,0,1002,42.59676331720266,EAO+M1
155,0.9400660531023387,0.006375503795703674,0,1002,37.92809127568103,EAO+M1
156,0.9454903582522186,0.005765224496688145,0,1002,37.92809127568103,EAO+M1
157,0.9498464123069182,0.005280178673441782,0,1002,31.10783111178216,EAO+M1
158,0.9547233798872363,0.004742380993970356,0,1002,31.10783111178216,EAO+M1
159,0.9566549079081782,0.004530901554312849,0,1002,28.204215743283385,EAO+M1
160,0.9547803518257619,0.004736130994711777,0,1002,28.204215743283385,EAO+M1
161,0.9577877678930219,0.004407263646709349,0,1002,28.204215743283385,EAO+M1
162,0.9584178979263881,0.0043386191100539765,0,1002,25.74935742647358,EAO+M1
163,0.9589937578490109,0.004275965491471467,0,1002,25.74935742647358,EAO+M1
164,0.95935056751441,0.004237182304578094,0,1002,22.679815303730038,EAO+M1
165,0.9575567777329475,0.004432449673380046,0,1002,22.226692517886477,EAO+M1
166,0.9578698254610925,0.004398319418677502,0,1002,22.226692517886477,EAO+M1
1,0.09090909090909094,1.0,0,1003,737555843.062171,EAO+M1
2,0.1041137091596549,0.8604883046348228,0,1003,21998974.27967571,EAO+M1
3,0.09942649188682084,0.9057681620088941,0,1003,21998974.27967571,EAO+M1
4,0.09717367708590796,0.9290852728727489,0,1003,21998974.27967571,EAO+M1
5,0.09657385287223352,0.935476964270022,0,1003,21998974.27967571,EAO+M1
6,0.09825761822544299,0.9177327906581177,0,1003,21998974.27967571,EAO+M1
7,0.09745811026449003,0.926081869724454,0,1003,21998974.27967571,EAO+M1
8,0.09514151346646516,0.9510658949654746,0,1003,9702075.0462888,EAO+M1
9,0.09354228901735862,0.969035203761616,0,1003,9702075.0462888,EAO+M1
10,0.09161009045885604,0.9915828103555042,0,1003,9702075.0462888,EAO+M1
11,0.09338897844672422,0.9707901688532465,0,1003,9702075.0462888,EAO+M1
12,0.09375372289979,0.9666243100221882,0,1003,1470189.322074546,EAO+M1
13,0.10124264500428315,0.887726071318755,0,1003,1470189.322074546,EAO+M1
14,0.09897221284202351,0.9103846031978385,0,1003,1470189.322074546,EAO+M1
15,0.10232320377822679,0.877295435517617,0,1003,1470189.322074546,EAO+M1
16,0.1018474762644902,0.8818603628459833,0,1003,1094267.5259103933,EAO+M1
17,0.10349859103054382,0.8661967279389206,0,1003,1094267.5259103933,EAO+M1
18,0.10320458067084504,0.8689492399463778,0,1003,1094267.5259103933,EAO+M1
19,0.10008470005075498,0.8991537162951777,0,1003,1094267.5259103933,EAO+M1
20,0.09672197950555217,0.9338911642545502,0,1003,850862.7184115708,EAO+M1
21,0.09856981594219505,0.914509351002985,0,1003,850862.7184115708,EAO+M1
22,0.09663957213852215,0.9347727932472741,0,1003,514361.3643406048,EAO+M1
23,0.09514378795955147,0.9510407683422594,0,1003,514361.3643406048,EAO+M1
24,0.09675021381195503,0.9335894470927104,0,1003,514361.3643406048,EAO+M1
25,0.09821646875348233,0.9181591872437834,0,1003,314359.78653965396,EAO+M1
26,0.09767815177531536,0.9237703947350024,0,1003,314359.78653965396,EAO+M1
27,0.09537495155417453,0.9484933241952774,0,1003,314359.78653965396,EAO+M1
28,0.09984650844761,0.9015372751113333,0,1003,314359.78653965396,EAO+M1
29,0.10166324608408894,0.8836396520064564,0,1003,314359.78653965396,EAO+M1
30,0.10232527173768269,0.8772756847043247,0,1003,289830.38823540026,EAO+M1
31,0.09834703815575385,0.9168074389960615,0,1003,289830.38823540026,EAO+M1
32,0.0986812182504504,0.9133640602835145,0,1003,289830.38823540026,EAO+M1
33,0.09856612775020235,0.9145473123731865,0,1003,133550.7391724134,EAO+M1
34,0.09884871309298748,0.9116469589839727,0,1003,133550.7391724134,EAO+M1
35,0.10006792948362753,0.8993211662919575,0,1003,133550.7391724134,EAO+M1
36,0.10019483695333453,0.8980554192285846,0,1003,133550.7391724134,EAO+M1
37,0.10236857527610144,0.8768622815183948,0,1003,133550.7391724134,EAO+M1
38,0.10307772580567431,0.8701416985908618,0,1003,133550.7391724134,EAO+M1
39,0.10265755923554709,0.8741123863129325,0,1003,133550.7391724134,EAO+M1
40,0.10279994961380612,0.8727631227026389,0,1003,133550.7391724134,EAO+M1
41,0.10196175239960947,0.8807599187593304,0,1003,133550.7391724134,EAO+M1
42,0.10502598158607634,0.8521453500345799,0,1003,133550.7391724134,EAO+M1
43,0.09810224058654582,0.9193447101932406,0,1003,133550.7391724134,EAO+M1
44,0.0998093592309911,0.9019100490222338,0,1003,133550.7391724134,EAO+M1
45,0.09657502351216152,0.9354644126740196,0,1003,133550.7391724134,EAO+M1
46,0.0954578090349969,0.9475832308631532,0,1003,133550.7391724134,EAO+M1
47,0.09552155487338931,0.9468841313622538,0,1003,128060.30875327392,EAO+M1
48,0.09670644819147534,0.9340572099391292,0,1003,128060.30875327392,EAO+M1
49,0.09732468273012362,0.9274885794109894,0,1003,125266.8106883203,EAO+M1
50,0.09778175018467172,0.9226857241881928,0,1003,113535.31913192134,EAO+M1
51,0.09871616358814139,0.9130053312972631,0,1003,86582.93662850984,EAO+M1
52,0.10080511707699158,0.8920131328613335,0,1003,86582.93662850984,EAO+M1
53,0.10219017262715901,0.8785676785658258,0,1003,86582.93662850984,EAO+M1
54,0.103781120631673,0.863566392339388,0,1003,86582.93662850984,EAO+M1
55,0.10245393609006437,0.876048396150371,0,1003,86582.93662850984,EAO+M1
56,0.10392248546550165,0.8622556615353105,0,1003,75307.08198386246,EAO+M1
57,0.10478340416891863,0.8543496013814609,0,1003,75307.08198386246,EAO+M1
58,0.11079557427044995,0.8025631272590527,0,1003,39137.67315927881,EAO+M1
59,0.1127057507704099,0.78726617157014,0,1003,39137.67315927881,EAO+M1
60,0.11127910480538883,0.7986413053455601,0,1003,39137.67315927881,EAO+M1
61,0.11387153343654477,0.778182606153497,0,1003,39137.67315927881,EAO+M1
62,0.11169623404332252,0.7952853321913607,0,1003,39137.67315927881,EAO+M1
63,0.1093529801698967,0.8144698191547642,0,1003,38333.021342006985,EAO+M1
64,0.10882990379532154,0.8188650960132418,0,1003,38333.021342006985,EAO+M1
65,0.1110758781283856,0.8002854776841494,0,1003,38333.021342006985,EAO+M1
66,0.10999179444933738,0.8091587286182548,0,1003,38333.021342006985,EAO+M1
67,0.10543145277545307,0.8484835631827917,0,1003,31734.00735392735,EAO+M1
68,0.10571435246049199,0.8459453486921035,0,1003,31734.00735392735,EAO+M1
69,0.10500905277722694,0.8522988481016635,0,1003,31734.00735392735,EAO+M1
70,0.11036981146652791,0.8060448565713753,0,1003,31734.00735392735,EAO+M1
71,0.11072798617838042,0.80311404958546,0,1003,24893.51677913304,EAO+M1
72,0.11326610676931403,0.7828766420273212,0,1003,24893.51677913304,EAO+M1
73,0.11478647262656139,0.7711827945557077,0,1003,24893.51677913304,EAO+M1
74,0.11723845760696106,0.7529624326451598,0,1003,24893.51677913304,EAO+M1
75,0.11844888468165837,0.7442460245088727,0,1003,24893.51677913304,EAO+M1
76,0.11902270368998924,0.7401758395647234,0,1003,13065.33697833186,EAO+M1
77,0.12190759932505313,0.7202934070858128,0,1003,12011.551043323858,EAO+M1
78,0.1230957195614425,0.7123759327803888,0,1003,12011.551043323858,EAO+M1
79,0.12574806449062947,0.6952408683590657,0,1003,12011.551043323858,EAO+M1
80,0.12287508122226731,0.7138346604150853,0,1003,12011.551043323858,EAO+M1
81,0.1242777260743172,0.7046494183535407,0,1003,12011.551043323858,EAO+M1
82,0.12441710832187525,0.7037479840898841,0,1003,12011.551043323858,EAO+M1
83,0.1262729702933657,0.6919351209342216,0,1003,7460.628863595417,EAO+M1
84,0.12887257809159114,0.6759602661857894,0,1003,7460.628863595417,EAO+M1
85,0.13065390613462813,0.6653808673500982,0,1003,7460.628863595417,EAO+M1
86,0.13322800018727443,0.6505929673899866,0,1003,7460.628863595417,EAO+M1
87,0.13491229054081555,0.6412223126531719,0,1003,7460.628863595417,EAO+M1
88,0.13835950580827372,0.6227548220544463,0,1003,7460.628863595417,EAO+M1
89,0.13712502969812423,0.6292614646658334,0,1003,7460.628863595417,EAO+M1
90,0.14074225815314112,0.610518655251292,0,1003,7460.628863595417,EAO+M1
91,0.1416862158139761,0.6057849588649669,0,1003,7460.628863595417,EAO+M1
92,0.14295912915686648,0.5995006236381852,0,1003,7460.628863595417,EAO+M1
93,0.14369147127169202,0.5959355284971637,0,1003,6857.275828055681,EAO+M1
94,0.14984666759315757,0.5673488413603284,0,1003,6857.275828055681,EAO+M1
95,0.15173584597962209,0.5590400531554677,0,1003,2676.6353817803565,EAO+M1
96,0.1576459879743981,0.5343326670402807,0,1003,1906.9219584591574,EAO+M1
97,0.1590825601665945,0.5286044170729838,0,1003,1906.9219584591574,EAO+M1
98,0.16224797104115052,0.5163405271467911,0,1003,1906.9219584591574,EAO+M1
99,0.1703607211350867,0.48698976697043583,0,1003,1906.9219584591574,EAO+M1
100,0.17503686435105814,0.47130822338908884,0,1003,1906.9219584591574,EAO+M1
101,0.18066628122665462,0.45350671592418024,0,1003,1906.9219584591574,EAO+M1
102,0.18716001787509595,0.4343021502954574,0,1003,1906.9219584591574,EAO+M1
103,0.20073818942554367,0.3981613129328902,0,1003,1906.9219584591574,EAO+M1
104,0.20825217481735536,0.3801870620928861,0,1003,1906.9219584591574,EAO+M1
105,0.21139559102842054,0.3730467627707324,0,1003,1906.9219584591574,EAO+M1
106,0.2184005785717853,0.35787424490330005,0,1003,1906.9219584591574,EAO+M1
107,0.2237498169436446,0.3469277399462041,0,1003,1906.9219584591574,EAO+M1
108,0.23900157981319026,0.31840727612831077,0,1003,1906.9219584591574,EAO+M1
109,0.24742962240913036,0.3041553271849067,0,1003,1906.9219584591574,EAO+M1
110,0.25472007790075657,0.29258781963376196,0,1003,1650.906926556735,EAO+M1
111,0.2671166849451039,0.27436822795457866,0,1003,1611.1310384260796,EAO+M1
112,0.2789334787806794,0.2585084172654236,0,1003,1306.1586976598387,EAO+M1
113,0.28958693635235866,0.24531944451500978,0,1003,1306.1586976598387,EAO+M1
114,0.29490506346184764,0.23909217707595315,0,1003,1221.598411486868,EAO+M1
115,0.30459917220402344,0.22830030126614748,0,1003,919.0158934700507,EAO+M1
116,0.32675107785881385,0.2060433668812841,0,1003,919.0158934700507,EAO+M1
117,0.34558001103320746,0.18936858848120938,0,1003,919.0158934700507,EAO+M1
118,0.35908008986011974,0.1784894034056725,0,1003,633.6507745460622,EAO+M1
119,0.382498787429162,0.16143873728885955,0,1003,521.5571520816052,EAO+M1
120,0.3856026748358671,0.15933430063099352,0,1003,402.4845249561595,EAO+M1
121,0.40220329155707446,0.14863048637136667,0,1003,402.4845249561595,EAO+M1
122,0.42778879478104803,0.1337602134978366,0,1003,176.8117700437133,EAO+M1
123,0.45139588943573905,0.12153502577306047,0,1003,176.8117700437133,EAO+M1
124,0.47337072873392383,0.11125091588882091,0,1003,176.8117700437133,EAO+M1
125,0.4926996431666213,0.10296341064363626,0,1003,176.8117700437133,EAO+M1
126,0.51227949126305,0.09520594071303765,0,1003,176.8117700437133,EAO+M1
127,0.5559840064290135,0.07986128889261086,0,1003,160.0102340602091,EAO+M1
128,0.5861061976025277,0.07061754407145128,0,1003,159.38789673617703,EAO+M1
129,0.6162671122278109,0.06226729938337798,0,1003,132.4176821464439,EAO+M1
130,0.6602086144220193,0.05146727536650694,0,1003,105.32651727158873,EAO+M1
131,0.6808554912711338,0.04687404490680313,0,1003,105.32651727158873,EAO+M1
132,0.7254857619769239,0.037838680289883866,0,1003,94.47214187600025,EAO+M1
133,0.745398236277129,0.03415647520102443,0,1003,68.49894237996978,EAO+M1
134,0.7705154309393508,0.029783254149872106,0,1003,62.86723200055576,EAO+M1
135,0.7969317733823332,0.025481256162720914,0,1003,60.56654388922357,EAO+M1
136,0.8140763045262114,0.02283860793393259,0,1003,56.46757454217254,EAO+M1
137,0.8277562900887396,0.020808505108767573,0,1003,51.92579482179963,EAO+M1
138,0.8369131365291448,0.019486713298253487,0,1003,44.354010808944395,EAO+M1
139,0.8526665113591412,0.017279145677483072,0,1003,43.94240403672575,EAO+M1
140,0.8573279276767884,0.016641481948433474,0,1003,39.182778860138114,EAO+M1
141,0.8829139109071973,0.013261325667923431,0,1003,36.424841240951764,EAO+M1
142,0.8939927577988422,0.01185772941406876,0,1003,35.53882508025208,EAO+M1
143,0.9031777474380538,0.01072017693489364,0,1003,33.20024488002764,EAO+M1
144,0.9198858254808291,0.00870914327626418,0,1003,33.17861144683775,EAO+M1
145,0.9261175633178574,0.007977652039926272,0,1003,33.17861144683775,EAO+M1
146,0.9276367923865234,0.007800812581755015,0,1003,29.585084798059142,EAO+M1
147,0.9356911600489922,0.006872870311999163,0,1003,28.89416020802537,EAO+M1
148,0.9430054017699481,0.006043931256711525,0,1003,26.09000852251006,EAO+M1
149,0.9547415706752037,0.004740385326763246,0,1003,21.18989533047329,EAO+M1
150,0.9648230663949932,0.00364594658131915,0,1003,16.897235878006086,EAO+M1
151,0.9706575203998622,0.0030229487727092665,0,1003,16.596198396915042,EAO+M1
152,0.9759097647210521,0.0024684900335876546,0,1003,14.709677200900842,EAO+M1
153,0.97830969559351,0.002217120458295281,0,1003,12.41937227927906,EAO+M1
154,0.9834450745524145,0.0016833604515351318,0,1003,11.262949165508644,EAO+M1
155,0.9815105067085249,0.0018837794567761958,0,1003,10.802693394458402,EAO+M1
156,0.985566159941584,0.0014645226921418983,0,1003,10.092467253373115,EAO+M1
157,0.9854494659710229,0.001476537816643863,0,1003,9.769948298666804,EAO+M1
158,0.9887697440141234,0.0011357807066673536,0,1003,9.013889722411022,EAO+M1
159,0.9871655415754629,0.001300132336877762,0,1003,8.364662571791996,EAO+M1
160,0.9871951899059304,0.001297090000538781,0,1003,8.273955855091572,EAO+M1
161,0.9851351962785826,0.0015089100234739622,0,1003,8.258748396863894,EAO+M1
162,0.9869637491116721,0.0013208439418429848,0,1003,8.141532605551447,EAO+M1
163,0.9926362098773325,0.0007418417794347406,0,1003,7.529350809572861,EAO+M1
164,0.9931318944291282,0.000691560266002711,0,1003,7.5029765798713015,EAO+M1
165,0.9945233090390445,0.0005506850278096925,0,1003,7.3838470427972425,EAO+M1
166,0.9948468500186052,0.0005179842486608289,0,1003,7.109531984502837,EAO+M1
1,0.09090909090909094,1.0,0,1004,577971440.7388252,EAO+M1
2,0.09685624179302554,0.9324579825603027,0,1004,29404524.25721392,EAO+M1
3,0.09884412459796965,0.9116939211787425,0,1004,29404524.25721392,EAO+M1
4,0.10205304481366217,0.8798825716821007,0,1004,29404524.25721392,EAO+M1
5,0.10509759783439954,0.8514965333229424,0,1004,29404524.25721392,EAO+M1
6,0.10194005510909676,0.8809686672523326,0,1004,29404524.25721392,EAO+M1
7,0.10093046435828412,0.8907811346732616,0,1004,29404524.25721392,EAO+M1
8,0.10510476737332641,0.8514316286415955,0,1004,18079516.720549617,EAO+M1
9,0.10733479270525426,0.8316643511354613,0,1004,18079516.720549617,EAO+M1
10,0.10957706312598592,0.8125997462171921,0,1004,18079516.720549617,EAO+M1
11,0.10639909993205865,0.8398575745833866,0,1004,18079516.720549617,EAO+M1
12,0.10012858351231335,0.8987158161255967,0,1004,18079516.720549617,EAO+M1
13,0.09588621584330581,0.9429027688757353,0,1004,16256225.11306149,EAO+M1
14,0.09688423732185336,0.9321596449977307,0,1004,8864958.296696411,EAO+M1
15,0.09881926529035379,0.9119484263131998,0,1004,7879405.513694126,EAO+M1
16,0.09780824928224241,0.9224086489006961,0,1004,2010001.6242538649,EAO+M1
17,0.1000810515250532,0.8991901411524148,0,1004,2010001.6242538649,EAO+M1
18,0.1001529849515228,0.8984724873492602,0,1004,2010001.6242538649,EAO+M1
19,0.10048576662715969,0.8951658165781619,0,1004,2010001.6242538649,EAO+M1
20,0.10095163836922028,0.8905733241719194,0,1004,2010001.6242538649,EAO+M1
21,0.0976727160797981,0.9238273697467423,0,1004,1469009.5927278853,EAO+M1
22,0.09618066503055989,0.9397100079129895,0,1004,1469009.5927278853,EAO+M1
23,0.09527589159369643,0.9495834604880908,0,1004,533316.6127813221,EAO+M1
24,0.09312972081548743,0.9737710703345104,0,1004,533316.6127813221,EAO+M1
25,0.09090909090909094,1.0,0,1004,533316.6127813221,EAO+M1
26,0.09090909090909094,1.0,0,1004,533316.6127813221,EAO+M1
27,0.09090909090909094,1.0,0,1004,533316.6127813221,EAO+M1
28,0.0918240471154147,0.9890393436297665,0,1004,533316.6127813221,EAO+M1
29,0.09374495171944275,0.966724107974126,0,1004,533316.6127813221,EAO+M1
30,0.09449787316265312,0.958224874837939,0,1004,201624.95042273097,EAO+M1
31,0.09390217312307292,0.9649380804950586,0,1004,201624.95042273097,EAO+M1
32,0.09604233525270112,0.9412075022633056,0,1004,201624.95042273097,EAO+M1
33,0.09368768190579801,0.9673761797260497,0,1004,201624.95042273097,EAO+M1
34,0.09491921826680061,0.9535274291758092,0,1004,201624.95042273097,EAO+M1
35,0.09264959964933617,0.9793354788200263,0,1004,201624.95042273097,EAO+M1
36,0.09147151893412742,0.993236464915536,0,1004,201624.95042273097,EAO+M1
37,0.0913330772860157,0.9948935804149383,0,1004,160200.49812980648,EAO+M1
38,0.09181941992259524,0.9890942252118452,0,1004,160200.49812980648,EAO+M1
39,0.09197458632302125,0.9872568608114524,0,1004,160200.49812980648,EAO+M1
40,0.09236383286697292,0.9826748619670765,0,1004,160200.49812980648,EAO+M1
41,0.09249631529219982,0.9811241473143635,0,1004,155974.17745519834,EAO+M1
42,0.09305955533887567,0.974580677243199,0,1004,69116.92661697966,EAO+M1
43,0.0981288987584763,0.9190677900720056,0,1004,41312.70433404854,EAO+M1
44,0.09842960468200346,0.9159545019313046,0,1004,41312.70433404854,EAO+M1
45,0.09675955442185091,0.933489670322597,0,1004,41312.70433404854,EAO+M1
46,0.1000445328785482,0.8995548694439678,0,1004,41312.70433404854,EAO+M1
47,0.10155875017653004,0.8846517392758321,0,1004,41312.70433404854,EAO+M1
48,0.1032245855380246,0.8687614581233963,0,1004,36300.01642691619,EAO+M1
49,0.10490235086026989,0.8532674833302847,0,1004,36300.01642691619,EAO+M1
50,0.10321877024554627,0.8688160376461649,0,1004,36300.01642691619,EAO+M1
51,0.10792540682603924,0.8265658841683688,0,1004,36300.01642691619,EAO+M1
52,0.10876181427313036,0.8194403446495739,0,1004,18296.16124225233,EAO+M1
53,0.10996937377893834,0.8093440888462369,0,1004,18296.16124225233,EAO+M1
54,0.11065531231934256,0.8037071777576099,0,1004,18296.16124225233,EAO+M1
55,0.10949475426909672,0.8132857611994615,0,1004,18296.16124225233,EAO+M1
56,0.10387962525629824,0.862652683365711,0,1004,18296.16124225233,EAO+M1
57,0.10536199404630064,0.8491088404805208,0,1004,18296.16124225233,EAO+M1
58,0.10555201338867759,0.8474002133125287,0,1004,18296.16124225233,EAO+M1
59,0.10666390206710008,0.8375242988681594,0,1004,18296.16124225233,EAO+M1
60,0.10636182692911533,0.8401869344219224,0,1004,18296.16124225233,EAO+M1
61,0.10593511213016282,0.8439740798794795,0,1004,17544.93119893409,EAO+M1
62,0.11007201910622899,0.808496099299236,0,1004,17544.93119893409,EAO+M1
63,0.11076960997380192,0.8027746872418434,0,1004,17544.93119893409,EAO+M1
64,0.11616157589964393,0.7608698635975243,0,1004,17544.93119893409,EAO+M1
65,0.11717598803760276,0.7534171691209388,0,1004,17544.93119893409,EAO+M1
66,0.11752692546580679,0.7508688507221604,0,1004,14060.03935714616,EAO+M1
67,0.1219125464672286,0.7202601200433548,0,1004,14060.03935714616,EAO+M1
68,0.11616061737281691,0.7608769672689539,0,1004,14060.03935714616,EAO+M1
69,0.11884706854677662,0.7414174722419954,0,1004,14060.03935714616,EAO+M1
70,0.12026026932169198,0.7315298191500266,0,1004,11730.785956024429,EAO+M1
71,0.11934384911245555,0.7379149888635805,0,1004,11730.785956024429,EAO+M1
72,0.1210443656504453,0.7261433686949316,0,1004,9896.369462449886,EAO+M1
73,0.12244466279816868,0.7166954582972282,0,1004,7879.198639584782,EAO+M1
74,0.12160108889818322,0.7223610570110116,0,1004,7879.198639584782,EAO+M1
75,0.12217155835501292,0.7185211136409866,0,1004,6719.107349152526,EAO+M1
76,0.1256142242111149,0.6960881868914296,0,1004,6719.107349152526,EAO+M1
77,0.12631772887593062,0.6916545119190676,0,1004,6719.107349152526,EAO+M1
78,0.1281260111844843,0.6804816451829858,0,1004,6719.107349152526,EAO+M1
79,0.1298992697410355,0.6698272684623857,0,1004,6719.107349152526,EAO+M1
80,0.13133145532154866,0.6614322079593382,0,1004,6719.107349152526,EAO+M1
81,0.13224022005952496,0.656199588559269,0,1004,6719.107349152526,EAO+M1
82,0.13611173971880408,0.6346904844989265,0,1004,6719.107349152526,EAO+M1
83,0.1392100544335736,0.6183389188869016,0,1004,6719.107349152526,EAO+M1
84,0.1424879990067237,0.6018134909402525,0,1004,6719.107349152526,EAO+M1
85,0.14276474392833272,0.6004530477790762,0,1004,6719.107349152526,EAO+M1
86,0.14816484343690361,0.5749239406619779,0,1004,6719.107349152526,EAO+M1
87,0.15299726495438748,0.5536064551860626,0,1004,5970.1663446604425,EAO+M1
88,0.15332482712777185,0.5522100945639147,0,1004,5031.599099583263,EAO+M1
89,0.15849933808388073,0.5309174612898266,0,1004,4289.180337468139,EAO+M1
90,0.1599815946145542,0.5250719043083133,0,1004,3064.1216882933268,EAO+M1
91,0.16778815239150124,0.4959896367812033,0,1004,2553.5098552000663,EAO+M1
92,0.17449410162506696,0.4730852737639729,0,1004,2553.5098552000663,EAO+M1
93,0.18528937468080697,0.43969635426892323,0,1004,2553.5098552000663,EAO+M1
94,0.1898114488818028,0.4268386105743856,0,1004,2553.5098552000663,EAO+M1
95,0.19587965954615127,0.41051753015957726,0,1004,2553.5098552000663,EAO+M1
96,0.2005018944670045,0.39874840467632827,0,1004,1430.6838762127609,EAO+M1
97,0.21114592097631668,0.3736061181651553,0,1004,1430.6838762127609,EAO+M1
98,0.2146845552071378,0.3657996934316736,0,1004,1430.6838762127609,EAO+M1
99,0.21757310923013728,0.35961562232502414,0,1004,1266.9820949251762,EAO+M1
100,0.22406556513249787,0.34629793935925185,0,1004,1266.9820949251762,EAO+M1
101,0.23341993330766508,0.3284124264065849,0,1004,1266.9820949251762,EAO+M1
102,0.23727900598041884,0.3214447864310945,0,1004,1266.9820949251762,EAO+M1
103,0.2433507197824305,0.310929542716807,0,1004,1266.9820949251762,EAO+M1
104,0.2485786400981984,0.3022871794635937,0,1004,1266.9820949251762,EAO+M1
105,0.2517706961432318,0.29718681137978914,0,1004,1266.9820949251762,EAO+M1
106,0.2623832165137777,0.28112193808992736,0,1004,1266.9820949251762,EAO+M1
107,0.2713040216278644,0.2685901867579593,0,1004,1266.9820949251762,EAO+M1
108,0.2797074543304676,0.2575163924013711,0,1004,1266.9820949251762,EAO+M1
109,0.28980587820521464,0.24505856340563578,0,1004,1266.9820949251762,EAO+M1
110,0.30524305505569804,0.2276077812212726,0,1004,1175.1632989879354,EAO+M1
111,0.3170860131893146,0.21537184183616295,0,1004,1157.4395122437281,EAO+M1
112,0.32299628532611047,0.20960108379895404,0,1004,944.8502506033715,EAO+M1
113,0.3344116212357727,0.1990326700682936,0,1004,864.5012012944726,EAO+M1
114,0.3447034946976767,0.19010439852866984,0,1004,542.6102927320021,EAO+M1
115,0.362819323027603,0.1756192783932627,0,1004,542.6102927320021,EAO+M1
116,0.3694610071035893,0.17066455749675913,0,1004,542.6102927320021,EAO+M1
117,0.3824988284711833,0.16143870923655337,0,1004,542.6102927320021,EAO+M1
118,0.4071184333648554,0.14562876992204626,0,1004,542.6102927320021,EAO+M1
119,0.4361984798854517,0.12925343533122946,0,1004,542.6102927320021,EAO+M1
120,0.4531888468919807,0.12065856361164022,0,1004,343.2866421108183,EAO+M1
121,0.4633723328904411,0.11580917310322845,0,1004,343.2866421108183,EAO+M1
122,0.48516893999425204,0.10611377142400073,0,1004,257.10958065758496,EAO+M1
123,0.5144453527398896,0.09438410604237944,0,1004,255.00609805577278,EAO+M1
124,0.5445091865142571,0.08365163063668839,0,1004,210.7837577174546,EAO+M1
125,0.5783820572081699,0.07289609653988322,0,1004,105.60492684799465,EAO+M1
126,0.6155668285095406,0.06245189858935051,0,1004,105.60492684799465,EAO+M1
127,0.6561669385293948,0.05240024165819843,0,1004,63.06463569664197,EAO+M1
128,0.6895595254542055,0.04502011256262624,0,1004,39.79092308849499,EAO+M1
129,0.7284455175211306,0.03727862632787664,0,1004,39.79092308849499,EAO+M1
130,0.7539590664908882,0.03263319514867659,0,1004,24.974298229391025,EAO+M1
131,0.7888885588791705,0.026760616407058856,0,1004,24.974298229391025,EAO+M1
132,0.810095392930239,0.02344225244669606,0,1004,24.974298229391025,EAO+M1
133,0.8425432935065474,0.018688262989803146,0,1004,20.424788625804695,EAO+M1
134,0.8534814000163672,0.017167169663079126,0,1004,20.424788625804695,EAO+M1
135,0.8785990425783539,0.013817560859772907,0,1004,20.424788625804695,EAO+M1
136,0.878019516633129,0.013892684736054588,0,1004,20.424788625804695,EAO+M1
137,0.8924739907621958,0.01204808323276449,0,1004,20.424788625804695,EAO+M1
138,0.8919875441241872,0.012109188809566462,0,1004,20.424788625804695,EAO+M1
139,0.8980051011590879,0.011357942032763897,0,1004,20.424788625804695,EAO+M1
140,0.9135557571248121,0.009462393751121389,0,1004,20.424788625804695,EAO+M1
141,0.9180877510703469,0.008922050080088333,0,1004,20.424788625804695,EAO+M1
142,0.9335173759263714,0.0071217339696173195,0,1004,20.424788625804695,EAO+M1
143,0.9324433803799468,0.007245117616956598,0,1004,20.424788625804695,EAO+M1
144,0.6837701084970997,0.046247984165023154,6,1004,20.424788625804695,EAO+M1
145,0.7392960656530098,0.035263806539632285,0,1004,20.424788625804695,EAO+M1
146,0.8182476165222278,0.022212393877817652,0,1004,19.926463119911887,EAO+M1
147,0.8732010369904297,0.01452116495951435,0,1004,19.077431842417127,EAO+M1
148,0.8981114422194497,0.011344756673933368,0,1004,19.077431842417127,EAO+M1
149,0.9209735168984945,0.008580755217331128,0,1004,19.077431842417127,EAO+M1
150,0.9375934205929055,0.006656038538285656,0,1004,19.077431842417127,EAO+M1
151,0.9423867282412061,0.006113548719676758,0,1004,19.077431842417127,EAO+M1
152,0.941610924871084,0.006200976813954241,0,1004,18.52297819804835,EAO+M1
153,0.9401166878960145,0.006369774398750922,0,1004,18.52297819804835,EAO+M1
154,0.938631565066636,0.006538074918565864,0,1004,18.417613163006763,EAO+M1
155,0.9404230794121029,0.006335118936589799,0,1004,17.881558796727177,EAO+M1
156,0.9401942391695115,0.006361000561258052,0,1004,17.25677933133784,EAO+M1
157,0.9507138550301618,0.0051841197757946395,0,1004,17.25677933133784,EAO+M1
158,0.9516118376284678,0.005084863434666954,0,1004,17.133595851292057,EAO+M1
159,0.9521598052400002,0.005024387135092438,0,1004,16.045546204347602,EAO+M1
160,0.9477953194569428,0.005508012064563567,0,1004,16.045546204347602,EAO+M1
161,0.9462056349207871,0.005685272111459825,0,1004,15.934260932867119,EAO+M1
162,0.9476364918272491,0.005525695625311216,0,1004,15.793873136323782,EAO+M1
163,0.9507376514401769,0.005181487078501688,0,1004,15.781694452202373,EAO+M1
164,0.9498052104246167,0.005284745653579158,0,1004,15.781694452202373,EAO+M1
165,0.9575233005120314,0.004436100872454427,0,1004,15.665369771909809,EAO+M1
166,0.9589015455701,0.0042859931366014785,0,1004,13.63820124682411,EAO+M1
