alg,fid,dim,iter,err
EAO,4,10,1,208.9235059750814
EAO,4,10,2,179.68697899361848
EAO,4,10,3,168.87462965265797
EAO,4,10,4,160.68029729317448
EAO,4,10,5,154.07029114809052
EAO,4,10,6,149.8233661520112
EAO,4,10,7,147.41788387660608
EAO,4,10,8,147.41788387660608
EAO,4,10,9,137.42874909912837
EAO,4,10,10,134.2012808134151
EAO,4,10,11,129.57374010735714
EAO,4,10,12,128.27157188759338
EAO,4,10,13,126.63435415967649
EAO,4,10,14,124.16151394819605
EAO,4,10,15,122.16719316447995
EAO,4,10,16,118.09998489891916
EAO,4,10,17,116.52489886434165
EAO,4,10,18,114.67274016928184
EAO,4,10,19,114.67274016928184
EAO,4,10,20,114.5146220635977
EAO,4,10,21,110.75881449565549
EAO,4,10,22,105.24374050020714
EAO,4,10,23,105.24374050020714
EAO,4,10,24,99.97270823706708
EAO,4,10,25,99.97270823706708
EAO,4,10,26,98.50683478393904
EAO,4,10,27,96.8056755248956
EAO,4,10,28,95.67817962979206
EAO,4,10,29,94.45414136886507
EAO,4,10,30,91.72342457782946
EAO,4,10,31,90.61946343074118
EAO,4,10,32,90.61946343074118
EAO,4,10,33,87.65826585273567
EAO,4,10,34,84.0797045122489
EAO,4,10,35,84.0797045122489
EAO,4,10,36,84.0797045122489
EAO,4,10,37,82.66172499166731
EAO,4,10,38,82.66172499166731
EAO,4,10,39,82.66172499166731
EAO,4,10,40,81.69033816503418
EAO,4,10,41,81.69033816503418
EAO,4,10,42,80.27770855500438
EAO,4,10,43,78.58347314174875
EAO,4,10,44,77.17242367489484
EAO,4,10,45,77.17242367489484
EAO,4,10,46,77.17242367489484
EAO,4,10,47,75.09674677400125
EAO,4,10,48,75.09674677400125
EAO,4,10,49,74.9455694834341
EAO,4,10,50,74.9455694834341
EAO,4,10,51,74.9455694834341
EAO,4,10,52,74.05337938904233
EAO,4,10,53,74.05337938904233
EAO,4,10,54,74.05337938904233
EAO,4,10,55,73.44782022472253
EAO,4,10,56,72.5278905691996
EAO,4,10,57,72.28915480641871
EAO,4,10,58,72.28915480641871
EAO,4,10,59,71.23276249082733
EAO,4,10,60,71.23276249082733
EAO,4,10,61,71.01038847136203
EAO,4,10,62,70.3459133704493
EAO,4,10,63,69.2912059724186
EAO,4,10,64,69.2912059724186
EAO,4,10,65,66.82706502238574
EAO,4,10,66,66.82706502238574
EAO,4,10,67,66.82706502238574
EAO,4,10,68,66.82706502238574
EAO,4,10,69,66.82706502238574
EAO,4,10,70,66.82706502238574
EAO,4,10,71,66.82706502238574
EAO,4,10,72,63.60885726851683
EAO,4,10,73,63.60885726851683
EAO,4,10,74,63.60885726851683
EAO,4,10,75,63.60885726851683
EAO,4,10,76,63.60885726851683
EAO,4,10,77,63.60885726851683
EAO,4,10,78,63.60885726851683
EAO,4,10,79,63.60885726851683
EAO,4,10,80,61.61444833178888
EAO,4,10,81,61.61444833178888
EAO,4,10,82,61.448777642472464
EAO,4,10,83,61.448777642472464
EAO,4,10,84,61.448777642472464
EAO,4,10,85,61.448777642472464
EAO,4,10,86,61.448777642472464
EAO,4,10,87,61.448777642472464
EAO,4,10,88,61.448777642472464
EAO,4,10,89,61.448777642472464
EAO,4,10,90,61.448777642472464
EAO,4,10,91,61.448777642472464
EAO,4,10,92,61.448777642472464
EAO,4,10,93,61.448777642472464
EAO,4,10,94,61.448777642472464
EAO,4,10,95,61.448777642472464
EAO,4,10,96,61.448777642472464
EAO,4,10,97,60.806654151544706
EAO,4,10,98,60.806654151544706
EAO,4,10,99,60.806654151544706
EAO,4,10,100,60.806654151544706
EAO,4,10,101,60.806654151544706
EAO,4,10,102,60.806654151544706
EAO,4,10,103,59.86308485408949
EAO,4,10,104,59.86308485408949
EAO,4,10,105,58.872597236964225
EAO,4,10,106,58.872597236964225
EAO,4,10,107,58.872597236964225
EAO,4,10,108,58.872597236964225
EAO,4,10,109,58.872597236964225
EAO,4,10,110,58.872597236964225
EAO,4,10,111,58.872597236964225
EAO,4,10,112,58.872597236964225
EAO,4,10,113,57.394353919647585
EAO,4,10,114,57.394353919647585
EAO,4,10,115,57.394353919647585
EAO,4,10,116,57.394353919647585
EAO,4,10,117,57.394353919647585
EAO,4,10,118,57.394353919647585
EAO,4,10,119,57.390267953741954
EAO,4,10,120,57.390267953741954
EAO,4,10,121,55.385238049757106
EAO,4,10,122,55.385238049757106
EAO,4,10,123,55.385238049757106
EAO,4,10,124,55.385238049757106
EAO,4,10,125,55.385238049757106
EAO,4,10,126,55.385238049757106
EAO,4,10,127,55.385238049757106
EAO,4,10,128,55.385238049757106
EAO,4,10,129,55.385238049757106
EAO,4,10,130,55.385238049757106
EAO,4,10,131,55.385238049757106
EAO,4,10,132,55.385238049757106
EAO,4,10,133,55.385238049757106
EAO,4,10,134,55.385238049757106
EAO,4,10,135,54.80698013096662
EAO,4,10,136,46.832187622105835
EAO,4,10,137,46.832187622105835
EAO,4,10,138,46.832187622105835
EAO,4,10,139,46.832187622105835
EAO,4,10,140,45.83774088153035
EAO,4,10,141,45.83774088153035
EAO,4,10,142,45.59782792802423
EAO,4,10,143,45.59782792802423
EAO,4,10,144,45.59782792802423
EAO,4,10,145,45.59782792802423
EAO,4,10,146,44.236800529649315
EAO,4,10,147,44.236800529649315
EAO,4,10,148,44.236800529649315
EAO,4,10,149,44.236800529649315
EAO,4,10,150,42.735648261385165
EAO,4,10,151,42.735648261385165
EAO,4,10,152,42.735648261385165
EAO,4,10,153,42.735648261385165
EAO,4,10,154,42.735648261385165
EAO,4,10,155,42.735648261385165
EAO,4,10,156,42.735648261385165
EAO,4,10,157,42.735648261385165
EAO,4,10,158,42.735648261385165
EAO,4,10,159,42.735648261385165
EAO,4,10,160,42.735648261385165
EAO,4,10,161,42.735648261385165
EAO,4,10,162,42.735648261385165
EAO,4,10,163,42.735648261385165
EAO,4,10,164,42.735648261385165
EAO,4,10,165,42.735648261385165
EAO,4,10,166,42.735648261385165
EAO,4,10,167,42.735648261385165
EAO,4,20,1,578.2806400965944
EAO,4,20,2,563.9580987641096
EAO,4,20,3,535.7701897040877
EAO,4,20,4,533.1474945297211
EAO,4,20,5,524.6213132847771
EAO,4,20,6,491.4948655134473
EAO,4,20,7,488.4275431299136
EAO,4,20,8,450.2461477761316
EAO,4,20,9,441.60279658444756
EAO,4,20,10,422.4569622025057
EAO,4,20,11,417.3847075520739
EAO,4,20,12,417.3847075520739
EAO,4,20,13,400.1769593222368
EAO,4,20,14,393.8310401639002
EAO,4,20,15,383.8616899359524
EAO,4,20,16,373.37426109971807
EAO,4,20,17,368.2270583602019
EAO,4,20,18,363.8568795794615
EAO,4,20,19,359.4514973844555
EAO,4,20,20,356.94793583639955
EAO,4,20,21,355.86738737033636
EAO,4,20,22,354.3381540011269
EAO,4,20,23,349.99429340203267
EAO,4,20,24,343.9898257369398
EAO,4,20,25,342.0022625006509
EAO,4,20,26,342.0022625006509
EAO,4,20,27,342.0022625006509
EAO,4,20,28,333.6689915169336
EAO,4,20,29,333.6689915169336
EAO,4,20,30,331.9675948777525
EAO,4,20,31,326.2771216857353
EAO,4,20,32,318.43131364247165
EAO,4,20,33,314.17100590008477
EAO,4,20,34,314.17100590008477
EAO,4,20,35,312.6563475492761
EAO,4,20,36,309.60185027963905
EAO,4,20,37,305.2914547932171
EAO,4,20,38,301.7109022094654
EAO,4,20,39,295.41890854995484
EAO,4,20,40,291.9409783655532
EAO,4,20,41,291.9409783655532
EAO,4,20,42,290.473047270478
EAO,4,20,43,290.473047270478
EAO,4,20,44,290.4672272195078
EAO,4,20,45,290.4672272195078
EAO,4,20,46,288.85089375043174
EAO,4,20,47,286.7149602368096
EAO,4,20,48,286.7149602368096
EAO,4,20,49,286.7149602368096
EAO,4,20,50,283.1019592752783
EAO,4,20,51,275.6014738218581
EAO,4,20,52,274.35762945149645
EAO,4,20,53,274.35762945149645
EAO,4,20,54,274.35762945149645
EAO,4,20,55,274.35762945149645
EAO,4,20,56,272.7079660102107
EAO,4,20,57,268.6017876422803
EAO,4,20,58,264.0809616685726
EAO,4,20,59,264.0809616685726
EAO,4,20,60,264.0809616685726
EAO,4,20,61,264.0809616685726
EAO,4,20,62,264.0809616685726
EAO,4,20,63,264.0809616685726
EAO,4,20,64,261.86498644716903
EAO,4,20,65,258.8031468166364
EAO,4,20,66,258.8031468166364
EAO,4,20,67,257.8577965701737
EAO,4,20,68,257.8577965701737
EAO,4,20,69,257.8577965701737
EAO,4,20,70,257.8577965701737
EAO,4,20,71,257.8577965701737
EAO,4,20,72,257.8577965701737
EAO,4,20,73,254.7430889552727
EAO,4,20,74,254.7430889552727
EAO,4,20,75,254.7430889552727
EAO,4,20,76,254.7430889552727
EAO,4,20,77,249.9082880377847
EAO,4,20,78,249.9082880377847
EAO,4,20,79,247.70327844888436
EAO,4,20,80,247.70327844888436
EAO,4,20,81,247.70327844888436
EAO,4,20,82,245.54914049946865
EAO,4,20,83,245.54914049946865
EAO,4,20,84,245.54914049946865
EAO,4,20,85,245.54914049946865
EAO,4,20,86,245.54914049946865
EAO,4,20,87,245.54914049946865
EAO,4,20,88,241.36405697412818
EAO,4,20,89,241.36405697412818
EAO,4,20,90,237.01830222461695
EAO,4,20,91,237.01830222461695
EAO,4,20,92,237.01830222461695
EAO,4,20,93,237.01830222461695
EAO,4,20,94,237.01830222461695
EAO,4,20,95,237.01830222461695
EAO,4,20,96,237.01830222461695
EAO,4,20,97,234.9998349138341
EAO,4,20,98,234.9998349138341
EAO,4,20,99,234.9998349138341
EAO,4,20,100,233.53103791813896
EAO,4,20,101,233.53103791813896
EAO,4,20,102,233.53103791813896
EAO,4,20,103,233.53103791813896
EAO,4,20,104,230.4133193419575
EAO,4,20,105,230.4133193419575
EAO,4,20,106,230.4133193419575
EAO,4,20,107,230.4133193419575
EAO,4,20,108,230.4133193419575
EAO,4,20,109,229.82962583111566
EAO,4,20,110,225.69275907279575
EAO,4,20,111,223.6852041887309
EAO,4,20,112,223.6852041887309
EAO,4,20,113,223.6852041887309
EAO,4,20,114,221.97008139479652
EAO,4,20,115,221.97008139479652
EAO,4,20,116,221.78559254776832
EAO,4,20,117,221.78559254776832
EAO,4,20,118,220.90063798667177
EAO,4,20,119,220.90063798667177
EAO,4,20,120,220.90063798667177
EAO,4,20,121,220.90063798667177
EAO,4,20,122,220.90063798667177
EAO,4,20,123,220.90063798667177
EAO,4,20,124,220.90063798667177
EAO,4,20,125,220.90063798667177
EAO,4,20,126,220.90063798667177
EAO,4,20,127,215.1317060524658
EAO,4,20,128,213.43615112416273
EAO,4,20,129,211.15169214007858
EAO,4,20,130,211.15169214007858
EAO,4,20,131,211.15169214007858
EAO,4,20,132,211.15169214007858
EAO,4,20,133,211.15169214007858
EAO,4,20,134,211.15169214007858
EAO,4,20,135,208.74939879032286
EAO,4,20,136,208.74939879032286
EAO,4,20,137,208.74939879032286
EAO,4,20,138,208.74939879032286
EAO,4,20,139,208.74939879032286
EAO,4,20,140,208.74939879032286
EAO,4,20,141,208.74939879032286
EAO,4,20,142,208.74939879032286
EAO,4,20,143,207.07488284966882
EAO,4,20,144,207.07488284966882
EAO,4,20,145,204.55061390386635
EAO,4,20,146,204.55061390386635
EAO,4,20,147,204.55061390386635
EAO,4,20,148,204.55061390386635
EAO,4,20,149,204.55061390386635
EAO,4,20,150,204.55061390386635
EAO,4,20,151,204.55061390386635
EAO,4,20,152,204.55061390386635
EAO,4,20,153,204.55061390386635
EAO,4,20,154,204.55061390386635
EAO,4,20,155,204.55061390386635
EAO,4,20,156,204.55061390386635
EAO,4,20,157,204.55061390386635
EAO,4,20,158,204.55061390386635
EAO,4,20,159,204.55061390386635
EAO,4,20,160,202.28187783475596
EAO,4,20,161,201.98096940784978
EAO,4,20,162,201.98096940784978
EAO,4,20,163,201.09685060837853
EAO,4,20,164,201.09685060837853
EAO,4,20,165,201.09685060837853
EAO,4,20,166,201.09685060837853
EAO,4,20,167,201.09685060837853
EAO,6,10,1,603190680.2119291
EAO,6,10,2,319658929.1563796
EAO,6,10,3,199875791.24087435
EAO,6,10,4,132202030.73717149
EAO,6,10,5,64811810.580848426
EAO,6,10,6,45456988.39098208
EAO,6,10,7,39308863.484970935
EAO,6,10,8,20291626.318848114
EAO,6,10,9,19095667.41860734
EAO,6,10,10,12227481.405617714
EAO,6,10,11,7871864.660112874
EAO,6,10,12,3857388.4089898337
EAO,6,10,13,3329142.3974830513
EAO,6,10,14,2703811.0096017383
EAO,6,10,15,2057094.666380752
EAO,6,10,16,1626626.6200628667
EAO,6,10,17,1424098.623657837
EAO,6,10,18,1159723.1606578715
EAO,6,10,19,709070.1400964716
EAO,6,10,20,401976.3922615254
EAO,6,10,21,361951.52635789255
EAO,6,10,22,311665.33385009575
EAO,6,10,23,196134.64064920516
EAO,6,10,24,159099.80560114648
EAO,6,10,25,147736.84153204536
EAO,6,10,26,115432.17372651151
EAO,6,10,27,89480.97074141109
EAO,6,10,28,85127.02825287695
EAO,6,10,29,73880.18942795393
EAO,6,10,30,58673.057493136395
EAO,6,10,31,54078.73948673306
EAO,6,10,32,47562.08990094058
EAO,6,10,33,40574.78282902733
EAO,6,10,34,33990.69073624704
EAO,6,10,35,33584.636890109774
EAO,6,10,36,30614.629205213263
EAO,6,10,37,26507.529714723572
EAO,6,10,38,25993.52565319145
EAO,6,10,39,24944.278240076106
EAO,6,10,40,21541.26210409929
EAO,6,10,41,19778.271580886445
EAO,6,10,42,16253.276057372852
EAO,6,10,43,15777.941512859095
EAO,6,10,44,14280.518197443665
EAO,6,10,45,12898.625293706886
EAO,6,10,46,12540.130982695906
EAO,6,10,47,11540.424832262694
EAO,6,10,48,11073.988148006641
EAO,6,10,49,9759.620550889562
EAO,6,10,50,9146.586447963626
EAO,6,10,51,8437.862893334495
EAO,6,10,52,7906.278935808475
EAO,6,10,53,7253.524872526259
EAO,6,10,54,7253.524872526259
EAO,6,10,55,7123.4105392862175
EAO,6,10,56,6832.545482104983
EAO,6,10,57,6432.260836998155
EAO,6,10,58,6000.081037867712
EAO,6,10,59,5988.846105556887
EAO,6,10,60,5869.702906377874
EAO,6,10,61,5594.281848094925
EAO,6,10,62,5489.777777833502
EAO,6,10,63,5489.777777833502
EAO,6,10,64,5365.260765595545
EAO,6,10,65,5285.946104327157
EAO,6,10,66,5121.508984489953
EAO,6,10,67,5093.7302093427825
EAO,6,10,68,4895.655953711212
EAO,6,10,69,4895.655953711212
EAO,6,10,70,4860.658243422735
EAO,6,10,71,4824.555546956199
EAO,6,10,72,4792.430456976101
EAO,6,10,73,4738.4706391675045
EAO,6,10,74,4709.151913004613
EAO,6,10,75,4692.280758989231
EAO,6,10,76,4680.658397794819
EAO,6,10,77,4673.081432932605
EAO,6,10,78,4655.004989227984
EAO,6,10,79,4596.996313193806
EAO,6,10,80,4578.934613526924
EAO,6,10,81,4539.591121384045
EAO,6,10,82,4492.641392893249
EAO,6,10,83,4486.857562979048
EAO,6,10,84,4460.4288833779665
EAO,6,10,85,4458.248034741876
EAO,6,10,86,4445.6264170625
EAO,6,10,87,4444.6290698503335
EAO,6,10,88,4421.83151899873
EAO,6,10,89,4421.83151899873
EAO,6,10,90,4397.60265653866
EAO,6,10,91,4397.60265653866
EAO,6,10,92,4388.784331938512
EAO,6,10,93,4376.549400244374
EAO,6,10,94,4368.845695221606
EAO,6,10,95,4362.171054165978
EAO,6,10,96,4346.759097293195
EAO,6,10,97,4339.446673110225
EAO,6,10,98,4331.195337054756
EAO,6,10,99,4330.5456901113685
EAO,6,10,100,4303.7018400469615
EAO,6,10,101,4289.231587122934
EAO,6,10,102,4280.891578696963
EAO,6,10,103,4260.455165194214
EAO,6,10,104,4250.392595152642
EAO,6,10,105,4250.392595152642
EAO,6,10,106,4236.256434529771
EAO,6,10,107,4205.895178156433
EAO,6,10,108,4187.300196404747
EAO,6,10,109,4166.172274683037
EAO,6,10,110,4147.52329910461
EAO,6,10,111,4080.1341642609455
EAO,6,10,112,4052.6116914913655
EAO,6,10,113,4004.679370823967
EAO,6,10,114,3933.0711205096127
EAO,6,10,115,3903.211462574244
EAO,6,10,116,3889.6954952223073
EAO,6,10,117,3876.7170815145296
EAO,6,10,118,3857.174209545862
EAO,6,10,119,3841.832153229201
EAO,6,10,120,3837.2491116468436
EAO,6,10,121,3805.6532136577275
EAO,6,10,122,3805.6532136577275
EAO,6,10,123,3767.8918053855746
EAO,6,10,124,3765.307344202151
EAO,6,10,125,3751.088944336002
EAO,6,10,126,3743.1593410498463
EAO,6,10,127,3733.096928154621
EAO,6,10,128,3715.985286432652
EAO,6,10,129,3700.4335977837914
EAO,6,10,130,3686.1471869064276
EAO,6,10,131,3623.8052894020248
EAO,6,10,132,3585.2030592461433
EAO,6,10,133,3513.5845343700266
EAO,6,10,134,3482.8120433724907
EAO,6,10,135,3458.576155638014
EAO,6,10,136,3370.062656377779
EAO,6,10,137,3352.784072885568
EAO,6,10,138,3317.8534157408744
EAO,6,10,139,3257.9484110407193
EAO,6,10,140,3241.4149782067066
EAO,6,10,141,3217.2232002245923
EAO,6,10,142,3110.8132285682873
EAO,6,10,143,2959.653631531135
EAO,6,10,144,2957.379293955843
EAO,6,10,145,2937.388887000037
EAO,6,10,146,2929.5663916899593
EAO,6,10,147,2901.1219104821507
EAO,6,10,148,2770.5030749028806
EAO,6,10,149,2750.4395808177774
EAO,6,10,150,2745.605980087441
EAO,6,10,151,2737.538584815892
EAO,6,10,152,2726.7924065849143
EAO,6,10,153,2718.9310206145046
EAO,6,10,154,2701.372707514899
EAO,6,10,155,2686.5424474964707
EAO,6,10,156,2659.8516250302305
EAO,6,10,157,2639.7134135945716
EAO,6,10,158,2628.2795129701576
EAO,6,10,159,2595.372743705994
EAO,6,10,160,2539.164816278681
EAO,6,10,161,2477.508128387207
EAO,6,10,162,2442.6404841813082
EAO,6,10,163,2351.5695363548475
EAO,6,10,164,2300.680406237311
EAO,6,10,165,2174.758184389148
EAO,6,10,166,2146.68770616492
EAO,6,10,167,2145.1525298338265
EAO,6,20,1,5797380645.513131
EAO,6,20,2,4952449458.959959
EAO,6,20,3,3496237479.557301
EAO,6,20,4,2916292502.8201017
EAO,6,20,5,2580953282.932357
EAO,6,20,6,1963781100.6704974
EAO,6,20,7,1477071220.5772722
EAO,6,20,8,1387254883.6519709
EAO,6,20,9,1049194560.589654
EAO,6,20,10,993509419.6159314
EAO,6,20,11,813652455.925267
EAO,6,20,12,726800222.171195
EAO,6,20,13,603849716.732365
EAO,6,20,14,471272792.3062345
EAO,6,20,15,360446073.3495962
EAO,6,20,16,321565977.6897138
EAO,6,20,17,286607829.38057446
EAO,6,20,18,248678089.9926355
EAO,6,20,19,192888382.43085462
EAO,6,20,20,152398866.49218398
EAO,6,20,21,136032214.5712701
EAO,6,20,22,112442434.26522924
EAO,6,20,23,94191131.0914819
EAO,6,20,24,76481992.81540951
EAO,6,20,25,56155062.76315732
EAO,6,20,26,42339010.577940494
EAO,6,20,27,37558513.672988415
EAO,6,20,28,30933428.498890415
EAO,6,20,29,25674944.795999296
EAO,6,20,30,18942081.382440023
EAO,6,20,31,14529709.73053116
EAO,6,20,32,11724154.622336105
EAO,6,20,33,9541394.338769
EAO,6,20,34,6988544.049053984
EAO,6,20,35,6006950.300838172
EAO,6,20,36,4884877.730411426
EAO,6,20,37,3624526.385109232
EAO,6,20,38,2817476.5375262583
EAO,6,20,39,2470365.6063685184
EAO,6,20,40,1676012.5950249129
EAO,6,20,41,1374758.304070567
EAO,6,20,42,1184058.3241480682
EAO,6,20,43,1121767.2482065875
EAO,6,20,44,884948.5015676469
EAO,6,20,45,703427.7175632312
EAO,6,20,46,514660.1227898218
EAO,6,20,47,424554.0078375208
EAO,6,20,48,293364.5299418806
EAO,6,20,49,233190.48085412342
EAO,6,20,50,205059.87060557536
EAO,6,20,51,163498.10888478562
EAO,6,20,52,135181.12107106333
EAO,6,20,53,125827.25841035295
EAO,6,20,54,106970.31409647176
EAO,6,20,55,98106.44352014178
EAO,6,20,56,90356.5823979714
EAO,6,20,57,81716.56664320746
EAO,6,20,58,74128.19103360361
EAO,6,20,59,68758.00541154004
EAO,6,20,60,66228.1352579403
EAO,6,20,61,62269.975889504785
EAO,6,20,62,59414.6382886021
EAO,6,20,63,59085.1353933786
EAO,6,20,64,56231.781768396584
EAO,6,20,65,53992.28103295437
EAO,6,20,66,53636.6096590176
EAO,6,20,67,53515.45810902673
EAO,6,20,68,52878.56313907965
EAO,6,20,69,52762.345947945025
EAO,6,20,70,52737.920445349504
EAO,6,20,71,52533.48201988609
EAO,6,20,72,52267.59674984165
EAO,6,20,73,51867.32356952451
EAO,6,20,74,51837.37977262009
EAO,6,20,75,51396.29913199852
EAO,6,20,76,51315.70613973114
EAO,6,20,77,51235.63381023129
EAO,6,20,78,51183.27257543579
EAO,6,20,79,51134.11308897976
EAO,6,20,80,51134.11308897976
EAO,6,20,81,51084.950452119585
EAO,6,20,82,51046.516985103095
EAO,6,20,83,51028.97936085947
EAO,6,20,84,51009.35569056799
EAO,6,20,85,50535.14531036101
EAO,6,20,86,50373.955206520564
EAO,6,20,87,50330.44293054802
EAO,6,20,88,50089.29826352763
EAO,6,20,89,49836.507609972046
EAO,6,20,90,49778.54395116912
EAO,6,20,91,49767.96150522776
EAO,6,20,92,49757.84736078259
EAO,6,20,93,49645.425018777736
EAO,6,20,94,49609.75812221694
EAO,6,20,95,49597.1872873577
EAO,6,20,96,49547.205106386944
EAO,6,20,97,49540.387089050724
EAO,6,20,98,49507.8343092796
EAO,6,20,99,49488.532732991865
EAO,6,20,100,49483.81271667075
EAO,6,20,101,49472.816777339984
EAO,6,20,102,49459.33790388198
EAO,6,20,103,49446.808224114015
EAO,6,20,104,49443.82281312009
EAO,6,20,105,49421.455596375934
EAO,6,20,106,49411.54532970001
EAO,6,20,107,49399.32785046552
EAO,6,20,108,49375.93070700914
EAO,6,20,109,49366.923973298726
EAO,6,20,110,49343.612544499534
EAO,6,20,111,49334.27170680191
EAO,6,20,112,49331.87132078247
EAO,6,20,113,49269.17045625592
EAO,6,20,114,49219.660514546784
EAO,6,20,115,49202.413613364144
EAO,6,20,116,49197.5367149402
EAO,6,20,117,49144.37762087614
EAO,6,20,118,49118.18922414756
EAO,6,20,119,49098.68482602861
EAO,6,20,120,49050.61724682076
EAO,6,20,121,49032.701116043776
EAO,6,20,122,48995.80010502313
EAO,6,20,123,48975.3608621632
EAO,6,20,124,48949.230120920314
EAO,6,20,125,48916.40872712481
EAO,6,20,126,48903.27137325273
EAO,6,20,127,48898.81913266725
EAO,6,20,128,48855.93078334996
EAO,6,20,129,48816.218720602745
EAO,6,20,130,48742.17192827551
EAO,6,20,131,48663.920460850815
EAO,6,20,132,48580.91852816272
EAO,6,20,133,48426.17240351581
EAO,6,20,134,48362.29012417907
EAO,6,20,135,48354.97820709865
EAO,6,20,136,48329.912850311535
EAO,6,20,137,48320.485438504475
EAO,6,20,138,48316.70458408661
EAO,6,20,139,48251.83177228665
EAO,6,20,140,48234.039392173945
EAO,6,20,141,48126.23099056304
EAO,6,20,142,48066.5594452888
EAO,6,20,143,48009.59789605975
EAO,6,20,144,47967.479448316546
EAO,6,20,145,47938.46605964792
EAO,6,20,146,47920.08945964149
EAO,6,20,147,47877.5451840541
EAO,6,20,148,47796.10691100519
EAO,6,20,149,47743.51746307849
EAO,6,20,150,47735.79323945265
EAO,6,20,151,47717.64822297396
EAO,6,20,152,47697.25851989061
EAO,6,20,153,47692.122511544585
EAO,6,20,154,47681.97160457338
EAO,6,20,155,47681.81270271995
EAO,6,20,156,47638.46990037269
EAO,6,20,157,47572.69592040851
EAO,6,20,158,47565.129755777285
EAO,6,20,159,47558.038142372345
EAO,6,20,160,47550.34239226271
EAO,6,20,161,47547.00543823915
EAO,6,20,162,47545.58337789927
EAO,6,20,163,47530.407130251704
EAO,6,20,164,47521.86371143503
EAO,6,20,165,47516.02579990492
EAO,6,20,166,47448.71620315647
EAO,6,20,167,47448.38463872522
EAO,7,10,1,1752.6951251809494
EAO,7,10,2,1319.012375083741
EAO,7,10,3,1049.338807148486
EAO,7,10,4,995.0080252264784
EAO,7,10,5,776.2171580285308
EAO,7,10,6,529.4986659340725
EAO,7,10,7,485.0717976316296
EAO,7,10,8,415.24854491479914
EAO,7,10,9,410.5802762618707
EAO,7,10,10,392.6520464976313
EAO,7,10,11,346.594033498787
EAO,7,10,12,315.42417560892454
EAO,7,10,13,296.93553087630676
EAO,7,10,14,286.90463740035125
EAO,7,10,15,268.8916927343878
EAO,7,10,16,268.8916927343878
EAO,7,10,17,265.4662863324752
EAO,7,10,18,224.41362107619534
EAO,7,10,19,214.7143329681055
EAO,7,10,20,213.49966222688363
EAO,7,10,21,204.2474657035359
EAO,7,10,22,190.3106590575171
EAO,7,10,23,180.58083149734375
EAO,7,10,24,163.58252544007837
EAO,7,10,25,160.4332502936868
EAO,7,10,26,154.23099532447532
EAO,7,10,27,147.1127736597955
EAO,7,10,28,147.1127736597955
EAO,7,10,29,146.64060540295554
EAO,7,10,30,144.43856163383657
EAO,7,10,31,137.19300659585338
EAO,7,10,32,122.4088756748506
EAO,7,10,33,114.43662888570657
EAO,7,10,34,106.25950588085107
EAO,7,10,35,104.73238850018402
EAO,7,10,36,104.73238850018402
EAO,7,10,37,102.63674944605668
EAO,7,10,38,96.39452192462409
EAO,7,10,39,92.64479216772793
EAO,7,10,40,89.8308705769416
EAO,7,10,41,76.0918495578519
EAO,7,10,42,74.22149937491304
EAO,7,10,43,70.88147769804164
EAO,7,10,44,70.88147769804164
EAO,7,10,45,69.42362552052123
EAO,7,10,46,69.42362552052123
EAO,7,10,47,66.30791852620064
EAO,7,10,48,65.29437455727384
EAO,7,10,49,64.59818190927422
EAO,7,10,50,63.87085105711776
EAO,7,10,51,63.87085105711776
EAO,7,10,52,63.87085105711776
EAO,7,10,53,63.87085105711776
EAO,7,10,54,63.35462549281283
EAO,7,10,55,62.14308212413357
EAO,7,10,56,59.458819137801584
EAO,7,10,57,57.67229978625119
EAO,7,10,58,57.67229978625119
EAO,7,10,59,57.535903997599235
EAO,7,10,60,56.94827553033247
EAO,7,10,61,56.94827553033247
EAO,7,10,62,56.017535257936515
EAO,7,10,63,54.73069389037255
EAO,7,10,64,52.52577533390877
EAO,7,10,65,51.69874558597871
EAO,7,10,66,51.203861956160836
EAO,7,10,67,51.203861956160836
EAO,7,10,68,50.9223261546681
EAO,7,10,69,49.89812028253914
EAO,7,10,70,48.74932399402701
EAO,7,10,71,46.871784889569994
EAO,7,10,72,46.871784889569994
EAO,7,10,73,46.871784889569994
EAO,7,10,74,46.340792068073256
EAO,7,10,75,46.340792068073256
EAO,7,10,76,46.340792068073256
EAO,7,10,77,46.340792068073256
EAO,7,10,78,46.340792068073256
EAO,7,10,79,45.77343025841219
EAO,7,10,80,45.42583766469579
EAO,7,10,81,44.55161529462953
EAO,7,10,82,44.55161529462953
EAO,7,10,83,44.55161529462953
EAO,7,10,84,44.55161529462953
EAO,7,10,85,44.55161529462953
EAO,7,10,86,44.182975452403525
EAO,7,10,87,44.14038535459588
EAO,7,10,88,43.71014549104132
EAO,7,10,89,43.54242370258419
EAO,7,10,90,43.235482932809305
EAO,7,10,91,43.235482932809305
EAO,7,10,92,42.61956212185862
EAO,7,10,93,42.61956212185862
EAO,7,10,94,42.61956212185862
EAO,7,10,95,41.265285085769165
EAO,7,10,96,40.7379245329638
EAO,7,10,97,40.7379245329638
EAO,7,10,98,40.7379245329638
EAO,7,10,99,40.427763453946795
EAO,7,10,100,40.427763453946795
EAO,7,10,101,40.292365495066974
EAO,7,10,102,39.757128509999234
EAO,7,10,103,39.26614992587463
EAO,7,10,104,39.26614992587463
EAO,7,10,105,39.26614992587463
EAO,7,10,106,39.26614992587463
EAO,7,10,107,39.26614992587463
EAO,7,10,108,39.26614992587463
EAO,7,10,109,39.26614992587463
EAO,7,10,110,39.26614992587463
EAO,7,10,111,39.26614992587463
EAO,7,10,112,39.26614992587463
EAO,7,10,113,38.9269777133801
EAO,7,10,114,38.9269777133801
EAO,7,10,115,38.9269777133801
EAO,7,10,116,38.9269777133801
EAO,7,10,117,38.9269777133801
EAO,7,10,118,38.9269777133801
EAO,7,10,119,38.9269777133801
EAO,7,10,120,38.9269777133801
EAO,7,10,121,38.9269777133801
EAO,7,10,122,38.9269777133801
EAO,7,10,123,38.9269777133801
EAO,7,10,124,38.9269777133801
EAO,7,10,125,38.9269777133801
EAO,7,10,126,38.89142633194933
EAO,7,10,127,38.42398356702165
EAO,7,10,128,38.42398356702165
EAO,7,10,129,38.42398356702165
EAO,7,10,130,38.42398356702165
EAO,7,10,131,38.42398356702165
EAO,7,10,132,38.17149013373921
EAO,7,10,133,38.17149013373921
EAO,7,10,134,37.942128468728015
EAO,7,10,135,37.942128468728015
EAO,7,10,136,37.942128468728015
EAO,7,10,137,37.942128468728015
EAO,7,10,138,37.942128468728015
EAO,7,10,139,37.66724936638843
EAO,7,10,140,37.66724936638843
EAO,7,10,141,37.66724936638843
EAO,7,10,142,37.66724936638843
EAO,7,10,143,37.4503641626485
EAO,7,10,144,36.75543330092546
EAO,7,10,145,36.75543330092546
EAO,7,10,146,36.75543330092546
EAO,7,10,147,36.45057182005928
EAO,7,10,148,36.45057182005928
EAO,7,10,149,36.45057182005928
EAO,7,10,150,36.45057182005928
EAO,7,10,151,35.717461751492465
EAO,7,10,152,35.717461751492465
EAO,7,10,153,35.717461751492465
EAO,7,10,154,35.717461751492465
EAO,7,10,155,35.717461751492465
EAO,7,10,156,35.717461751492465
EAO,7,10,157,35.717461751492465
EAO,7,10,158,35.717461751492465
EAO,7,10,159,35.717461751492465
EAO,7,10,160,35.717461751492465
EAO,7,10,161,35.717461751492465
EAO,7,10,162,35.717461751492465
EAO,7,10,163,35.717461751492465
EAO,7,10,164,35.717461751492465
EAO,7,10,165,35.717461751492465
EAO,7,10,166,34.991136386357766
EAO,7,10,167,34.991136386357766
EAO,7,20,1,7082.744457530804
EAO,7,20,2,5320.067863385868
EAO,7,20,3,4832.212652504582
EAO,7,20,4,4273.607818314342
EAO,7,20,5,3647.309254356377
EAO,7,20,6,3117.2176647786982
EAO,7,20,7,2969.060024539292
EAO,7,20,8,2838.863619246424
EAO,7,20,9,2426.9111912213707
EAO,7,20,10,2313.602629014795
EAO,7,20,11,2117.0598876802624
EAO,7,20,12,2024.5113807683788
EAO,7,20,13,1935.8316601087988
EAO,7,20,14,1859.13958916487
EAO,7,20,15,1644.8332204570863
EAO,7,20,16,1633.1533194563463
EAO,7,20,17,1583.8041808258479
EAO,7,20,18,1243.4127608954936
EAO,7,20,19,1176.2051136405346
EAO,7,20,20,1137.4289459436877
EAO,7,20,21,1119.9430973006274
EAO,7,20,22,1051.408012729772
EAO,7,20,23,1043.1751285030455
EAO,7,20,24,983.0134128532043
EAO,7,20,25,950.6505320697822
EAO,7,20,26,832.1658164246105
EAO,7,20,27,780.7281873933316
EAO,7,20,28,711.2468662417668
EAO,7,20,29,687.9192971171237
EAO,7,20,30,622.5259474168117
EAO,7,20,31,575.1392808625874
EAO,7,20,32,543.0926088689719
EAO,7,20,33,529.1298069783652
EAO,7,20,34,529.1298069783652
EAO,7,20,35,471.05586372764105
EAO,7,20,36,434.2204610058511
EAO,7,20,37,424.8067736086625
EAO,7,20,38,424.8067736086625
EAO,7,20,39,420.60019045848844
EAO,7,20,40,420.60019045848844
EAO,7,20,41,420.60019045848844
EAO,7,20,42,395.98144557919886
EAO,7,20,43,353.80372094838094
EAO,7,20,44,338.85488126802215
EAO,7,20,45,305.4750506938906
EAO,7,20,46,291.886694048412
EAO,7,20,47,278.10563024456064
EAO,7,20,48,273.9392556294174
EAO,7,20,49,273.9392556294174
EAO,7,20,50,267.82553783022195
EAO,7,20,51,253.4755865702889
EAO,7,20,52,224.51377984690998
EAO,7,20,53,224.51377984690998
EAO,7,20,54,222.15747517360091
EAO,7,20,55,217.69621543420976
EAO,7,20,56,214.24149725679672
EAO,7,20,57,196.14604255313202
EAO,7,20,58,189.8205719761711
EAO,7,20,59,187.17412147497566
EAO,7,20,60,181.7588528407723
EAO,7,20,61,173.4217621517996
EAO,7,20,62,173.4217621517996
EAO,7,20,63,173.4217621517996
EAO,7,20,64,173.4217621517996
EAO,7,20,65,171.55738589457974
EAO,7,20,66,154.17135446141106
EAO,7,20,67,154.17135446141106
EAO,7,20,68,143.45577843816295
EAO,7,20,69,140.30832199215047
EAO,7,20,70,135.64634367735516
EAO,7,20,71,130.9501474029296
EAO,7,20,72,125.88255018409268
EAO,7,20,73,118.8646638059995
EAO,7,20,74,118.8646638059995
EAO,7,20,75,118.8646638059995
EAO,7,20,76,116.603129481942
EAO,7,20,77,110.16878544652468
EAO,7,20,78,107.50382418143022
EAO,7,20,79,107.50382418143022
EAO,7,20,80,107.50382418143022
EAO,7,20,81,105.49196298570428
EAO,7,20,82,102.77335978342057
EAO,7,20,83,101.17213021413909
EAO,7,20,84,101.17213021413909
EAO,7,20,85,101.17213021413909
EAO,7,20,86,97.23987816242084
EAO,7,20,87,97.23987816242084
EAO,7,20,88,97.23987816242084
EAO,7,20,89,93.59184271961612
EAO,7,20,90,90.54839370130094
EAO,7,20,91,88.17654944510878
EAO,7,20,92,88.17654944510878
EAO,7,20,93,84.17751895596075
EAO,7,20,94,83.36478903866441
EAO,7,20,95,82.74230843339092
EAO,7,20,96,82.74230843339092
EAO,7,20,97,81.08902177698974
EAO,7,20,98,80.68555413550757
EAO,7,20,99,74.57219162169258
EAO,7,20,100,74.57219162169258
EAO,7,20,101,74.57219162169258
EAO,7,20,102,74.57219162169258
EAO,7,20,103,74.57219162169258
EAO,7,20,104,74.57219162169258
EAO,7,20,105,74.57219162169258
EAO,7,20,106,74.57219162169258
EAO,7,20,107,69.69704813046496
EAO,7,20,108,69.69704813046496
EAO,7,20,109,69.69704813046496
EAO,7,20,110,69.69704813046496
EAO,7,20,111,69.69704813046496
EAO,7,20,112,69.69704813046496
EAO,7,20,113,69.69704813046496
EAO,7,20,114,69.69704813046496
EAO,7,20,115,69.69704813046496
EAO,7,20,116,69.69704813046496
EAO,7,20,117,69.20130887952041
EAO,7,20,118,68.81109965554742
EAO,7,20,119,65.58432158021219
EAO,7,20,120,65.58432158021219
EAO,7,20,121,65.58432158021219
EAO,7,20,122,63.02315029616807
EAO,7,20,123,63.02315029616807
EAO,7,20,124,63.02315029616807
EAO,7,20,125,62.53591750823057
EAO,7,20,126,62.53591750823057
EAO,7,20,127,62.53591750823057
EAO,7,20,128,62.53591750823057
EAO,7,20,129,62.53591750823057
EAO,7,20,130,61.35837491146344
EAO,7,20,131,61.35837491146344
EAO,7,20,132,61.35837491146344
EAO,7,20,133,61.35837491146344
EAO,7,20,134,61.35837491146344
EAO,7,20,135,61.35837491146344
EAO,7,20,136,61.35837491146344
EAO,7,20,137,61.35837491146344
EAO,7,20,138,61.35837491146344
EAO,7,20,139,61.35837491146344
EAO,7,20,140,61.35837491146344
EAO,7,20,141,61.35837491146344
EAO,7,20,142,61.35837491146344
EAO,7,20,143,61.35837491146344
EAO,7,20,144,61.35837491146344
EAO,7,20,145,61.291759170109344
EAO,7,20,146,61.291759170109344
EAO,7,20,147,61.291759170109344
EAO,7,20,148,61.291759170109344
EAO,7,20,149,59.948065944252676
EAO,7,20,150,59.948065944252676
EAO,7,20,151,59.948065944252676
EAO,7,20,152,59.948065944252676
EAO,7,20,153,59.948065944252676
EAO,7,20,154,59.948065944252676
EAO,7,20,155,59.948065944252676
EAO,7,20,156,59.948065944252676
EAO,7,20,157,59.948065944252676
EAO,7,20,158,58.636784429114414
EAO,7,20,159,58.636784429114414
EAO,7,20,160,58.636784429114414
EAO,7,20,161,58.636784429114414
EAO,7,20,162,58.636784429114414
EAO,7,20,163,58.636784429114414
EAO,7,20,164,57.59985565065426
EAO,7,20,165,57.59985565065426
EAO,7,20,166,57.59985565065426
EAO,7,20,167,57.59985565065426
EAO,12,10,1,253.63472150913117
EAO,12,10,2,241.1153198469201
EAO,12,10,3,238.659098855278
EAO,12,10,4,218.23492243786131
EAO,12,10,5,217.71695520055687
EAO,12,10,6,214.1328177315154
EAO,12,10,7,209.69799956240422
EAO,12,10,8,205.23685513526675
EAO,12,10,9,198.10953662899033
EAO,12,10,10,198.10953662899033
EAO,12,10,11,196.52826430379878
EAO,12,10,12,194.92073209333557
EAO,12,10,13,187.9306598989042
EAO,12,10,14,186.31034260753813
EAO,12,10,15,183.29460966315628
EAO,12,10,16,182.82951000330968
EAO,12,10,17,182.1371418257354
EAO,12,10,18,178.86504199011256
EAO,12,10,19,178.48550893906076
EAO,12,10,20,178.48550893906076
EAO,12,10,21,176.89850302303648
EAO,12,10,22,175.56338363447458
EAO,12,10,23,175.319953459177
EAO,12,10,24,175.09056216530894
EAO,12,10,25,174.2327063472576
EAO,12,10,26,173.396267453855
EAO,12,10,27,172.90615338346174
EAO,12,10,28,172.48328678397343
EAO,12,10,29,171.84556730286
EAO,12,10,30,171.81625103798592
EAO,12,10,31,171.61696781131013
EAO,12,10,32,170.8661822290228
EAO,12,10,33,170.69071379275647
EAO,12,10,34,170.69071379275647
EAO,12,10,35,170.55500485586435
EAO,12,10,36,170.22360222834368
EAO,12,10,37,170.1309854901465
EAO,12,10,38,169.88278767994507
EAO,12,10,39,169.84405217599328
EAO,12,10,40,169.49312755291567
EAO,12,10,41,169.2346975702494
EAO,12,10,42,169.0746549625169
EAO,12,10,43,168.86862418133865
EAO,12,10,44,168.69420519441974
EAO,12,10,45,168.69420519441974
EAO,12,10,46,168.52726476659495
EAO,12,10,47,168.40931958239958
EAO,12,10,48,168.2957033355758
EAO,12,10,49,168.1196389382976
EAO,12,10,50,168.08509638845294
EAO,12,10,51,167.96930533359887
EAO,12,10,52,167.7199169440462
EAO,12,10,53,167.6803176088406
EAO,12,10,54,167.5558513531155
EAO,12,10,55,167.49094308564486
EAO,12,10,56,167.44929975267496
EAO,12,10,57,167.39484836363795
EAO,12,10,58,167.3601892021527
EAO,12,10,59,167.29546737358078
EAO,12,10,60,167.25526113716728
EAO,12,10,61,167.13969689486703
EAO,12,10,62,167.10574771978963
EAO,12,10,63,167.0157437945943
EAO,12,10,64,166.97210826089395
EAO,12,10,65,166.93289016807375
EAO,12,10,66,166.93289016807375
EAO,12,10,67,166.86645209993708
EAO,12,10,68,166.72331431303337
EAO,12,10,69,166.72331431303337
EAO,12,10,70,166.6893440789729
EAO,12,10,71,166.68530916605505
EAO,12,10,72,166.65118335196803
EAO,12,10,73,166.61531417063725
EAO,12,10,74,166.60460034291964
EAO,12,10,75,166.6006441340819
EAO,12,10,76,166.5923031760551
EAO,12,10,77,166.57805331856275
EAO,12,10,78,166.5568517015313
EAO,12,10,79,166.5442359499491
EAO,12,10,80,166.5442359499491
EAO,12,10,81,166.52025254834825
EAO,12,10,82,166.51635867821983
EAO,12,10,83,166.50121900372915
EAO,12,10,84,166.4914537677564
EAO,12,10,85,166.48127026855877
EAO,12,10,86,166.4806608383908
EAO,12,10,87,166.47899474085216
EAO,12,10,88,166.47399969698472
EAO,12,10,89,166.45994386280722
EAO,12,10,90,166.45802403895345
EAO,12,10,91,166.45082461549646
EAO,12,10,92,166.44878815389416
EAO,12,10,93,166.4485309958211
EAO,12,10,94,166.41795050441806
EAO,12,10,95,166.41587508779116
EAO,12,10,96,166.4113422629773
EAO,12,10,97,166.40947770202524
EAO,12,10,98,166.40699173183089
EAO,12,10,99,166.4061204119214
EAO,12,10,100,166.40300380914914
EAO,12,10,101,166.40200147955534
EAO,12,10,102,166.4004516375444
EAO,12,10,103,166.38743743713144
EAO,12,10,104,166.38573078108448
EAO,12,10,105,166.3842283275069
EAO,12,10,106,166.38395944934678
EAO,12,10,107,166.3838443637369
EAO,12,10,108,166.3834312414308
EAO,12,10,109,166.3830555903396
EAO,12,10,110,166.38276788791654
EAO,12,10,111,166.38229986617648
EAO,12,10,112,166.38209597256582
EAO,12,10,113,166.38145548964917
EAO,12,10,114,166.381382718341
EAO,12,10,115,166.38122263559353
EAO,12,10,116,166.38111592154337
EAO,12,10,117,166.38096475891552
EAO,12,10,118,166.38069769515005
EAO,12,10,119,166.3805513122602
EAO,12,10,120,166.3804431435708
EAO,12,10,121,166.38009972450573
EAO,12,10,122,166.3799541805647
EAO,12,10,123,166.37982430046486
EAO,12,10,124,166.3797103701213
EAO,12,10,125,166.37963055302794
EAO,12,10,126,166.3795540604292
EAO,12,10,127,166.37946839585493
EAO,12,10,128,166.3792873086702
EAO,12,10,129,166.3792183841765
EAO,12,10,130,166.37920766789148
EAO,12,10,131,166.37917361081213
EAO,12,10,132,166.3791644541618
EAO,12,10,133,166.3790273662994
EAO,12,10,134,166.3790036088294
EAO,12,10,135,166.3789991535116
EAO,12,10,136,166.3789867509654
EAO,12,10,137,166.3782144306972
EAO,12,10,138,166.37795325928892
EAO,12,10,139,166.37721113414864
EAO,12,10,140,166.3769346516051
EAO,12,10,141,166.37675018380105
EAO,12,10,142,166.3767421090347
EAO,12,10,143,166.37673231281155
EAO,12,10,144,166.3767261454982
EAO,12,10,145,166.37671937354253
EAO,12,10,146,166.3767104890053
EAO,12,10,147,166.37670910383372
EAO,12,10,148,166.37666575962862
EAO,12,10,149,166.3766135686501
EAO,12,10,150,166.37660087191966
EAO,12,10,151,166.37656847986773
EAO,12,10,152,166.37656311913747
EAO,12,10,153,166.37654951067998
EAO,12,10,154,166.37654294742038
EAO,12,10,155,166.3765149748083
EAO,12,10,156,166.37650838868763
EAO,12,10,157,166.37648129588683
EAO,12,10,158,166.37647184284856
EAO,12,10,159,166.37645484595623
EAO,12,10,160,166.3764416326926
EAO,12,10,161,166.37642934145265
EAO,12,10,162,166.37642474203562
EAO,12,10,163,166.37640884222037
EAO,12,10,164,166.37640003851675
EAO,12,10,165,166.37639997034557
EAO,12,10,166,166.37639781780626
EAO,12,10,167,166.3763961026516
EAO,12,20,1,926.1756609176439
EAO,12,20,2,844.1607581344751
EAO,12,20,3,830.8732151423303
EAO,12,20,4,750.998365548232
EAO,12,20,5,673.2225876596394
EAO,12,20,6,639.6124802611571
EAO,12,20,7,620.9310277563573
EAO,12,20,8,577.6403854527503
EAO,12,20,9,570.2504874625324
EAO,12,20,10,559.7107357910977
EAO,12,20,11,541.0821022472976
EAO,12,20,12,538.4936518035497
EAO,12,20,13,515.422877102525
EAO,12,20,14,479.60112595830424
EAO,12,20,15,462.9347411202489
EAO,12,20,16,461.3370929274422
EAO,12,20,17,451.10904441327784
EAO,12,20,18,434.69687924291384
EAO,12,20,19,425.4260746923999
EAO,12,20,20,412.4993795591963
EAO,12,20,21,399.7956491003529
EAO,12,20,22,397.07324904694906
EAO,12,20,23,394.45904548997305
EAO,12,20,24,383.72163458076943
EAO,12,20,25,378.4605505343461
EAO,12,20,26,372.93682301504236
EAO,12,20,27,371.77410765729246
EAO,12,20,28,362.25493300759103
EAO,12,20,29,354.7665581685794
EAO,12,20,30,351.43279481966624
EAO,12,20,31,348.10473280110295
EAO,12,20,32,346.3145618562585
EAO,12,20,33,342.82898673401564
EAO,12,20,34,340.4768034487447
EAO,12,20,35,338.8565112133299
EAO,12,20,36,332.24830695223636
EAO,12,20,37,331.1307390390584
EAO,12,20,38,325.1439922978359
EAO,12,20,39,324.4373370057349
EAO,12,20,40,312.90568610090463
EAO,12,20,41,310.31502204071535
EAO,12,20,42,309.16165658754676
EAO,12,20,43,309.16165658754676
EAO,12,20,44,309.16165658754676
EAO,12,20,45,306.87891767662586
EAO,12,20,46,305.20279580983674
EAO,12,20,47,303.76447836980856
EAO,12,20,48,302.0127774024895
EAO,12,20,49,300.7397654747299
EAO,12,20,50,300.7397654747299
EAO,12,20,51,300.19003296934216
EAO,12,20,52,297.6243756640001
EAO,12,20,53,296.54813657567456
EAO,12,20,54,294.8036043573404
EAO,12,20,55,294.41943672837056
EAO,12,20,56,294.41943672837056
EAO,12,20,57,293.3059693671137
EAO,12,20,58,292.9927247666328
EAO,12,20,59,292.9927247666328
EAO,12,20,60,292.9927247666328
EAO,12,20,61,292.9927247666328
EAO,12,20,62,289.83613518317543
EAO,12,20,63,288.9779599806752
EAO,12,20,64,288.9779599806752
EAO,12,20,65,288.893428484113
EAO,12,20,66,287.91325052265825
EAO,12,20,67,287.58432514189667
EAO,12,20,68,285.7237489610011
EAO,12,20,69,285.340999261834
EAO,12,20,70,283.74151953928845
EAO,12,20,71,283.6655037884675
EAO,12,20,72,282.9768114527117
EAO,12,20,73,281.85482900639386
EAO,12,20,74,280.3923978378016
EAO,12,20,75,280.3923978378016
EAO,12,20,76,280.3923978378016
EAO,12,20,77,280.38727557658194
EAO,12,20,78,279.9161748538488
EAO,12,20,79,279.53851308330354
EAO,12,20,80,279.42483619635595
EAO,12,20,81,279.05939838397785
EAO,12,20,82,278.849505649074
EAO,12,20,83,278.3579372478316
EAO,12,20,84,278.1955862924906
EAO,12,20,85,277.7014567403421
EAO,12,20,86,276.02722725557237
EAO,12,20,87,274.597055423822
EAO,12,20,88,274.597055423822
EAO,12,20,89,274.11026279631415
EAO,12,20,90,273.85054655118984
EAO,12,20,91,273.7340252289989
EAO,12,20,92,273.645606120763
EAO,12,20,93,273.612136829644
EAO,12,20,94,273.55785967303495
EAO,12,20,95,273.5378341713358
EAO,12,20,96,273.4837964040737
EAO,12,20,97,273.37327601480547
EAO,12,20,98,273.3396017855023
EAO,12,20,99,273.21811770456816
EAO,12,20,100,273.1444248492935
EAO,12,20,101,273.08743911286274
EAO,12,20,102,272.92772540003944
EAO,12,20,103,272.89082287988276
EAO,12,20,104,272.8782301243457
EAO,12,20,105,272.82062216041663
EAO,12,20,106,272.78249954716057
EAO,12,20,107,272.7548651967511
EAO,12,20,108,272.7483107795608
EAO,12,20,109,272.70098812082483
EAO,12,20,110,272.68506201394916
EAO,12,20,111,272.6534788815925
EAO,12,20,112,272.65218129801406
EAO,12,20,113,272.6268810533288
EAO,12,20,114,272.61789508430775
EAO,12,20,115,272.5914304845012
EAO,12,20,116,272.5781779535798
EAO,12,20,117,272.5651951561747
EAO,12,20,118,272.5407410302464
EAO,12,20,119,272.5230468575535
EAO,12,20,120,272.4975681019166
EAO,12,20,121,272.4785305173359
EAO,12,20,122,272.4509526497616
EAO,12,20,123,272.44652240392907
EAO,12,20,124,272.4293814318801
EAO,12,20,125,272.4158244147468
EAO,12,20,126,272.34395385142716
EAO,12,20,127,272.261533497576
EAO,12,20,128,272.17887159103134
EAO,12,20,129,272.1252505822881
EAO,12,20,130,272.0754908253971
EAO,12,20,131,272.0465849910852
EAO,12,20,132,272.0009580992155
EAO,12,20,133,271.98561868389856
EAO,12,20,134,271.9428665824473
EAO,12,20,135,271.91716344923816
EAO,12,20,136,271.89906035918875
EAO,12,20,137,271.88551082058825
EAO,12,20,138,271.88068240568055
EAO,12,20,139,271.8743608767352
EAO,12,20,140,271.8687915063051
EAO,12,20,141,271.8664952752133
EAO,12,20,142,271.86140921071865
EAO,12,20,143,271.8559924671697
EAO,12,20,144,271.8506514453327
EAO,12,20,145,271.8458319099368
EAO,12,20,146,271.8427236207285
EAO,12,20,147,271.8308983033171
EAO,12,20,148,271.81952147906077
EAO,12,20,149,271.78918387092676
EAO,12,20,150,271.76400097008377
EAO,12,20,151,271.73254475169324
EAO,12,20,152,271.71910200757657
EAO,12,20,153,271.6934409305193
EAO,12,20,154,271.6794817999712
EAO,12,20,155,271.6750393185282
EAO,12,20,156,271.67258600035757
EAO,12,20,157,271.6646507482433
EAO,12,20,158,271.66096765370867
EAO,12,20,159,271.65730805121507
EAO,12,20,160,271.6553762310598
EAO,12,20,161,271.6546218767339
EAO,12,20,162,271.64910075872353
EAO,12,20,163,271.64899125931925
EAO,12,20,164,271.6455271361649
EAO,12,20,165,271.64322934912207
EAO,12,20,166,271.64077530370946
EAO,12,20,167,271.63939626510364
RS-EAO,4,10,1,204.0130136634341
RS-EAO,4,10,2,178.53851290174634
RS-EAO,4,10,3,171.10438195790096
RS-EAO,4,10,4,148.71661589863078
RS-EAO,4,10,5,140.22841589334217
RS-EAO,4,10,6,136.2727554480657
RS-EAO,4,10,7,136.02177578785654
RS-EAO,4,10,8,132.2203190923853
RS-EAO,4,10,9,125.37020197142749
RS-EAO,4,10,10,117.70224734863706
RS-EAO,4,10,11,115.51006432124643
RS-EAO,4,10,12,115.51006432124643
RS-EAO,4,10,13,112.54675401655294
RS-EAO,4,10,14,106.82526366918881
RS-EAO,4,10,15,106.82526366918881
RS-EAO,4,10,16,100.76533092693359
RS-EAO,4,10,17,100.76533092693359
RS-EAO,4,10,18,100.52135096033942
RS-EAO,4,10,19,100.17333219198008
RS-EAO,4,10,20,96.11373154583885
RS-EAO,4,10,21,96.11373154583885
RS-EAO,4,10,22,90.65576358548435
RS-EAO,4,10,23,90.65576358548435
RS-EAO,4,10,24,89.4096842869647
RS-EAO,4,10,25,89.4096842869647
RS-EAO,4,10,26,87.16982077650187
RS-EAO,4,10,27,85.54754187642317
RS-EAO,4,10,28,84.54754187642317
RS-EAO,4,10,29,84.47877491847555
RS-EAO,4,10,30,84.47877491847555
RS-EAO,4,10,31,84.47877491847555
RS-EAO,4,10,32,84.22850903294022
RS-EAO,4,10,33,83.84994805853506
RS-EAO,4,10,34,83.84994805853506
RS-EAO,4,10,35,81.72326560287945
RS-EAO,4,10,36,81.72326560287945
RS-EAO,4,10,37,78.77327571356841
RS-EAO,4,10,38,77.79632087858238
RS-EAO,4,10,39,77.79632087858238
RS-EAO,4,10,40,77.79632087858238
RS-EAO,4,10,41,77.79632087858238
RS-EAO,4,10,42,77.79632087858238
RS-EAO,4,10,43,76.96585679985367
RS-EAO,4,10,44,76.96585679985367
RS-EAO,4,10,45,76.96585679985367
RS-EAO,4,10,46,76.96585679985367
RS-EAO,4,10,47,75.51744628705052
RS-EAO,4,10,48,75.51744628705052
RS-EAO,4,10,49,75.51744628705052
RS-EAO,4,10,50,75.51744628705052
RS-EAO,4,10,51,75.51744628705052
RS-EAO,4,10,52,75.51744628705052
RS-EAO,4,10,53,75.51744628705052
RS-EAO,4,10,54,71.99590166233565
RS-EAO,4,10,55,70.37295313341201
RS-EAO,4,10,56,70.37295313341201
RS-EAO,4,10,57,69.20890409873829
RS-EAO,4,10,58,67.1608218064946
RS-EAO,4,10,59,64.70402750943344
RS-EAO,4,10,60,64.70402750943344
RS-EAO,4,10,61,62.595457171555665
RS-EAO,4,10,62,62.595457171555665
RS-EAO,4,10,63,62.595457171555665
RS-EAO,4,10,64,62.595457171555665
RS-EAO,4,10,65,59.16586448062981
RS-EAO,4,10,66,59.16586448062981
RS-EAO,4,10,67,59.16586448062981
RS-EAO,4,10,68,59.16586448062981
RS-EAO,4,10,69,59.16586448062981
RS-EAO,4,10,70,59.16586448062981
RS-EAO,4,10,71,59.16586448062981
RS-EAO,4,10,72,55.69202068516432
RS-EAO,4,10,73,55.69202068516432
RS-EAO,4,10,74,55.69202068516432
RS-EAO,4,10,75,55.69202068516432
RS-EAO,4,10,76,55.69202068516432
RS-EAO,4,10,77,55.69202068516432
RS-EAO,4,10,78,54.410701949941085
RS-EAO,4,10,79,54.410701949941085
RS-EAO,4,10,80,54.410701949941085
RS-EAO,4,10,81,54.410701949941085
RS-EAO,4,10,82,53.31930254561894
RS-EAO,4,10,83,53.31930254561894
RS-EAO,4,10,84,53.31930254561894
RS-EAO,4,10,85,53.31930254561894
RS-EAO,4,10,86,53.31930254561894
RS-EAO,4,10,87,52.68071114794702
RS-EAO,4,10,88,52.68071114794702
RS-EAO,4,10,89,52.68071114794702
RS-EAO,4,10,90,52.68071114794702
RS-EAO,4,10,91,52.68071114794702
RS-EAO,4,10,92,52.68071114794702
RS-EAO,4,10,93,52.68071114794702
RS-EAO,4,10,94,52.68071114794702
RS-EAO,4,10,95,52.50212749250369
RS-EAO,4,10,96,51.17623762408249
RS-EAO,4,10,97,51.17623762408249
RS-EAO,4,10,98,51.17623762408249
RS-EAO,4,10,99,50.77144421761096
RS-EAO,4,10,100,50.77144421761096
RS-EAO,4,10,101,50.77144421761096
RS-EAO,4,10,102,50.77144421761096
RS-EAO,4,10,103,50.77144421761096
RS-EAO,4,10,104,49.37568393224785
RS-EAO,4,10,105,49.37568393224785
RS-EAO,4,10,106,49.37568393224785
RS-EAO,4,10,107,49.37568393224785
RS-EAO,4,10,108,49.37568393224785
RS-EAO,4,10,109,48.702673801545245
RS-EAO,4,10,110,48.702673801545245
RS-EAO,4,10,111,48.702673801545245
RS-EAO,4,10,112,48.702673801545245
RS-EAO,4,10,113,48.702673801545245
RS-EAO,4,10,114,48.702673801545245
RS-EAO,4,10,115,48.702673801545245
RS-EAO,4,10,116,48.702673801545245
RS-EAO,4,10,117,48.702673801545245
RS-EAO,4,10,118,48.552391824315066
RS-EAO,4,10,119,48.552391824315066
RS-EAO,4,10,120,48.552391824315066
RS-EAO,4,10,121,47.438084434776044
RS-EAO,4,10,122,47.438084434776044
RS-EAO,4,10,123,47.438084434776044
RS-EAO,4,10,124,47.438084434776044
RS-EAO,4,10,125,47.438084434776044
RS-EAO,4,10,126,46.0337645704289
RS-EAO,4,10,127,46.0337645704289
RS-EAO,4,10,128,46.0337645704289
RS-EAO,4,10,129,46.0337645704289
RS-EAO,4,10,130,46.0337645704289
RS-EAO,4,10,131,46.0337645704289
RS-EAO,4,10,132,46.0337645704289
RS-EAO,4,10,133,44.86701353954891
RS-EAO,4,10,134,44.86701353954891
RS-EAO,4,10,135,44.86701353954891
RS-EAO,4,10,136,44.86701353954891
RS-EAO,4,10,137,44.86701353954891
RS-EAO,4,10,138,44.86701353954891
RS-EAO,4,10,139,44.86701353954891
RS-EAO,4,10,140,44.86701353954891
RS-EAO,4,10,141,44.86701353954891
RS-EAO,4,10,142,44.86701353954891
RS-EAO,4,10,143,44.86701353954891
RS-EAO,4,10,144,44.86701353954891
RS-EAO,4,10,145,44.86701353954891
RS-EAO,4,10,146,44.86701353954891
RS-EAO,4,10,147,43.947363668877585
RS-EAO,4,10,148,43.947363668877585
RS-EAO,4,10,149,43.947363668877585
RS-EAO,4,10,150,43.650484901496725
RS-EAO,4,10,151,43.650484901496725
RS-EAO,4,10,152,43.650484901496725
RS-EAO,4,10,153,43.650484901496725
RS-EAO,4,10,154,43.52710343053434
RS-EAO,4,10,155,43.52710343053434
RS-EAO,4,10,156,42.5703058585338
RS-EAO,4,10,157,42.5703058585338
RS-EAO,4,10,158,42.5703058585338
RS-EAO,4,10,159,42.5703058585338
RS-EAO,4,10,160,42.5703058585338
RS-EAO,4,10,161,42.5703058585338
RS-EAO,4,10,162,42.5703058585338
RS-EAO,4,10,163,42.5703058585338
RS-EAO,4,10,164,42.5703058585338
RS-EAO,4,10,165,42.5703058585338
RS-EAO,4,10,166,41.279832371201564
RS-EAO,4,10,167,41.279832371201564
RS-EAO,4,20,1,539.4962340268162
RS-EAO,4,20,2,489.2980961196114
RS-EAO,4,20,3,432.47730064400105
RS-EAO,4,20,4,403.7371770135592
RS-EAO,4,20,5,384.7422110709781
RS-EAO,4,20,6,381.5963920788083
RS-EAO,4,20,7,380.0299968140441
RS-EAO,4,20,8,372.58144277375345
RS-EAO,4,20,9,368.73195233378397
RS-EAO,4,20,10,362.6964701557815
RS-EAO,4,20,11,361.5680033319974
RS-EAO,4,20,12,349.7281176315835
RS-EAO,4,20,13,342.3357015831782
RS-EAO,4,20,14,334.73444776205065
RS-EAO,4,20,15,334.3819586200651
RS-EAO,4,20,16,333.60657350817746
RS-EAO,4,20,17,333.60657350817746
RS-EAO,4,20,18,328.92622597487036
RS-EAO,4,20,19,328.92622597487036
RS-EAO,4,20,20,328.92622597487036
RS-EAO,4,20,21,328.92622597487036
RS-EAO,4,20,22,313.65493609858447
RS-EAO,4,20,23,305.4063724650025
RS-EAO,4,20,24,301.5427508513726
RS-EAO,4,20,25,299.456933206813
RS-EAO,4,20,26,299.456933206813
RS-EAO,4,20,27,298.9841812726488
RS-EAO,4,20,28,297.8008341345976
RS-EAO,4,20,29,293.8992339661528
RS-EAO,4,20,30,288.2073478816834
RS-EAO,4,20,31,288.2073478816834
RS-EAO,4,20,32,284.03912841121496
RS-EAO,4,20,33,284.03912841121496
RS-EAO,4,20,34,283.66727437304974
RS-EAO,4,20,35,283.66727437304974
RS-EAO,4,20,36,283.4869160969396
RS-EAO,4,20,37,283.4869160969396
RS-EAO,4,20,38,277.6037740329632
RS-EAO,4,20,39,274.16220397109294
RS-EAO,4,20,40,274.16220397109294
RS-EAO,4,20,41,274.16220397109294
RS-EAO,4,20,42,273.714091315479
RS-EAO,4,20,43,263.84914284783133
RS-EAO,4,20,44,263.84914284783133
RS-EAO,4,20,45,263.84914284783133
RS-EAO,4,20,46,263.84914284783133
RS-EAO,4,20,47,263.84914284783133
RS-EAO,4,20,48,263.84914284783133
RS-EAO,4,20,49,263.84914284783133
RS-EAO,4,20,50,263.84914284783133
RS-EAO,4,20,51,263.84914284783133
RS-EAO,4,20,52,263.84914284783133
RS-EAO,4,20,53,263.84914284783133
RS-EAO,4,20,54,263.6854726609796
RS-EAO,4,20,55,263.6854726609796
RS-EAO,4,20,56,263.6854726609796
RS-EAO,4,20,57,263.04269400632415
RS-EAO,4,20,58,263.04269400632415
RS-EAO,4,20,59,254.8325057887189
RS-EAO,4,20,60,254.20530425329332
RS-EAO,4,20,61,252.92474788139089
RS-EAO,4,20,62,252.92474788139089
RS-EAO,4,20,63,252.92474788139089
RS-EAO,4,20,64,252.92474788139089
RS-EAO,4,20,65,252.92474788139089
RS-EAO,4,20,66,252.92474788139089
RS-EAO,4,20,67,251.66775586467736
RS-EAO,4,20,68,251.16299126871968
RS-EAO,4,20,69,251.16299126871968
RS-EAO,4,20,70,250.0366982650214
RS-EAO,4,20,71,250.0366982650214
RS-EAO,4,20,72,250.0366982650214
RS-EAO,4,20,73,248.29229252893424
RS-EAO,4,20,74,246.2058318059319
RS-EAO,4,20,75,246.2058318059319
RS-EAO,4,20,76,246.2058318059319
RS-EAO,4,20,77,246.2058318059319
RS-EAO,4,20,78,246.2058318059319
RS-EAO,4,20,79,238.8294945246921
RS-EAO,4,20,80,238.8294945246921
RS-EAO,4,20,81,238.8294945246921
RS-EAO,4,20,82,238.8294945246921
RS-EAO,4,20,83,238.51817856396826
RS-EAO,4,20,84,238.51817856396826
RS-EAO,4,20,85,231.06995252182753
RS-EAO,4,20,86,231.06995252182753
RS-EAO,4,20,87,231.06995252182753
RS-EAO,4,20,88,231.06995252182753
RS-EAO,4,20,89,231.06995252182753
RS-EAO,4,20,90,231.06995252182753
RS-EAO,4,20,91,231.06995252182753
RS-EAO,4,20,92,231.06995252182753
RS-EAO,4,20,93,231.06995252182753
RS-EAO,4,20,94,231.06995252182753
RS-EAO,4,20,95,224.9179368243037
RS-EAO,4,20,96,224.9179368243037
RS-EAO,4,20,97,224.9179368243037
RS-EAO,4,20,98,224.9179368243037
RS-EAO,4,20,99,224.9179368243037
RS-EAO,4,20,100,224.9179368243037
RS-EAO,4,20,101,224.9179368243037
RS-EAO,4,20,102,224.9179368243037
RS-EAO,4,20,103,224.9179368243037
RS-EAO,4,20,104,216.89235984909777
RS-EAO,4,20,105,216.89235984909777
RS-EAO,4,20,106,216.89235984909777
RS-EAO,4,20,107,216.89235984909777
RS-EAO,4,20,108,216.40462121383524
RS-EAO,4,20,109,216.40462121383524
RS-EAO,4,20,110,216.40462121383524
RS-EAO,4,20,111,216.40462121383524
RS-EAO,4,20,112,216.40462121383524
RS-EAO,4,20,113,216.40462121383524
RS-EAO,4,20,114,216.40462121383524
RS-EAO,4,20,115,216.40462121383524
RS-EAO,4,20,116,216.40462121383524
RS-EAO,4,20,117,216.40462121383524
RS-EAO,4,20,118,216.40462121383524
RS-EAO,4,20,119,216.40462121383524
RS-EAO,4,20,120,215.2495255474829
RS-EAO,4,20,121,215.2495255474829
RS-EAO,4,20,122,215.2495255474829
RS-EAO,4,20,123,215.2495255474829
RS-EAO,4,20,124,215.2495255474829
RS-EAO,4,20,125,215.2495255474829
RS-EAO,4,20,126,215.2495255474829
RS-EAO,4,20,127,215.2495255474829
RS-EAO,4,20,128,215.2495255474829
RS-EAO,4,20,129,215.2495255474829
RS-EAO,4,20,130,215.2495255474829
RS-EAO,4,20,131,215.2495255474829
RS-EAO,4,20,132,215.2495255474829
RS-EAO,4,20,133,215.2495255474829
RS-EAO,4,20,134,215.2495255474829
RS-EAO,4,20,135,215.2495255474829
RS-EAO,4,20,136,213.2153824904513
RS-EAO,4,20,137,213.2153824904513
RS-EAO,4,20,138,213.2153824904513
RS-EAO,4,20,139,207.6081277430062
RS-EAO,4,20,140,207.6081277430062
RS-EAO,4,20,141,200.67427301027567
RS-EAO,4,20,142,200.67427301027567
RS-EAO,4,20,143,200.67427301027567
RS-EAO,4,20,144,200.67427301027567
RS-EAO,4,20,145,200.67427301027567
RS-EAO,4,20,146,200.67427301027567
RS-EAO,4,20,147,200.67427301027567
RS-EAO,4,20,148,200.67427301027567
RS-EAO,4,20,149,200.67427301027567
RS-EAO,4,20,150,200.67427301027567
RS-EAO,4,20,151,200.67427301027567
RS-EAO,4,20,152,200.67427301027567
RS-EAO,4,20,153,200.67427301027567
RS-EAO,4,20,154,200.67427301027567
RS-EAO,4,20,155,200.67427301027567
RS-EAO,4,20,156,200.67427301027567
RS-EAO,4,20,157,199.05147814793747
RS-EAO,4,20,158,199.05147814793747
RS-EAO,4,20,159,199.05147814793747
RS-EAO,4,20,160,198.5921019948562
RS-EAO,4,20,161,198.5921019948562
RS-EAO,4,20,162,198.5921019948562
RS-EAO,4,20,163,198.5921019948562
RS-EAO,4,20,164,197.98830309009935
RS-EAO,4,20,165,197.71548516953027
RS-EAO,4,20,166,197.71548516953027
RS-EAO,4,20,167,197.71548516953027
RS-EAO,6,10,1,410376338.6852231
RS-EAO,6,10,2,135572295.8139271
RS-EAO,6,10,3,29598301.51510962
RS-EAO,6,10,4,13883861.857397567
RS-EAO,6,10,5,7185400.370987865
RS-EAO,6,10,6,3806476.007475303
RS-EAO,6,10,7,2477218.361292226
RS-EAO,6,10,8,1739197.4193673532
RS-EAO,6,10,9,1083601.0429150113
RS-EAO,6,10,10,704078.5711177823
RS-EAO,6,10,11,509444.32629731984
RS-EAO,6,10,12,466430.60959756724
RS-EAO,6,10,13,301154.78765393037
RS-EAO,6,10,14,222629.33376309788
RS-EAO,6,10,15,181542.31334935903
RS-EAO,6,10,16,150472.13476957323
RS-EAO,6,10,17,100631.00792849305
RS-EAO,6,10,18,98186.91366360002
RS-EAO,6,10,19,80179.42031875979
RS-EAO,6,10,20,73357.27364775997
RS-EAO,6,10,21,62274.08603073625
RS-EAO,6,10,22,51649.94275373539
RS-EAO,6,10,23,47865.745221705496
RS-EAO,6,10,24,43408.747177186015
RS-EAO,6,10,25,41124.4512610003
RS-EAO,6,10,26,36392.78087866028
RS-EAO,6,10,27,29263.605044378528
RS-EAO,6,10,28,24876.496678952084
RS-EAO,6,10,29,24308.077569050824
RS-EAO,6,10,30,22510.837106604402
RS-EAO,6,10,31,18582.627840743575
RS-EAO,6,10,32,17861.3221483931
RS-EAO,6,10,33,17861.3221483931
RS-EAO,6,10,34,17504.49928358113
RS-EAO,6,10,35,15112.02652275437
RS-EAO,6,10,36,13338.48477492374
RS-EAO,6,10,37,12147.865926643704
RS-EAO,6,10,38,11509.666237760612
RS-EAO,6,10,39,10249.114112334044
RS-EAO,6,10,40,9899.193733887123
RS-EAO,6,10,41,9509.928026518424
RS-EAO,6,10,42,8917.525365853156
RS-EAO,6,10,43,8717.483520576328
RS-EAO,6,10,44,8056.0111360309475
RS-EAO,6,10,45,7443.045093524033
RS-EAO,6,10,46,7334.44270807578
RS-EAO,6,10,47,7079.990655145149
RS-EAO,6,10,48,6377.121290285171
RS-EAO,6,10,49,6300.515851294744
RS-EAO,6,10,50,6208.413060153915
RS-EAO,6,10,51,6042.234650994793
RS-EAO,6,10,52,5760.291912808343
RS-EAO,6,10,53,5717.948064257811
RS-EAO,6,10,54,5434.309039876381
RS-EAO,6,10,55,5164.063929641553
RS-EAO,6,10,56,4875.236545506055
RS-EAO,6,10,57,4840.887408014942
RS-EAO,6,10,58,4629.941299297618
RS-EAO,6,10,59,4342.146090902699
RS-EAO,6,10,60,4265.930201531997
RS-EAO,6,10,61,4150.585020747203
RS-EAO,6,10,62,3743.591093538167
RS-EAO,6,10,63,3490.7443101685285
RS-EAO,6,10,64,3405.6136406328774
RS-EAO,6,10,65,3383.899805012679
RS-EAO,6,10,66,3244.6537282860477
RS-EAO,6,10,67,3181.2727127801036
RS-EAO,6,10,68,3181.2727127801036
RS-EAO,6,10,69,3117.3051869160645
RS-EAO,6,10,70,3086.0859364823104
RS-EAO,6,10,71,3058.1681764023824
RS-EAO,6,10,72,3047.913981173846
RS-EAO,6,10,73,3022.064229467317
RS-EAO,6,10,74,3008.4335570174144
RS-EAO,6,10,75,2986.095280385945
RS-EAO,6,10,76,2967.218601741961
RS-EAO,6,10,77,2937.191088180311
RS-EAO,6,10,78,2922.539548449725
RS-EAO,6,10,79,2894.8135830721685
RS-EAO,6,10,80,2886.036781324213
RS-EAO,6,10,81,2858.838474501656
RS-EAO,6,10,82,2841.087844230783
RS-EAO,6,10,83,2835.1002317961884
RS-EAO,6,10,84,2820.2048849259127
RS-EAO,6,10,85,2795.985566171501
RS-EAO,6,10,86,2789.340541293729
RS-EAO,6,10,87,2629.42949066648
RS-EAO,6,10,88,2574.308309648089
RS-EAO,6,10,89,2407.4481058941124
RS-EAO,6,10,90,2327.4948720140674
RS-EAO,6,10,91,2305.3387260879526
RS-EAO,6,10,92,2243.9995822231767
RS-EAO,6,10,93,2192.5583341660304
RS-EAO,6,10,94,2174.0628782328786
RS-EAO,6,10,95,2159.6608625901736
RS-EAO,6,10,96,2118.611319073716
RS-EAO,6,10,97,2103.4089662058523
RS-EAO,6,10,98,2052.2597388094578
RS-EAO,6,10,99,2052.0303365180507
RS-EAO,6,10,100,2040.7032770071974
RS-EAO,6,10,101,2023.1443951849833
RS-EAO,6,10,102,2000.6020200584317
RS-EAO,6,10,103,1997.0394402956335
RS-EAO,6,10,104,1981.9074290923013
RS-EAO,6,10,105,1963.648470713805
RS-EAO,6,10,106,1955.085209653238
RS-EAO,6,10,107,1937.7135123823741
RS-EAO,6,10,108,1930.6351972466946
RS-EAO,6,10,109,1903.5600400572994
RS-EAO,6,10,110,1869.4183921183248
RS-EAO,6,10,111,1825.4281275654207
RS-EAO,6,10,112,1757.8803869775281
RS-EAO,6,10,113,1752.0537498627582
RS-EAO,6,10,114,1737.6008816441624
RS-EAO,6,10,115,1725.3487598267204
RS-EAO,6,10,116,1724.1774594165463
RS-EAO,6,10,117,1720.786062012068
RS-EAO,6,10,118,1716.0362582619434
RS-EAO,6,10,119,1714.3577835154501
RS-EAO,6,10,120,1710.8025890065073
RS-EAO,6,10,121,1707.5386849925758
RS-EAO,6,10,122,1707.5386849925758
RS-EAO,6,10,123,1706.0874727303058
RS-EAO,6,10,124,1702.1234103529594
RS-EAO,6,10,125,1699.4199878472216
RS-EAO,6,10,126,1687.7587241046642
RS-EAO,6,10,127,1678.0775559308074
RS-EAO,6,10,128,1674.1242531550172
RS-EAO,6,10,129,1654.5447329669287
RS-EAO,6,10,130,1484.4965973226956
RS-EAO,6,10,131,1482.7621210283728
RS-EAO,6,10,132,1477.4403565594405
RS-EAO,6,10,133,1473.2372855192257
RS-EAO,6,10,134,1469.2499943223766
RS-EAO,6,10,135,1467.7456943278405
RS-EAO,6,10,136,1463.1690856099997
RS-EAO,6,10,137,1455.9728660018222
RS-EAO,6,10,138,1428.7734144877734
RS-EAO,6,10,139,1371.8772172465635
RS-EAO,6,10,140,1304.7118432323764
RS-EAO,6,10,141,1281.546923888751
RS-EAO,6,10,142,1239.1935228167044
RS-EAO,6,10,143,1183.5676780261383
RS-EAO,6,10,144,1160.9433965917688
RS-EAO,6,10,145,1131.2468924221344
RS-EAO,6,10,146,1084.7361871456922
RS-EAO,6,10,147,1041.6388305678554
RS-EAO,6,10,148,1017.1421418820321
RS-EAO,6,10,149,1007.1689049170586
RS-EAO,6,10,150,1003.6291612041343
RS-EAO,6,10,151,991.3293733760474
RS-EAO,6,10,152,985.8967603770141
RS-EAO,6,10,153,982.8615986784093
RS-EAO,6,10,154,966.7081927438232
RS-EAO,6,10,155,955.4637387913335
RS-EAO,6,10,156,935.5678464039306
RS-EAO,6,10,157,928.7938013106659
RS-EAO,6,10,158,902.5517128110569
RS-EAO,6,10,159,798.8408138204916
RS-EAO,6,10,160,785.2152631077774
RS-EAO,6,10,161,782.8139139859356
RS-EAO,6,10,162,745.7376930351495
RS-EAO,6,10,163,691.0119249902837
RS-EAO,6,10,164,637.9351440671546
RS-EAO,6,10,165,630.3700605824231
RS-EAO,6,10,166,611.7096462052164
RS-EAO,6,10,167,608.561467246743
RS-EAO,6,20,1,6001423008.191954
RS-EAO,6,20,2,2702940959.000935
RS-EAO,6,20,3,1122710684.6216645
RS-EAO,6,20,4,625794883.3155036
RS-EAO,6,20,5,298481066.02983713
RS-EAO,6,20,6,185934117.8603347
RS-EAO,6,20,7,120594937.137409
RS-EAO,6,20,8,71906848.40441324
RS-EAO,6,20,9,41134033.41525112
RS-EAO,6,20,10,33652785.02475391
RS-EAO,6,20,11,20206746.801959805
RS-EAO,6,20,12,16310352.590303592
RS-EAO,6,20,13,9809634.284992535
RS-EAO,6,20,14,8772469.85206459
RS-EAO,6,20,15,6518701.573476197
RS-EAO,6,20,16,5166719.367476022
RS-EAO,6,20,17,3960841.680136479
RS-EAO,6,20,18,2676265.106841217
RS-EAO,6,20,19,1487113.8305243985
RS-EAO,6,20,20,1372551.027897811
RS-EAO,6,20,21,1152685.8970689205
RS-EAO,6,20,22,856943.6117924969
RS-EAO,6,20,23,831948.5298221601
RS-EAO,6,20,24,774774.0637803847
RS-EAO,6,20,25,498637.5288315435
RS-EAO,6,20,26,396101.80245242995
RS-EAO,6,20,27,355644.50133510254
RS-EAO,6,20,28,312265.06950579013
RS-EAO,6,20,29,254822.36715649546
RS-EAO,6,20,30,202651.16720752907
RS-EAO,6,20,31,199363.70597278659
RS-EAO,6,20,32,190035.5791411083
RS-EAO,6,20,33,175749.45962713083
RS-EAO,6,20,34,172159.4899995054
RS-EAO,6,20,35,161121.97103053099
RS-EAO,6,20,36,143928.65353902074
RS-EAO,6,20,37,132039.48179350112
RS-EAO,6,20,38,120893.8840569978
RS-EAO,6,20,39,120881.72678083493
RS-EAO,6,20,40,114931.79128244953
RS-EAO,6,20,41,112856.17906423035
RS-EAO,6,20,42,107850.50008979879
RS-EAO,6,20,43,105219.92087786616
RS-EAO,6,20,44,100352.03422022739
RS-EAO,6,20,45,91849.23631522356
RS-EAO,6,20,46,91849.23631522356
RS-EAO,6,20,47,86769.52907302031
RS-EAO,6,20,48,84429.0211867083
RS-EAO,6,20,49,82773.79296387066
RS-EAO,6,20,50,82773.79296387066
RS-EAO,6,20,51,78354.3178570353
RS-EAO,6,20,52,78354.3178570353
RS-EAO,6,20,53,75138.48555129027
RS-EAO,6,20,54,74975.69875210177
RS-EAO,6,20,55,74176.8088259065
RS-EAO,6,20,56,73646.66906118022
RS-EAO,6,20,57,73428.78558571983
RS-EAO,6,20,58,72101.97814695127
RS-EAO,6,20,59,71685.98225685011
RS-EAO,6,20,60,71153.26324578491
RS-EAO,6,20,61,69832.02843901805
RS-EAO,6,20,62,69209.39707379168
RS-EAO,6,20,63,69033.53638879865
RS-EAO,6,20,64,68873.8006066113
RS-EAO,6,20,65,68799.44867040197
RS-EAO,6,20,66,68221.93779926072
RS-EAO,6,20,67,67750.29380519435
RS-EAO,6,20,68,67551.36928942718
RS-EAO,6,20,69,66492.71484815431
RS-EAO,6,20,70,66341.97748934402
RS-EAO,6,20,71,66252.49873979966
RS-EAO,6,20,72,66185.1535409613
RS-EAO,6,20,73,66163.44232322338
RS-EAO,6,20,74,66079.96915267713
RS-EAO,6,20,75,66050.34930263797
RS-EAO,6,20,76,65990.7130533857
RS-EAO,6,20,77,65883.23027885536
RS-EAO,6,20,78,65664.42571156844
RS-EAO,6,20,79,65418.87321198055
RS-EAO,6,20,80,65313.97443632485
RS-EAO,6,20,81,65191.129081383115
RS-EAO,6,20,82,65107.68636672302
RS-EAO,6,20,83,65034.75230255367
RS-EAO,6,20,84,65009.85067483315
RS-EAO,6,20,85,64963.86769450047
RS-EAO,6,20,86,64938.62003319109
RS-EAO,6,20,87,64758.94190250246
RS-EAO,6,20,88,64739.49931354235
RS-EAO,6,20,89,64631.71021171329
RS-EAO,6,20,90,64576.192532057044
RS-EAO,6,20,91,64513.07342999215
RS-EAO,6,20,92,64445.17790417856
RS-EAO,6,20,93,64353.37418604403
RS-EAO,6,20,94,64145.81634585312
RS-EAO,6,20,95,64093.90361497071
RS-EAO,6,20,96,63947.86349645029
RS-EAO,6,20,97,63718.506788529565
RS-EAO,6,20,98,63596.91440498601
RS-EAO,6,20,99,63539.10818499512
RS-EAO,6,20,100,63406.21882342819
RS-EAO,6,20,101,63314.44942547144
RS-EAO,6,20,102,63276.54032884264
RS-EAO,6,20,103,63231.79593325696
RS-EAO,6,20,104,63212.10292206206
RS-EAO,6,20,105,63194.50332189834
RS-EAO,6,20,106,63184.25171416503
RS-EAO,6,20,107,63167.48444290196
RS-EAO,6,20,108,63127.74279410631
RS-EAO,6,20,109,63120.5763041464
RS-EAO,6,20,110,63107.39812551055
RS-EAO,6,20,111,63089.2639433679
RS-EAO,6,20,112,63021.192002082156
RS-EAO,6,20,113,62970.44831752895
RS-EAO,6,20,114,62929.10985052062
RS-EAO,6,20,115,62842.615731910635
RS-EAO,6,20,116,62710.27897789266
RS-EAO,6,20,117,62593.81711085471
RS-EAO,6,20,118,62483.51171002494
RS-EAO,6,20,119,62257.0321031919
RS-EAO,6,20,120,62181.05143766572
RS-EAO,6,20,121,62168.473887105036
RS-EAO,6,20,122,62140.720129765745
RS-EAO,6,20,123,62049.969991818616
RS-EAO,6,20,124,61949.56891020399
RS-EAO,6,20,125,61905.318747054574
RS-EAO,6,20,126,61872.88022773627
RS-EAO,6,20,127,61732.05435317773
RS-EAO,6,20,128,61634.134127596175
RS-EAO,6,20,129,61632.83289252207
RS-EAO,6,20,130,61599.718033386096
RS-EAO,6,20,131,61453.34553807135
RS-EAO,6,20,132,61330.41025229951
RS-EAO,6,20,133,61209.54437673488
RS-EAO,6,20,134,61118.480865051046
RS-EAO,6,20,135,61029.150895719526
RS-EAO,6,20,136,60995.60672182792
RS-EAO,6,20,137,60854.416287568754
RS-EAO,6,20,138,60789.196566143284
RS-EAO,6,20,139,60726.70412119375
RS-EAO,6,20,140,60614.51618611202
RS-EAO,6,20,141,60559.90485950184
RS-EAO,6,20,142,60454.79434730332
RS-EAO,6,20,143,60400.38438010817
RS-EAO,6,20,144,60333.36397943666
RS-EAO,6,20,145,60239.1549055184
RS-EAO,6,20,146,60188.80841252862
RS-EAO,6,20,147,60127.91729345816
RS-EAO,6,20,148,59987.466970256064
RS-EAO,6,20,149,59647.01915892416
RS-EAO,6,20,150,59447.25257767296
RS-EAO,6,20,151,59087.20603521001
RS-EAO,6,20,152,58753.0842317381
RS-EAO,6,20,153,58476.345785850084
RS-EAO,6,20,154,58261.86018481027
RS-EAO,6,20,155,58190.98972900759
RS-EAO,6,20,156,58177.71559513619
RS-EAO,6,20,157,58143.188079400265
RS-EAO,6,20,158,58058.074656190045
RS-EAO,6,20,159,57903.625032308795
RS-EAO,6,20,160,57899.79966697275
RS-EAO,6,20,161,57897.17614298365
RS-EAO,6,20,162,57894.85499996715
RS-EAO,6,20,163,57890.21006100156
RS-EAO,6,20,164,57886.03905140497
RS-EAO,6,20,165,57879.41182838858
RS-EAO,6,20,166,57867.33238403413
RS-EAO,6,20,167,57861.78558624272
RS-EAO,7,10,1,2117.3022194438804
RS-EAO,7,10,2,842.6653116606108
RS-EAO,7,10,3,756.9721738161752
RS-EAO,7,10,4,558.9118918561821
RS-EAO,7,10,5,524.8634570772017
RS-EAO,7,10,6,363.4045780308081
RS-EAO,7,10,7,308.00667811033054
RS-EAO,7,10,8,300.6836423649372
RS-EAO,7,10,9,264.30983673427477
RS-EAO,7,10,10,257.5287708832857
RS-EAO,7,10,11,221.46651639376614
RS-EAO,7,10,12,201.18583508029747
RS-EAO,7,10,13,192.0883859189646
RS-EAO,7,10,14,183.904217282942
RS-EAO,7,10,15,167.06076579031242
RS-EAO,7,10,16,167.06076579031242
RS-EAO,7,10,17,151.44500855231968
RS-EAO,7,10,18,133.39837737311882
RS-EAO,7,10,19,133.39837737311882
RS-EAO,7,10,20,116.19662096785555
RS-EAO,7,10,21,103.72872518816303
RS-EAO,7,10,22,103.72872518816303
RS-EAO,7,10,23,100.31803148511563
RS-EAO,7,10,24,100.31803148511563
RS-EAO,7,10,25,99.74601939105946
RS-EAO,7,10,26,99.74601939105946
RS-EAO,7,10,27,99.74601939105946
RS-EAO,7,10,28,97.31996759107778
RS-EAO,7,10,29,93.83415818727872
RS-EAO,7,10,30,88.82824344212213
RS-EAO,7,10,31,82.67986606719887
RS-EAO,7,10,32,79.56616125246865
RS-EAO,7,10,33,73.52847153892753
RS-EAO,7,10,34,69.27188159633897
RS-EAO,7,10,35,69.27188159633897
RS-EAO,7,10,36,66.58212194625366
RS-EAO,7,10,37,65.99825886676058
RS-EAO,7,10,38,65.99825886676058
RS-EAO,7,10,39,65.99825886676058
RS-EAO,7,10,40,62.18277934082016
RS-EAO,7,10,41,62.18277934082016
RS-EAO,7,10,42,61.156705713430256
RS-EAO,7,10,43,61.156705713430256
RS-EAO,7,10,44,60.459927668560795
RS-EAO,7,10,45,59.855388069647915
RS-EAO,7,10,46,59.855388069647915
RS-EAO,7,10,47,55.854809487392004
RS-EAO,7,10,48,55.854809487392004
RS-EAO,7,10,49,50.588654771953316
RS-EAO,7,10,50,49.86750040702259
RS-EAO,7,10,51,49.86750040702259
RS-EAO,7,10,52,49.86750040702259
RS-EAO,7,10,53,49.669077085980234
RS-EAO,7,10,54,49.669077085980234
RS-EAO,7,10,55,49.669077085980234
RS-EAO,7,10,56,48.88968268702001
RS-EAO,7,10,57,46.36808588054282
RS-EAO,7,10,58,46.075759220155646
RS-EAO,7,10,59,45.20917881159801
RS-EAO,7,10,60,44.373627366258916
RS-EAO,7,10,61,44.373627366258916
RS-EAO,7,10,62,44.06839415845468
RS-EAO,7,10,63,44.06839415845468
RS-EAO,7,10,64,43.61540739179668
RS-EAO,7,10,65,43.61540739179668
RS-EAO,7,10,66,43.61540739179668
RS-EAO,7,10,67,43.61540739179668
RS-EAO,7,10,68,43.495865370456386
RS-EAO,7,10,69,43.495865370456386
RS-EAO,7,10,70,43.495865370456386
RS-EAO,7,10,71,43.495865370456386
RS-EAO,7,10,72,43.495865370456386
RS-EAO,7,10,73,43.495865370456386
RS-EAO,7,10,74,43.495865370456386
RS-EAO,7,10,75,43.495865370456386
RS-EAO,7,10,76,43.495865370456386
RS-EAO,7,10,77,43.495865370456386
RS-EAO,7,10,78,43.495865370456386
RS-EAO,7,10,79,43.495865370456386
RS-EAO,7,10,80,43.495865370456386
RS-EAO,7,10,81,43.495865370456386
RS-EAO,7,10,82,43.495865370456386
RS-EAO,7,10,83,43.495865370456386
RS-EAO,7,10,84,41.205079471877525
RS-EAO,7,10,85,41.205079471877525
RS-EAO,7,10,86,41.205079471877525
RS-EAO,7,10,87,38.674468509514554
RS-EAO,7,10,88,38.674468509514554
RS-EAO,7,10,89,38.674468509514554
RS-EAO,7,10,90,38.674468509514554
RS-EAO,7,10,91,38.240226296626474
RS-EAO,7,10,92,38.240226296626474
RS-EAO,7,10,93,38.240226296626474
RS-EAO,7,10,94,38.240226296626474
RS-EAO,7,10,95,38.240226296626474
RS-EAO,7,10,96,38.240226296626474
RS-EAO,7,10,97,38.240226296626474
RS-EAO,7,10,98,38.240226296626474
RS-EAO,7,10,99,37.97139504535426
RS-EAO,7,10,100,37.97139504535426
RS-EAO,7,10,101,37.97139504535426
RS-EAO,7,10,102,37.97139504535426
RS-EAO,7,10,103,37.97139504535426
RS-EAO,7,10,104,37.97139504535426
RS-EAO,7,10,105,37.97139504535426
RS-EAO,7,10,106,37.97139504535426
RS-EAO,7,10,107,37.73511760488009
RS-EAO,7,10,108,37.73511760488009
RS-EAO,7,10,109,37.73511760488009
RS-EAO,7,10,110,37.73511760488009
RS-EAO,7,10,111,37.73511760488009
RS-EAO,7,10,112,37.73511760488009
RS-EAO,7,10,113,37.73511760488009
RS-EAO,7,10,114,37.47150656089957
RS-EAO,7,10,115,37.47150656089957
RS-EAO,7,10,116,37.47150656089957
RS-EAO,7,10,117,37.47150656089957
RS-EAO,7,10,118,37.47150656089957
RS-EAO,7,10,119,37.47150656089957
RS-EAO,7,10,120,37.11324401119032
RS-EAO,7,10,121,37.11324401119032
RS-EAO,7,10,122,37.11324401119032
RS-EAO,7,10,123,37.11324401119032
RS-EAO,7,10,124,37.11324401119032
RS-EAO,7,10,125,37.11324401119032
RS-EAO,7,10,126,37.11324401119032
RS-EAO,7,10,127,37.11324401119032
RS-EAO,7,10,128,37.11324401119032
RS-EAO,7,10,129,37.11324401119032
RS-EAO,7,10,130,37.11324401119032
RS-EAO,7,10,131,37.11324401119032
RS-EAO,7,10,132,37.11324401119032
RS-EAO,7,10,133,37.11324401119032
RS-EAO,7,10,134,37.11324401119032
RS-EAO,7,10,135,37.11324401119032
RS-EAO,7,10,136,37.11324401119032
RS-EAO,7,10,137,37.11324401119032
RS-EAO,7,10,138,37.11324401119032
RS-EAO,7,10,139,36.488674276066035
RS-EAO,7,10,140,36.488674276066035
RS-EAO,7,10,141,36.488674276066035
RS-EAO,7,10,142,36.488674276066035
RS-EAO,7,10,143,36.488674276066035
RS-EAO,7,10,144,36.488674276066035
RS-EAO,7,10,145,36.488674276066035
RS-EAO,7,10,146,36.488674276066035
RS-EAO,7,10,147,36.488674276066035
RS-EAO,7,10,148,36.488674276066035
RS-EAO,7,10,149,36.488674276066035
RS-EAO,7,10,150,36.488674276066035
RS-EAO,7,10,151,35.5865670012779
RS-EAO,7,10,152,35.5865670012779
RS-EAO,7,10,153,35.5865670012779
RS-EAO,7,10,154,35.5865670012779
RS-EAO,7,10,155,35.5865670012779
RS-EAO,7,10,156,35.5865670012779
RS-EAO,7,10,157,35.5865670012779
RS-EAO,7,10,158,35.42934051521536
RS-EAO,7,10,159,35.42934051521536
RS-EAO,7,10,160,35.42934051521536
RS-EAO,7,10,161,35.42934051521536
RS-EAO,7,10,162,35.31332120441073
RS-EAO,7,10,163,35.099714473670815
RS-EAO,7,10,164,35.099714473670815
RS-EAO,7,10,165,35.099714473670815
RS-EAO,7,10,166,35.099714473670815
RS-EAO,7,10,167,35.099714473670815
RS-EAO,7,20,1,6334.021964709291
RS-EAO,7,20,2,4295.890395533093
RS-EAO,7,20,3,3085.3554991682263
RS-EAO,7,20,4,2123.207622570548
RS-EAO,7,20,5,1842.5686543771699
RS-EAO,7,20,6,1322.68144858706
RS-EAO,7,20,7,1291.7197168937864
RS-EAO,7,20,8,1162.3874697947613
RS-EAO,7,20,9,1025.1814219325322
RS-EAO,7,20,10,944.1533012455914
RS-EAO,7,20,11,891.9264864686679
RS-EAO,7,20,12,836.2709943000605
RS-EAO,7,20,13,753.7611179530829
RS-EAO,7,20,14,701.1320459554131
RS-EAO,7,20,15,687.6205199312421
RS-EAO,7,20,16,627.2715597372451
RS-EAO,7,20,17,587.1822345521011
RS-EAO,7,20,18,582.9448143897025
RS-EAO,7,20,19,543.5362496342066
RS-EAO,7,20,20,541.9664333491767
RS-EAO,7,20,21,520.2827216516182
RS-EAO,7,20,22,489.0670550130178
RS-EAO,7,20,23,447.1688168370431
RS-EAO,7,20,24,412.1148289998889
RS-EAO,7,20,25,395.95127659238165
RS-EAO,7,20,26,375.23630424715225
RS-EAO,7,20,27,362.15148355222004
RS-EAO,7,20,28,343.5245073692147
RS-EAO,7,20,29,340.55374911447257
RS-EAO,7,20,30,329.9794947134553
RS-EAO,7,20,31,329.9794947134553
RS-EAO,7,20,32,304.0785401289111
RS-EAO,7,20,33,268.17741803548415
RS-EAO,7,20,34,263.56401922883697
RS-EAO,7,20,35,255.67184258926136
RS-EAO,7,20,36,248.92578797444048
RS-EAO,7,20,37,240.721446393444
RS-EAO,7,20,38,236.74224599501076
RS-EAO,7,20,39,203.785424053508
RS-EAO,7,20,40,189.90518201677833
RS-EAO,7,20,41,182.6350947641372
RS-EAO,7,20,42,177.41953374856348
RS-EAO,7,20,43,168.38927392178243
RS-EAO,7,20,44,155.2927441887582
RS-EAO,7,20,45,151.34218777876617
RS-EAO,7,20,46,148.23247376834865
RS-EAO,7,20,47,140.21525813679796
RS-EAO,7,20,48,130.89276847725705
RS-EAO,7,20,49,123.17356151872309
RS-EAO,7,20,50,122.47956127467319
RS-EAO,7,20,51,114.86983328871929
RS-EAO,7,20,52,114.86983328871929
RS-EAO,7,20,53,114.86983328871929
RS-EAO,7,20,54,114.86983328871929
RS-EAO,7,20,55,114.73955988011767
RS-EAO,7,20,56,114.73955988011767
RS-EAO,7,20,57,112.08930966661069
RS-EAO,7,20,58,112.08930966661069
RS-EAO,7,20,59,111.57644425480271
RS-EAO,7,20,60,104.61581330056265
RS-EAO,7,20,61,104.61581330056265
RS-EAO,7,20,62,100.86995943439047
RS-EAO,7,20,63,100.86995943439047
RS-EAO,7,20,64,100.86995943439047
RS-EAO,7,20,65,97.112845943195
RS-EAO,7,20,66,97.112845943195
RS-EAO,7,20,67,92.5216667755069
RS-EAO,7,20,68,92.5216667755069
RS-EAO,7,20,69,90.22405803599827
RS-EAO,7,20,70,90.22405803599827
RS-EAO,7,20,71,90.22405803599827
RS-EAO,7,20,72,90.22405803599827
RS-EAO,7,20,73,90.22405803599827
RS-EAO,7,20,74,87.1044479305574
RS-EAO,7,20,75,87.1044479305574
RS-EAO,7,20,76,85.1170905492238
RS-EAO,7,20,77,81.56394819877823
RS-EAO,7,20,78,79.10930944506026
RS-EAO,7,20,79,79.10930944506026
RS-EAO,7,20,80,79.10930944506026
RS-EAO,7,20,81,79.10930944506026
RS-EAO,7,20,82,77.59282822346836
RS-EAO,7,20,83,77.59282822346836
RS-EAO,7,20,84,77.59282822346836
RS-EAO,7,20,85,77.59282822346836
RS-EAO,7,20,86,76.20852052300643
RS-EAO,7,20,87,76.20852052300643
RS-EAO,7,20,88,74.90216053579161
RS-EAO,7,20,89,74.90216053579161
RS-EAO,7,20,90,73.86731460241208
RS-EAO,7,20,91,73.86731460241208
RS-EAO,7,20,92,73.86731460241208
RS-EAO,7,20,93,73.86731460241208
RS-EAO,7,20,94,73.86731460241208
RS-EAO,7,20,95,73.86731460241208
RS-EAO,7,20,96,73.86731460241208
RS-EAO,7,20,97,73.86731460241208
RS-EAO,7,20,98,73.86731460241208
RS-EAO,7,20,99,73.86731460241208
RS-EAO,7,20,100,73.86731460241208
RS-EAO,7,20,101,73.86731460241208
RS-EAO,7,20,102,73.23033506129627
RS-EAO,7,20,103,73.23033506129627
RS-EAO,7,20,104,73.23033506129627
RS-EAO,7,20,105,73.23033506129627
RS-EAO,7,20,106,73.23033506129627
RS-EAO,7,20,107,73.23033506129627
RS-EAO,7,20,108,71.47237246452028
RS-EAO,7,20,109,70.2472348478102
RS-EAO,7,20,110,70.2472348478102
RS-EAO,7,20,111,70.2472348478102
RS-EAO,7,20,112,69.60189392292182
RS-EAO,7,20,113,69.60189392292182
RS-EAO,7,20,114,69.60189392292182
RS-EAO,7,20,115,67.89773611975897
RS-EAO,7,20,116,67.89773611975897
RS-EAO,7,20,117,67.89773611975897
RS-EAO,7,20,118,67.89773611975897
RS-EAO,7,20,119,66.5686917920284
RS-EAO,7,20,120,66.5686917920284
RS-EAO,7,20,121,66.5686917920284
RS-EAO,7,20,122,66.34657631008258
RS-EAO,7,20,123,66.34657631008258
RS-EAO,7,20,124,66.34657631008258
RS-EAO,7,20,125,66.34657631008258
RS-EAO,7,20,126,66.34657631008258
RS-EAO,7,20,127,66.34657631008258
RS-EAO,7,20,128,66.2969839858722
RS-EAO,7,20,129,66.2969839858722
RS-EAO,7,20,130,65.89366351543936
RS-EAO,7,20,131,65.89366351543936
RS-EAO,7,20,132,65.89366351543936
RS-EAO,7,20,133,65.89366351543936
RS-EAO,7,20,134,65.89366351543936
RS-EAO,7,20,135,65.76917285070681
RS-EAO,7,20,136,65.27958802257058
RS-EAO,7,20,137,65.14390058837353
RS-EAO,7,20,138,65.14390058837353
RS-EAO,7,20,139,65.14390058837353
RS-EAO,7,20,140,65.14390058837353
RS-EAO,7,20,141,65.14390058837353
RS-EAO,7,20,142,65.14390058837353
RS-EAO,7,20,143,64.39286724992598
RS-EAO,7,20,144,64.39286724992598
RS-EAO,7,20,145,64.39286724992598
RS-EAO,7,20,146,64.39286724992598
RS-EAO,7,20,147,64.39286724992598
RS-EAO,7,20,148,62.30633710033612
RS-EAO,7,20,149,62.30633710033612
RS-EAO,7,20,150,62.30633710033612
RS-EAO,7,20,151,62.30633710033612
RS-EAO,7,20,152,62.30633710033612
RS-EAO,7,20,153,62.30633710033612
RS-EAO,7,20,154,62.30633710033612
RS-EAO,7,20,155,62.30633710033612
RS-EAO,7,20,156,62.30633710033612
RS-EAO,7,20,157,62.30633710033612
RS-EAO,7,20,158,62.30633710033612
RS-EAO,7,20,159,62.30633710033612
RS-EAO,7,20,160,62.30633710033612
RS-EAO,7,20,161,62.30633710033612
RS-EAO,7,20,162,62.30633710033612
RS-EAO,7,20,163,62.30633710033612
RS-EAO,7,20,164,61.079298850284886
RS-EAO,7,20,165,61.079298850284886
RS-EAO,7,20,166,61.079298850284886
RS-EAO,7,20,167,61.079298850284886
RS-EAO,12,10,1,231.28092339888917
RS-EAO,12,10,2,197.72346957167497
RS-EAO,12,10,3,189.00430324548165
RS-EAO,12,10,4,183.48619820266072
RS-EAO,12,10,5,181.17017933382135
RS-EAO,12,10,6,179.07424036120142
RS-EAO,12,10,7,177.2383988178915
RS-EAO,12,10,8,175.74873241429555
RS-EAO,12,10,9,175.50521651765462
RS-EAO,12,10,10,175.22110827404845
RS-EAO,12,10,11,174.84935980346836
RS-EAO,12,10,12,174.40887431953274
RS-EAO,12,10,13,174.1041959117531
RS-EAO,12,10,14,173.3920565077292
RS-EAO,12,10,15,172.91038261540052
RS-EAO,12,10,16,172.72702288215532
RS-EAO,12,10,17,172.4207212196011
RS-EAO,12,10,18,171.9763125161137
RS-EAO,12,10,19,171.85888048984657
RS-EAO,12,10,20,171.85888048984657
RS-EAO,12,10,21,171.75070806623762
RS-EAO,12,10,22,171.64839456781215
RS-EAO,12,10,23,171.52131417596115
RS-EAO,12,10,24,171.40017953499023
RS-EAO,12,10,25,171.29247484033885
RS-EAO,12,10,26,171.29247484033885
RS-EAO,12,10,27,171.10196371044844
RS-EAO,12,10,28,171.07494304390593
RS-EAO,12,10,29,170.9818921781157
RS-EAO,12,10,30,170.94145147944823
RS-EAO,12,10,31,170.92961427232376
RS-EAO,12,10,32,170.84914906736253
RS-EAO,12,10,33,170.77220015277612
RS-EAO,12,10,34,170.76529590268024
RS-EAO,12,10,35,170.72422840021795
RS-EAO,12,10,36,170.7130558192871
RS-EAO,12,10,37,170.65973006951504
RS-EAO,12,10,38,170.59325205682103
RS-EAO,12,10,39,170.589662199646
RS-EAO,12,10,40,170.45538866021093
RS-EAO,12,10,41,170.45538866021093
RS-EAO,12,10,42,170.406117406794
RS-EAO,12,10,43,170.406117406794
RS-EAO,12,10,44,170.20414445608276
RS-EAO,12,10,45,170.1877471407695
RS-EAO,12,10,46,170.15532698022503
RS-EAO,12,10,47,170.1547999882614
RS-EAO,12,10,48,170.15472880504012
RS-EAO,12,10,49,170.1010819202845
RS-EAO,12,10,50,170.08485176917088
RS-EAO,12,10,51,170.0791201275356
RS-EAO,12,10,52,169.92980493256914
RS-EAO,12,10,53,169.72119857902544
RS-EAO,12,10,54,169.62742324404485
RS-EAO,12,10,55,169.5187749180982
RS-EAO,12,10,56,169.3692480440152
RS-EAO,12,10,57,169.24683018389965
RS-EAO,12,10,58,169.24683018389965
RS-EAO,12,10,59,169.1743659004319
RS-EAO,12,10,60,169.14193512982774
RS-EAO,12,10,61,169.04890419737808
RS-EAO,12,10,62,168.85140794283598
RS-EAO,12,10,63,168.66587588373477
RS-EAO,12,10,64,168.52869415087594
RS-EAO,12,10,65,168.51133234954227
RS-EAO,12,10,66,168.44069233993105
RS-EAO,12,10,67,168.381061938328
RS-EAO,12,10,68,168.36634157193294
RS-EAO,12,10,69,168.3272323173967
RS-EAO,12,10,70,168.28002289146139
RS-EAO,12,10,71,168.208262141261
RS-EAO,12,10,72,168.08699583949328
RS-EAO,12,10,73,167.98312096537643
RS-EAO,12,10,74,167.98037966931997
RS-EAO,12,10,75,167.8049240004275
RS-EAO,12,10,76,167.79468082580797
RS-EAO,12,10,77,167.78744094871445
RS-EAO,12,10,78,167.70645716940726
RS-EAO,12,10,79,167.69216836515534
RS-EAO,12,10,80,167.68072962275528
RS-EAO,12,10,81,167.6340085859922
RS-EAO,12,10,82,167.63311993068896
RS-EAO,12,10,83,167.60695805072305
RS-EAO,12,10,84,167.5754845251622
RS-EAO,12,10,85,167.55672605539326
RS-EAO,12,10,86,167.4858100979843
RS-EAO,12,10,87,167.48518398788974
RS-EAO,12,10,88,167.4847481552663
RS-EAO,12,10,89,167.48436361051745
RS-EAO,12,10,90,167.48359051846546
RS-EAO,12,10,91,167.48354924220212
RS-EAO,12,10,92,167.48324715574245
RS-EAO,12,10,93,167.48301015335028
RS-EAO,12,10,94,167.4828488542305
RS-EAO,12,10,95,167.48276802910618
RS-EAO,12,10,96,167.48276650558955
RS-EAO,12,10,97,167.4826362074382
RS-EAO,12,10,98,167.48222717074964
RS-EAO,12,10,99,167.48222295739038
RS-EAO,12,10,100,167.48220609699297
RS-EAO,12,10,101,167.48194820651838
RS-EAO,12,10,102,167.4813848626468
RS-EAO,12,10,103,167.47867422728223
RS-EAO,12,10,104,167.4764368841138
RS-EAO,12,10,105,167.47492202904573
RS-EAO,12,10,106,167.47379826992824
RS-EAO,12,10,107,167.4719987401786
RS-EAO,12,10,108,167.47018020063547
RS-EAO,12,10,109,167.46984023473487
RS-EAO,12,10,110,167.46925387040415
RS-EAO,12,10,111,167.46903962066358
RS-EAO,12,10,112,167.46832526945468
RS-EAO,12,10,113,167.46764193152444
RS-EAO,12,10,114,167.46712648122025
RS-EAO,12,10,115,167.46661525386003
RS-EAO,12,10,116,167.4659270212926
RS-EAO,12,10,117,167.46545366620285
RS-EAO,12,10,118,167.46545351650684
RS-EAO,12,10,119,167.46534469116204
RS-EAO,12,10,120,167.4647175763448
RS-EAO,12,10,121,167.4642648208437
RS-EAO,12,10,122,167.46419864924746
RS-EAO,12,10,123,167.46393717714795
RS-EAO,12,10,124,167.463644295118
RS-EAO,12,10,125,167.4635845886512
RS-EAO,12,10,126,167.46349377665183
RS-EAO,12,10,127,167.4634638672503
RS-EAO,12,10,128,167.4634535599373
RS-EAO,12,10,129,167.46344244939064
RS-EAO,12,10,130,167.4634412411026
RS-EAO,12,10,131,167.4634393730255
RS-EAO,12,10,132,167.46343746746606
RS-EAO,12,10,133,167.46343652061523
RS-EAO,12,10,134,167.46343582610393
RS-EAO,12,10,135,167.46343529056753
RS-EAO,12,10,136,167.4634342631348
RS-EAO,12,10,137,167.463432531521
RS-EAO,12,10,138,167.46343087549963
RS-EAO,12,10,139,167.46343053078294
RS-EAO,12,10,140,167.46343034678353
RS-EAO,12,10,141,167.46343022643146
RS-EAO,12,10,142,167.46343022627389
RS-EAO,12,10,143,167.46343022598103
RS-EAO,12,10,144,167.46343022105953
RS-EAO,12,10,145,167.4634301844169
RS-EAO,12,10,146,167.46343018315952
RS-EAO,12,10,147,167.46343015279263
RS-EAO,12,10,148,167.46343007447695
RS-EAO,12,10,149,167.46342989173218
RS-EAO,12,10,150,167.46342966405996
RS-EAO,12,10,151,167.46342966405746
RS-EAO,12,10,152,167.46342959650633
RS-EAO,12,10,153,167.4634294635648
RS-EAO,12,10,154,167.46342943305604
RS-EAO,12,10,155,167.463429305398
RS-EAO,12,10,156,167.46342923942552
RS-EAO,12,10,157,167.46342922849612
RS-EAO,12,10,158,167.46342920614188
RS-EAO,12,10,159,167.46342917833158
RS-EAO,12,10,160,167.46342916068102
RS-EAO,12,10,161,167.46342916068102
RS-EAO,12,10,162,167.46342914984007
RS-EAO,12,10,163,167.46342914756156
RS-EAO,12,10,164,167.46342914185766
RS-EAO,12,10,165,167.46342913761578
RS-EAO,12,10,166,167.46342912305477
RS-EAO,12,10,167,167.46342907717553
RS-EAO,12,20,1,715.1925835258746
RS-EAO,12,20,2,574.655271925729
RS-EAO,12,20,3,484.79740547432107
RS-EAO,12,20,4,429.9703167292332
RS-EAO,12,20,5,424.8026269548941
RS-EAO,12,20,6,404.49195040949735
RS-EAO,12,20,7,395.83792657510094
RS-EAO,12,20,8,390.9041594875648
RS-EAO,12,20,9,383.0228694475352
RS-EAO,12,20,10,382.3844077474157
RS-EAO,12,20,11,381.468821915885
RS-EAO,12,20,12,369.38844861049165
RS-EAO,12,20,13,362.38855177757523
RS-EAO,12,20,14,354.5543767432737
RS-EAO,12,20,15,351.9783262119229
RS-EAO,12,20,16,351.76984760320556
RS-EAO,12,20,17,351.6900488294907
RS-EAO,12,20,18,350.9432978096813
RS-EAO,12,20,19,348.4742738315597
RS-EAO,12,20,20,345.33215931431164
RS-EAO,12,20,21,342.7494056107721
RS-EAO,12,20,22,332.9281323715561
RS-EAO,12,20,23,332.3472164884115
RS-EAO,12,20,24,330.9332588495706
RS-EAO,12,20,25,329.7264485752339
RS-EAO,12,20,26,326.91723898959503
RS-EAO,12,20,27,326.59001237339066
RS-EAO,12,20,28,325.0619787556709
RS-EAO,12,20,29,324.8258236529507
RS-EAO,12,20,30,322.44685185450294
RS-EAO,12,20,31,320.93571386726535
RS-EAO,12,20,32,320.01823625673296
RS-EAO,12,20,33,320.01823625673296
RS-EAO,12,20,34,320.01823625673296
RS-EAO,12,20,35,318.0272318747991
RS-EAO,12,20,36,317.6793688891032
RS-EAO,12,20,37,317.07834295127213
RS-EAO,12,20,38,316.8229789629488
RS-EAO,12,20,39,316.0255720393684
RS-EAO,12,20,40,315.3086122847619
RS-EAO,12,20,41,314.6393150920901
RS-EAO,12,20,42,314.6020199661077
RS-EAO,12,20,43,314.3298750680765
RS-EAO,12,20,44,313.48629436693705
RS-EAO,12,20,45,313.26877882999906
RS-EAO,12,20,46,312.6114104580238
RS-EAO,12,20,47,312.4399455621849
RS-EAO,12,20,48,312.42082037550176
RS-EAO,12,20,49,312.29018060651083
RS-EAO,12,20,50,312.2678943756632
RS-EAO,12,20,51,312.0757089241324
RS-EAO,12,20,52,311.99850822084454
RS-EAO,12,20,53,311.92617371118195
RS-EAO,12,20,54,311.7621976713949
RS-EAO,12,20,55,311.7578830432317
RS-EAO,12,20,56,311.71842100417234
RS-EAO,12,20,57,311.5396379963868
RS-EAO,12,20,58,311.49727672881045
RS-EAO,12,20,59,311.4715671634772
RS-EAO,12,20,60,311.4453485042741
RS-EAO,12,20,61,311.4350561091885
RS-EAO,12,20,62,311.4107971932149
RS-EAO,12,20,63,309.40667901757865
RS-EAO,12,20,64,309.40667901757865
RS-EAO,12,20,65,308.7858163636563
RS-EAO,12,20,66,308.766853703225
RS-EAO,12,20,67,308.75666222446375
RS-EAO,12,20,68,308.6973905476507
RS-EAO,12,20,69,308.6973905476507
RS-EAO,12,20,70,307.3982647474038
RS-EAO,12,20,71,307.12621326427825
RS-EAO,12,20,72,306.86782241777496
RS-EAO,12,20,73,306.74179139693774
RS-EAO,12,20,74,306.3618938382838
RS-EAO,12,20,75,306.14078645445124
RS-EAO,12,20,76,305.93796349732384
RS-EAO,12,20,77,305.84351790234996
RS-EAO,12,20,78,305.6706371391126
RS-EAO,12,20,79,305.16219309261305
RS-EAO,12,20,80,305.1225116480507
RS-EAO,12,20,81,304.9636621549728
RS-EAO,12,20,82,304.6671102079033
RS-EAO,12,20,83,304.59878188504626
RS-EAO,12,20,84,304.5552393987573
RS-EAO,12,20,85,304.533940614044
RS-EAO,12,20,86,304.49041820505863
RS-EAO,12,20,87,304.43531348156307
RS-EAO,12,20,88,304.3787622977645
RS-EAO,12,20,89,304.3497177759384
RS-EAO,12,20,90,304.29936460894623
RS-EAO,12,20,91,304.27060076025214
RS-EAO,12,20,92,304.2266905019417
RS-EAO,12,20,93,304.21819724566103
RS-EAO,12,20,94,304.1909026753433
RS-EAO,12,20,95,304.16169517484764
RS-EAO,12,20,96,304.1164574304946
RS-EAO,12,20,97,304.0929342630575
RS-EAO,12,20,98,304.09102912585513
RS-EAO,12,20,99,304.0896150731555
RS-EAO,12,20,100,304.0878309760353
RS-EAO,12,20,101,304.0864138820573
RS-EAO,12,20,102,304.0851830712245
RS-EAO,12,20,103,304.0846899115136
RS-EAO,12,20,104,304.08331187336967
RS-EAO,12,20,105,304.08282291261185
RS-EAO,12,20,106,303.43640239361
RS-EAO,12,20,107,303.41138159011984
RS-EAO,12,20,108,303.37895611814065
RS-EAO,12,20,109,303.35251441606965
RS-EAO,12,20,110,303.34824541049466
RS-EAO,12,20,111,303.3452292344962
RS-EAO,12,20,112,303.31295972857424
RS-EAO,12,20,113,303.2918845703505
RS-EAO,12,20,114,303.17749996410066
RS-EAO,12,20,115,303.0922040369012
RS-EAO,12,20,116,303.0417400039678
RS-EAO,12,20,117,303.0086478321375
RS-EAO,12,20,118,303.0021081417658
RS-EAO,12,20,119,302.9730076481028
RS-EAO,12,20,120,302.9367569761189
RS-EAO,12,20,121,302.88502030441487
RS-EAO,12,20,122,302.8283021094651
RS-EAO,12,20,123,302.815161619101
RS-EAO,12,20,124,302.80746896160485
RS-EAO,12,20,125,302.8006338542118
RS-EAO,12,20,126,302.78188957080806
RS-EAO,12,20,127,302.77841337412997
RS-EAO,12,20,128,302.7717585114742
RS-EAO,12,20,129,302.7595581835194
RS-EAO,12,20,130,302.7461898671054
RS-EAO,12,20,131,302.7343782624
RS-EAO,12,20,132,302.70294788816545
RS-EAO,12,20,133,302.68596722504026
RS-EAO,12,20,134,302.6837575047359
RS-EAO,12,20,135,302.6743835374957
RS-EAO,12,20,136,302.65602737218705
RS-EAO,12,20,137,302.57459438539604
RS-EAO,12,20,138,302.5462907137587
RS-EAO,12,20,139,302.51239886593726
RS-EAO,12,20,140,302.4593451836938
RS-EAO,12,20,141,302.4369915542554
RS-EAO,12,20,142,302.42232823324184
RS-EAO,12,20,143,302.41911798944807
RS-EAO,12,20,144,302.4127473099941
RS-EAO,12,20,145,302.4062482321076
RS-EAO,12,20,146,302.40322880619806
RS-EAO,12,20,147,302.39715928914666
RS-EAO,12,20,148,302.24605152772824
RS-EAO,12,20,149,302.2287859881151
RS-EAO,12,20,150,302.2184616519387
RS-EAO,12,20,151,301.97895864244015
RS-EAO,12,20,152,301.8788734130276
RS-EAO,12,20,153,301.8379757137636
RS-EAO,12,20,154,301.8153940342952
RS-EAO,12,20,155,301.80289511889464
RS-EAO,12,20,156,301.78558669965605
RS-EAO,12,20,157,301.75284695547725
RS-EAO,12,20,158,301.6937632806412
RS-EAO,12,20,159,301.6729082276904
RS-EAO,12,20,160,301.6293617224246
RS-EAO,12,20,161,301.6251663791479
RS-EAO,12,20,162,301.6211936033103
RS-EAO,12,20,163,301.6135153499424
RS-EAO,12,20,164,301.60759440488096
RS-EAO,12,20,165,301.5929600461782
RS-EAO,12,20,166,301.580249591319
RS-EAO,12,20,167,301.5785763095764
