alg,fid,dim,seed,f,err,nfe
EAO,4,10,2026,861.0326729041651,61.03267290416511,15030
EAO,4,10,2027,835.759353040465,35.759353040465044,15030
EAO,4,10,2028,842.4867297321122,42.48672973211217,15030
EAO,4,10,2029,845.706621587408,45.706621587407994,15030
EAO,4,10,2030,828.3428064933405,28.342806493340504,15030
EAO,4,10,2031,859.0820125603019,59.082012560301905,15030
EAO,4,10,2032,836.0281899338239,36.02818993382391,15030
EAO,4,10,2033,849.2384697717725,49.23846977177254,15030
EAO,4,10,2034,842.9845667906582,42.984566790658164,15030
EAO,4,10,2035,821.9221840297104,21.922184029710365,15030
EAO,4,10,2036,842.1471581215487,42.14715812154873,15030
EAO,4,10,2037,817.6323217773185,17.632321777318452,15030
EAO,4,10,2038,852.8639127633244,52.86391276332438,15030
EAO,4,10,2039,858.030488408875,58.030488408875044,15030
EAO,4,10,2040,840.2552704013474,40.25527040134739,15030
EAO,4,10,2041,857.2578238289946,57.25782382899456,15030
EAO,4,10,2042,832.0,32.0,15030
EAO,4,10,2043,834.9883660010121,34.98836600101208,15030
EAO,4,10,2044,845.4890342686405,45.48903426864047,15030
EAO,4,10,2045,836.6786359399939,36.67863593999391,15030
EAO,4,10,2046,833.2759540863881,33.27595408638808,15030
EAO,4,10,2047,876.3999418866462,76.39994188664616,15030
EAO,4,10,2048,860.4193955146967,60.4193955146967,15030
EAO,4,10,2049,856.7500474986089,56.750047498608865,15030
EAO,4,10,2050,861.457996758905,61.45799675890498,15030
EAO,4,10,2051,840.0318125952481,40.031812595248084,15030
EAO,4,10,2052,838.8082086841657,38.80820868416572,15030
EAO,4,10,2053,828.2491885647515,28.249188564751535,15030
EAO,4,10,2054,863.4197845680361,63.41978456803611,15030
EAO,4,10,2055,853.2528863150822,53.25288631508215,15030
EAO,6,10,2026,7520.185490077474,5720.185490077474,15030
EAO,6,10,2027,5514.660552026673,3714.660552026673,15030
EAO,6,10,2028,2140.044950345043,340.04495034504316,15030
EAO,6,10,2029,4910.024402797923,3110.0244027979234,15030
EAO,6,10,2030,2661.1221228655654,861.1221228655654,15030
EAO,6,10,2031,2022.103950426774,222.10395042677396,15030
EAO,6,10,2032,7667.297245416047,5867.297245416047,15030
EAO,6,10,2033,5624.703704683594,3824.703704683594,15030
EAO,6,10,2034,3390.9484648503085,1590.9484648503085,15030
EAO,6,10,2035,4721.166474515636,2921.166474515636,15030
EAO,6,10,2036,2612.9201930253193,812.9201930253193,15030
EAO,6,10,2037,3723.938067191094,1923.938067191094,15030
EAO,6,10,2038,7467.403890980039,5667.403890980039,15030
EAO,6,10,2039,4034.3793071379228,2234.3793071379228,15030
EAO,6,10,2040,3850.895161685137,2050.895161685137,15030
EAO,6,10,2041,3855.9257525297303,2055.9257525297303,15030
EAO,6,10,2042,4225.652888527703,2425.652888527703,15030
EAO,6,10,2043,8660.961139568537,6860.961139568537,15030
EAO,6,10,2044,5635.387421501761,3835.3874215017613,15030
EAO,6,10,2045,4404.5846167593645,2604.5846167593645,15030
EAO,6,10,2046,5022.111734538151,3222.111734538151,15030
EAO,6,10,2047,2096.7164717027736,296.71647170277356,15030
EAO,6,10,2048,3746.945085326337,1946.945085326337,15030
EAO,6,10,2049,3668.1221157252608,1868.1221157252608,15030
EAO,6,10,2050,3192.4020536551034,1392.4020536551034,15030
EAO,6,10,2051,18051.110860101508,16251.110860101508,15030
EAO,6,10,2052,5277.516836851191,3477.5168368511913,15030
EAO,6,10,2053,2631.2110896582635,831.2110896582635,15030
EAO,6,10,2054,1907.4980214861846,107.4980214861846,15030
EAO,6,10,2055,2826.9385203108277,1026.9385203108277,15030
EAO,7,10,2026,2036.509297541287,36.50929754128697,15030
EAO,7,10,2027,2033.819791145245,33.81979114524506,15030
EAO,7,10,2028,2031.7398858592176,31.739885859217566,15030
EAO,7,10,2029,2032.9063170873587,32.90631708735873,15030
EAO,7,10,2030,2025.8451065264553,25.84510652645531,15030
EAO,7,10,2031,2037.1190205030193,37.11902050301933,15030
EAO,7,10,2032,2046.5765404775407,46.576540477540675,15030
EAO,7,10,2033,2041.8437511629622,41.843751162962235,15030
EAO,7,10,2034,2033.470591653725,33.47059165372502,15030
EAO,7,10,2035,2040.0338893856156,40.033889385615566,15030
EAO,7,10,2036,2032.8662118452849,32.86621184528485,15030
EAO,7,10,2037,2032.9820247299435,32.98202472994353,15030
EAO,7,10,2038,2031.2406403657772,31.240640365777153,15030
EAO,7,10,2039,2036.3918460988316,36.39184609883159,15030
EAO,7,10,2040,2033.6140251639574,33.61402516395742,15030
EAO,7,10,2041,2037.833732515952,37.83373251595208,15030
EAO,7,10,2042,2029.9050886363125,29.905088636312485,15030
EAO,7,10,2043,2039.246419445017,39.246419445016954,15030
EAO,7,10,2044,2022.1490916529744,22.149091652974448,15030
EAO,7,10,2045,2035.0430774041533,35.04307740415334,15030
EAO,7,10,2046,2038.6075359817432,38.60753598174324,15030
EAO,7,10,2047,2038.05433242996,38.05433242995991,15030
EAO,7,10,2048,2030.8661906763891,30.866190676389124,15030
EAO,7,10,2049,2038.4498727298533,38.44987272985327,15030
EAO,7,10,2050,2041.6477061339754,41.64770613397536,15030
EAO,7,10,2051,2042.9266325749416,42.92663257494155,15030
EAO,7,10,2052,2030.4012422495175,30.40124224951751,15030
EAO,7,10,2053,2027.844251298572,27.84425129857209,15030
EAO,7,10,2054,2038.7544474556014,38.754447455601394,15030
EAO,7,10,2055,2034.9391953685622,34.939195368562196,15030
EAO,12,10,2026,2866.4504690827034,166.45046908270342,15030
EAO,12,10,2027,2864.9002351941303,164.90023519413035,15030
EAO,12,10,2028,2866.376074313234,166.37607431323386,15030
EAO,12,10,2029,2864.8978939883505,164.89789398835046,15030
EAO,12,10,2030,2866.220211103231,166.22021110323112,15030
EAO,12,10,2031,2868.5870503211363,168.5870503211363,15030
EAO,12,10,2032,2865.935807670246,165.93580767024605,15030
EAO,12,10,2033,2867.480557014261,167.4805570142612,15030
EAO,12,10,2034,2866.3747571138156,166.37475711381558,15030
EAO,12,10,2035,2864.9040671952166,164.9040671952166,15030
EAO,12,10,2036,2863.774397051844,163.77439705184406,15030
EAO,12,10,2037,2863.7696245887864,163.76962458878643,15030
EAO,12,10,2038,2866.991194459005,166.99119445900487,15030
EAO,12,10,2039,2866.763463394103,166.76346339410293,15030
EAO,12,10,2040,2866.3767178920693,166.37671789206934,15030
EAO,12,10,2041,2864.5652284210632,164.56522842106324,15030
EAO,12,10,2042,2866.3851304459745,166.38513044597448,15030
EAO,12,10,2043,2864.543329439155,164.54332943915506,15030
EAO,12,10,2044,2867.4478273392456,167.44782733924558,15030
EAO,12,10,2045,2866.7985841810855,166.79858418108552,15030
EAO,12,10,2046,2865.425111330288,165.42511133028802,15030
EAO,12,10,2047,2866.554210797849,166.554210797849,15030
EAO,12,10,2048,2873.0841255146916,173.08412551469155,15030
EAO,12,10,2049,2864.5006575566417,164.50065755664173,15030
EAO,12,10,2050,2865.9343827500948,165.93438275009476,15030
EAO,12,10,2051,2866.4519704598524,166.45197045985242,15030
EAO,12,10,2052,2866.4476751726065,166.44767517260652,15030
EAO,12,10,2053,2864.5629179092343,164.56291790923433,15030
EAO,12,10,2054,2866.453282989173,166.4532829891732,15030
EAO,12,10,2055,2867.48002412816,167.48002412816004,15030
RS-EAO,4,10,2026,861.8545472269274,61.854547226927366,15030
RS-EAO,4,10,2027,834.5488245986699,34.54882459866985,15030
RS-EAO,4,10,2028,842.409897284034,42.409897284033946,15030
RS-EAO,4,10,2029,852.8953583832789,52.895358383278904,15030
RS-EAO,4,10,2030,845.4557929213047,45.45579292130469,15030
RS-EAO,4,10,2031,834.0474188569834,34.04741885698343,15030
RS-EAO,4,10,2032,832.3209609997193,32.32096099971932,15030
RS-EAO,4,10,2033,833.847354719137,33.847354719137,15030
RS-EAO,4,10,2034,841.2873157119626,41.287315711962606,15030
RS-EAO,4,10,2035,832.0,32.0,15030
RS-EAO,4,10,2036,840.3344395824099,40.334439582409914,15030
RS-EAO,4,10,2037,851.5176099691648,51.51760996916482,15030
RS-EAO,4,10,2038,842.4693232465988,42.46932324659883,15030
RS-EAO,4,10,2039,837.5270009908919,37.527000990891906,15030
RS-EAO,4,10,2040,843.6777837012255,43.67778370122551,15030
RS-EAO,4,10,2041,840.7410729578129,40.74107295781289,15030
RS-EAO,4,10,2042,848.4053788645814,48.405378864581394,15030
RS-EAO,4,10,2043,843.4246817147887,43.424681714788676,15030
RS-EAO,4,10,2044,846.9955971681936,46.995597168193626,15030
RS-EAO,4,10,2045,832.0307767416496,32.03077674164956,15030
RS-EAO,4,10,2046,834.8691375137242,34.86913751372424,15030
RS-EAO,4,10,2047,844.3346070660646,44.334607066064564,15030
RS-EAO,4,10,2048,820.445990648404,20.44599064840395,15030
RS-EAO,4,10,2049,839.8409586517863,39.84095865178631,15030
RS-EAO,4,10,2050,842.0828737510795,42.082873751079546,15030
RS-EAO,4,10,2051,836.852247584146,36.85224758414597,15030
RS-EAO,4,10,2052,854.3183933854357,54.318393385435684,15030
RS-EAO,4,10,2053,822.7073019731366,22.707301973136623,15030
RS-EAO,4,10,2054,839.1574095998403,39.15740959984032,15030
RS-EAO,4,10,2055,826.0,26.0,15030
RS-EAO,6,10,2026,1872.2549631431034,72.2549631431034,15030
RS-EAO,6,10,2027,6640.020305606395,4840.020305606395,15030
RS-EAO,6,10,2028,1936.3570836501774,136.3570836501774,15030
RS-EAO,6,10,2029,4514.719849304275,2714.719849304275,15030
RS-EAO,6,10,2030,2736.5989902479732,936.5989902479732,15030
RS-EAO,6,10,2031,2234.4558208024846,434.4558208024846,15030
RS-EAO,6,10,2032,1901.6593564265168,101.65935642651675,15030
RS-EAO,6,10,2033,2494.8316894700124,694.8316894700124,15030
RS-EAO,6,10,2034,3712.8665900736432,1912.8665900736432,15030
RS-EAO,6,10,2035,6014.882059460983,4214.882059460983,15030
RS-EAO,6,10,2036,2313.018801262341,513.0188012623412,15030
RS-EAO,6,10,2037,1947.7505501558735,147.7505501558735,15030
RS-EAO,6,10,2038,4859.478057335896,3059.4780573358958,15030
RS-EAO,6,10,2039,2126.986865257452,326.9868652574519,15030
RS-EAO,6,10,2040,2265.5573861363678,465.55738613636777,15030
RS-EAO,6,10,2041,2037.596823417631,237.59682341763096,15030
RS-EAO,6,10,2042,2052.03061434298,252.0306143429798,15030
RS-EAO,6,10,2043,7830.720374997133,6030.720374997133,15030
RS-EAO,6,10,2044,2766.332488544513,966.3324885445131,15030
RS-EAO,6,10,2045,3414.392756509296,1614.3927565092959,15030
RS-EAO,6,10,2046,5281.442786094742,3481.4427860947417,15030
RS-EAO,6,10,2047,2056.0598975017074,256.0598975017074,15030
RS-EAO,6,10,2048,2509.4905123977887,709.4905123977887,15030
RS-EAO,6,10,2049,9348.924598304646,7548.924598304646,15030
RS-EAO,6,10,2050,2059.9433545944175,259.94335459441754,15030
RS-EAO,6,10,2051,3559.666539562352,1759.6665395623522,15030
RS-EAO,6,10,2052,1827.944128637685,27.944128637685026,15030
RS-EAO,6,10,2053,2876.626590168693,1076.626590168693,15030
RS-EAO,6,10,2054,6429.812941965947,4629.812941965947,15030
RS-EAO,6,10,2055,2469.231824344719,669.2318243447189,15030
RS-EAO,7,10,2026,2034.3618296756515,34.36182967565151,15030
RS-EAO,7,10,2027,2039.8112274199566,39.811227419956595,15030
RS-EAO,7,10,2028,2035.0181970559836,35.01819705598359,15030
RS-EAO,7,10,2029,2037.3957856553682,37.39578565536817,15030
RS-EAO,7,10,2030,2034.528922918651,34.528922918651006,15030
RS-EAO,7,10,2031,2028.889723807981,28.889723807981,15030
RS-EAO,7,10,2032,2037.778030806467,37.778030806467086,15030
RS-EAO,7,10,2033,2032.1666418271855,32.16664182718546,15030
RS-EAO,7,10,2034,2044.0924738824315,44.09247388243148,15030
RS-EAO,7,10,2035,2040.8510928845153,40.85109288451531,15030
RS-EAO,7,10,2036,2030.448029472214,30.448029472214102,15030
RS-EAO,7,10,2037,2031.223374570013,31.223374570012993,15030
RS-EAO,7,10,2038,2032.5058112513757,32.50581125137569,15030
RS-EAO,7,10,2039,2032.56549734984,32.565497349839916,15030
RS-EAO,7,10,2040,2033.2371132729274,33.237113272927445,15030
RS-EAO,7,10,2041,2142.7603814501545,142.76038145015445,15030
RS-EAO,7,10,2042,2035.3838474932568,35.38384749325678,15030
RS-EAO,7,10,2043,2029.5628626527678,29.562862652767762,15030
RS-EAO,7,10,2044,2131.0502878583197,131.05028785831973,15030
RS-EAO,7,10,2045,2039.161924156547,39.161924156547,15030
RS-EAO,7,10,2046,2032.8226066217915,32.822606621791465,15030
RS-EAO,7,10,2047,2028.314614575875,28.31461457587511,15030
RS-EAO,7,10,2048,2032.3728611496533,32.37286114965332,15030
RS-EAO,7,10,2049,2035.6717249687592,35.671724968759236,15030
RS-EAO,7,10,2050,2033.903992416627,33.903992416627034,15030
RS-EAO,7,10,2051,2035.1946094204588,35.194609420458846,15030
RS-EAO,7,10,2052,2039.1343706743278,39.13437067432778,15030
RS-EAO,7,10,2053,2034.5152352917307,34.51523529173073,15030
RS-EAO,7,10,2054,2036.058886582636,36.05888658263598,15030
RS-EAO,7,10,2055,2031.1592617884478,31.159261788447793,15030
RS-EAO,12,10,2026,2871.642606573834,171.6426065738342,15030
RS-EAO,12,10,2027,2867.446841933109,167.44684193310923,15030
RS-EAO,12,10,2028,2866.4414181143584,166.44141811435838,15030
RS-EAO,12,10,2029,2865.470572514232,165.47057251423212,15030
RS-EAO,12,10,2030,2866.662277365097,166.662277365097,15030
RS-EAO,12,10,2031,2865.426742937485,165.42674293748496,15030
RS-EAO,12,10,2032,2870.258755976427,170.25875597642698,15030
RS-EAO,12,10,2033,2866.219008643188,166.21900864318786,15030
RS-EAO,12,10,2034,2865.479337072722,165.47933707272205,15030
RS-EAO,12,10,2035,2864.5003473479082,164.50034734790825,15030
RS-EAO,12,10,2036,2863.7699880872146,163.76998808721464,15030
RS-EAO,12,10,2037,2866.763535036282,166.76353503628206,15030
RS-EAO,12,10,2038,2868.1820769096225,168.18207690962254,15030
RS-EAO,12,10,2039,2865.4709367407313,165.4709367407313,15030
RS-EAO,12,10,2040,2867.446841931155,167.44684193115518,15030
RS-EAO,12,10,2041,2868.2592140765673,168.25921407656733,15030
RS-EAO,12,10,2042,2864.4866081524674,164.4866081524674,15030
RS-EAO,12,10,2043,2866.4185271372985,166.4185271372985,15030
RS-EAO,12,10,2044,2864.5111489236056,164.51114892360556,15030
RS-EAO,12,10,2045,2865.4268368373314,165.4268368373314,15030
RS-EAO,12,10,2046,2867.446841931145,167.44684193114517,15030
RS-EAO,12,10,2047,2865.4973825094544,165.49738250945438,15030
RS-EAO,12,10,2048,2872.877044038063,172.8770440380631,15030
RS-EAO,12,10,2049,2864.0151840230415,164.01518402304146,15030
RS-EAO,12,10,2050,2866.447047151691,166.4470471516911,15030
RS-EAO,12,10,2051,2866.7633618443574,166.7633618443574,15030
RS-EAO,12,10,2052,2866.4491209988882,166.44912099888825,15030
RS-EAO,12,10,2053,2866.4229085652814,166.42290856528143,15030
RS-EAO,12,10,2054,2863.770205611842,163.7702056118419,15030
RS-EAO,12,10,2055,2864.8981385445954,164.89813854459544,15030
AS-ABMO,4,10,2026,844.0,44.0,15030
AS-ABMO,4,10,2027,872.0,72.0,15030
AS-ABMO,4,10,2028,838.0,38.0,15030
AS-ABMO,4,10,2029,870.0,70.0,15030
AS-ABMO,4,10,2030,848.0,48.0,15030
AS-ABMO,4,10,2031,826.0,26.0,15030
AS-ABMO,4,10,2032,848.0,48.0,15030
AS-ABMO,4,10,2033,810.0,10.0,15030
AS-ABMO,4,10,2034,866.0,66.0,15030
AS-ABMO,4,10,2035,820.0,20.0,15030
AS-ABMO,4,10,2036,852.0000000000437,52.000000000043656,15030
AS-ABMO,4,10,2037,836.0,36.0,15030
AS-ABMO,4,10,2038,845.1021527696905,45.10215276969052,15030
AS-ABMO,4,10,2039,842.0,42.0,15030
AS-ABMO,4,10,2040,836.0,36.0,15030
AS-ABMO,4,10,2041,844.0,44.0,15030
AS-ABMO,4,10,2042,854.0,54.0,15030
AS-ABMO,4,10,2043,832.0,32.0,15030
AS-ABMO,4,10,2044,842.0,42.0,15030
AS-ABMO,4,10,2045,816.0,16.0,15030
AS-ABMO,4,10,2046,894.0,94.0,15030
AS-ABMO,4,10,2047,852.0000000000008,52.000000000000796,15030
AS-ABMO,4,10,2048,848.0,48.0,15030
AS-ABMO,4,10,2049,864.0,64.0,15030
AS-ABMO,4,10,2050,846.0000000000223,46.00000000002228,15030
AS-ABMO,4,10,2051,858.0,58.0,15030
AS-ABMO,4,10,2052,838.0,38.0,15030
AS-ABMO,4,10,2053,836.0,36.0,15030
AS-ABMO,4,10,2054,842.0000000000001,42.000000000000114,15030
AS-ABMO,4,10,2055,828.0,28.0,15030
AS-ABMO,6,10,2026,13151.474865062024,11351.474865062024,15030
AS-ABMO,6,10,2027,11760.543500243832,9960.543500243832,15030
AS-ABMO,6,10,2028,6304.48747548892,4504.48747548892,15030
AS-ABMO,6,10,2029,9597.927099365334,7797.927099365334,15030
AS-ABMO,6,10,2030,2350.585186662531,550.5851866625312,15030
AS-ABMO,6,10,2031,16149.737149827664,14349.737149827664,15030
AS-ABMO,6,10,2032,7819.081344380138,6019.081344380138,15030
AS-ABMO,6,10,2033,11518.275201848135,9718.275201848135,15030
AS-ABMO,6,10,2034,11306.930029938532,9506.930029938532,15030
AS-ABMO,6,10,2035,25552.64647645103,23752.64647645103,15030
AS-ABMO,6,10,2036,10278.617642621688,8478.617642621688,15030
AS-ABMO,6,10,2037,4469.016267598458,2669.0162675984584,15030
AS-ABMO,6,10,2038,11017.952175307919,9217.952175307919,15030
AS-ABMO,6,10,2039,3086.1452521215065,1286.1452521215065,15030
AS-ABMO,6,10,2040,5769.165340918882,3969.165340918882,15030
AS-ABMO,6,10,2041,8627.047867408583,6827.0478674085825,15030
AS-ABMO,6,10,2042,11711.693552510424,9911.693552510424,15030
AS-ABMO,6,10,2043,2068.8976563396764,268.89765633967636,15030
AS-ABMO,6,10,2044,9456.19381733989,7656.19381733989,15030
AS-ABMO,6,10,2045,14080.704198099987,12280.704198099987,15030
AS-ABMO,6,10,2046,5147.424087007499,3347.424087007499,15030
AS-ABMO,6,10,2047,5860.335714379675,4060.3357143796748,15030
AS-ABMO,6,10,2048,29828.597382599022,28028.597382599022,15030
AS-ABMO,6,10,2049,3800.4767240201686,2000.4767240201686,15030
AS-ABMO,6,10,2050,4208.258369870747,2408.2583698707467,15030
AS-ABMO,6,10,2051,30502.370608706195,28702.370608706195,15030
AS-ABMO,6,10,2052,4411.488881711819,2611.488881711819,15030
AS-ABMO,6,10,2053,17725.968707753836,15925.968707753836,15030
AS-ABMO,6,10,2054,15058.463180870462,13258.463180870462,15030
AS-ABMO,6,10,2055,25817.084403143155,24017.084403143155,15030
AS-ABMO,7,10,2026,2126.6160682976665,126.61606829766652,15030
AS-ABMO,7,10,2027,2024.3658905287862,24.365890528786167,15030
AS-ABMO,7,10,2028,2021.0317476964597,21.03174769645966,15030
AS-ABMO,7,10,2029,2002.5496546936085,2.549654693608545,15030
AS-ABMO,7,10,2030,2025.5094182390073,25.509418239007346,15030
AS-ABMO,7,10,2031,2022.4899181238102,22.489918123810185,15030
AS-ABMO,7,10,2032,2024.664164898926,24.664164898925947,15030
AS-ABMO,7,10,2033,2025.2830388785808,25.283038878580783,15030
AS-ABMO,7,10,2034,2022.2104900354316,22.210490035431576,15030
AS-ABMO,7,10,2035,2026.060149004429,26.060149004428922,15030
AS-ABMO,7,10,2036,2020.5227180818179,20.522718081817857,15030
AS-ABMO,7,10,2037,2021.1174844791194,21.117484479119412,15030
AS-ABMO,7,10,2038,2028.1260123852712,28.126012385271224,15030
AS-ABMO,7,10,2039,2020.9958366101357,20.99583661013571,15030
AS-ABMO,7,10,2040,2029.9954566589704,29.995456658970397,15030
AS-ABMO,7,10,2041,2031.1610584587938,31.161058458793832,15030
AS-ABMO,7,10,2042,2022.3291578030364,22.329157803036424,15030
AS-ABMO,7,10,2043,2028.6183062128064,28.618306212806374,15030
AS-ABMO,7,10,2044,2025.5212101363916,25.521210136391574,15030
AS-ABMO,7,10,2045,2022.232789492379,22.23278949237897,15030
AS-ABMO,7,10,2046,2033.7679911056757,33.76799110567572,15030
AS-ABMO,7,10,2047,2030.9580185763527,30.958018576352742,15030
AS-ABMO,7,10,2048,2025.1885621982428,25.188562198242835,15030
AS-ABMO,7,10,2049,2027.6435153696066,27.643515369606575,15030
AS-ABMO,7,10,2050,2020.7671673443729,20.767167344372865,15030
AS-ABMO,7,10,2051,2120.5088732411764,120.50887324117639,15030
AS-ABMO,7,10,2052,2020.9961009453343,20.99610094533432,15030
AS-ABMO,7,10,2053,2025.9074779775246,25.90747797752465,15030
AS-ABMO,7,10,2054,2023.546829088761,23.546829088760887,15030
AS-ABMO,7,10,2055,2020.2825769144442,20.282576914444235,15030
AS-ABMO,12,10,2026,2865.630329777067,165.6303297770669,15030
AS-ABMO,12,10,2027,2866.7507195662197,166.7507195662197,15030
AS-ABMO,12,10,2028,2865.7880510251007,165.78805102510069,15030
AS-ABMO,12,10,2029,2865.9438737345677,165.94387373456766,15030
AS-ABMO,12,10,2030,2871.3513551700753,171.3513551700753,15030
AS-ABMO,12,10,2031,2871.083438775291,171.08343877529114,15030
AS-ABMO,12,10,2032,2868.355133508939,168.35513350893916,15030
AS-ABMO,12,10,2033,2866.4470354167042,166.44703541670424,15030
AS-ABMO,12,10,2034,2870.634481978986,170.63448197898606,15030
AS-ABMO,12,10,2035,2868.2405816883334,168.24058168833335,15030
AS-ABMO,12,10,2036,2867.13761413211,167.13761413210977,15030
AS-ABMO,12,10,2037,2867.0794400177642,167.07944001776423,15030
AS-ABMO,12,10,2038,2865.5785545546146,165.57855455461458,15030
AS-ABMO,12,10,2039,2866.6134786877055,166.61347868770554,15030
AS-ABMO,12,10,2040,2867.018511267556,167.01851126755582,15030
AS-ABMO,12,10,2041,2865.9532596278796,165.95325962787956,15030
AS-ABMO,12,10,2042,2868.048868750973,168.04886875097282,15030
AS-ABMO,12,10,2043,2874.4659048421126,174.46590484211265,15030
AS-ABMO,12,10,2044,2870.279186939014,170.27918693901393,15030
AS-ABMO,12,10,2045,2865.9422393563623,165.94223935636228,15030
AS-ABMO,12,10,2046,2868.8632307999032,168.86323079990325,15030
AS-ABMO,12,10,2047,2867.4800367630587,167.4800367630587,15030
AS-ABMO,12,10,2048,2868.3174239505297,168.3174239505297,15030
AS-ABMO,12,10,2049,2867.242388563599,167.24238856359898,15030
AS-ABMO,12,10,2050,2864.5667539090005,164.56675390900045,15030
AS-ABMO,12,10,2051,2870.573099833836,170.57309983383584,15030
AS-ABMO,12,10,2052,2920.7316688134842,220.73166881348425,15030
AS-ABMO,12,10,2053,2870.2847162515327,170.2847162515327,15030
AS-ABMO,12,10,2054,2869.7931335941566,169.79313359415664,15030
AS-ABMO,12,10,2055,2865.427617306677,165.4276173066769,15030
RUN,4,10,2026,842.049735640501,42.04973564050101,15083
RUN,4,10,2027,834.0111544342308,34.011154434230775,15032
RUN,4,10,2028,850.6843259198243,50.684325919824346,15085
RUN,4,10,2029,830.1079119434978,30.10791194349781,15057
RUN,4,10,2030,826.5341397173704,26.534139717370408,15035
RUN,4,10,2031,830.0025664230891,30.002566423089092,15065
RUN,4,10,2032,850.2631469018571,50.26314690185711,15061
RUN,4,10,2033,856.1548548185676,56.15485481856763,15030
RUN,4,10,2034,822.0114022575226,22.011402257522604,15069
RUN,4,10,2035,832.2646230192335,32.264623019233454,15077
RUN,4,10,2036,854.0021098153039,54.002109815303925,15059
RUN,4,10,2037,846.0150625121652,46.01506251216517,15076
RUN,4,10,2038,830.0000006820737,30.000000682073733,15059
RUN,4,10,2039,852.0712234962061,52.07122349620613,15047
RUN,4,10,2040,844.0059801960892,44.00598019608924,15064
RUN,4,10,2041,824.000000738103,24.00000073810304,15052
RUN,4,10,2042,872.2157696712419,72.2157696712419,15063
RUN,4,10,2043,838.0,38.0,15082
RUN,4,10,2044,853.292792869498,53.292792869498044,15062
RUN,4,10,2045,834.905140929338,34.90514092933802,15052
RUN,4,10,2046,830.0357437345542,30.035743734554217,15052
RUN,4,10,2047,830.0000021058516,30.00000210585165,15082
RUN,4,10,2048,838.00021814738,38.00021814738,15064
RUN,4,10,2049,848.0053808508864,48.005380850886354,15038
RUN,4,10,2050,840.0028286835824,40.00282868358238,15073
RUN,4,10,2051,838.0052932141402,38.00529321414024,15040
RUN,4,10,2052,836.2857868949397,36.28578689493975,15088
RUN,4,10,2053,861.9890952148116,61.98909521481164,15076
RUN,4,10,2054,838.0000093674137,38.00000936741367,15074
RUN,4,10,2055,832.0150639393275,32.01506393932755,15071
RUN,6,10,2026,71490.02253801488,69690.02253801488,15072
RUN,6,10,2027,17753.88061481064,15953.880614810641,15056
RUN,6,10,2028,15301.536686239679,13501.536686239679,15039
RUN,6,10,2029,16080.628695601707,14280.628695601707,15046
RUN,6,10,2030,74668.43865320532,72868.43865320532,15044
RUN,6,10,2031,18929.514399704,17129.514399704,15046
RUN,6,10,2032,27556.705934329406,25756.705934329406,15054
RUN,6,10,2033,16232.558486619891,14432.558486619891,15054
RUN,6,10,2034,16182.795259221952,14382.795259221952,15077
RUN,6,10,2035,27314.9180530279,25514.9180530279,15053
RUN,6,10,2036,20518.449517343615,18718.449517343615,15058
RUN,6,10,2037,28234.16903789306,26434.16903789306,15078
RUN,6,10,2038,24791.05836749662,22991.05836749662,15052
RUN,6,10,2039,16459.485229490158,14659.485229490158,15036
RUN,6,10,2040,35534.087588063376,33734.087588063376,15086
RUN,6,10,2041,24975.22667406073,23175.22667406073,15060
RUN,6,10,2042,17829.216369262398,16029.216369262398,15047
RUN,6,10,2043,17305.41770549723,15505.417705497232,15075
RUN,6,10,2044,17201.095152193666,15401.095152193666,15067
RUN,6,10,2045,28203.295515534173,26403.295515534173,15063
RUN,6,10,2046,14920.228942530934,13120.228942530934,15040
RUN,6,10,2047,14707.46279181512,12907.46279181512,15036
RUN,6,10,2048,17448.54622500932,15648.546225009319,15057
RUN,6,10,2049,17963.826910445456,16163.826910445456,15034
RUN,6,10,2050,26153.45593489501,24353.45593489501,15061
RUN,6,10,2051,110583.11810081675,108783.11810081675,15065
RUN,6,10,2052,21467.385183305265,19667.385183305265,15060
RUN,6,10,2053,13517.93032112676,11717.93032112676,15048
RUN,6,10,2054,76979.78493917156,75179.78493917156,15064
RUN,6,10,2055,28433.3914504591,26633.3914504591,15039
RUN,7,10,2026,2073.3307398862817,73.33073988628166,15062
RUN,7,10,2027,2128.1551264861873,128.15512648618733,15036
RUN,7,10,2028,2083.7369853173504,83.73698531735045,15036
RUN,7,10,2029,2083.0525027970143,83.05250279701431,15079
RUN,7,10,2030,2052.80346914989,52.803469149890134,15079
RUN,7,10,2031,2124.930948883299,124.93094888329915,15070
RUN,7,10,2032,2161.6266361018625,161.62663610186246,15049
RUN,7,10,2033,2070.2290273066337,70.22902730663372,15078
RUN,7,10,2034,2060.5402724116516,60.540272411651586,15053
RUN,7,10,2035,2119.289681719071,119.28968171907081,15083
RUN,7,10,2036,2086.856000538045,86.85600053804501,15035
RUN,7,10,2037,2182.134890020292,182.134890020292,15047
RUN,7,10,2038,2111.77805027163,111.77805027163004,15039
RUN,7,10,2039,2095.916103439696,95.91610343969614,15040
RUN,7,10,2040,2089.194221719877,89.19422171987708,15055
RUN,7,10,2041,2100.2303534459897,100.23035344598975,15079
RUN,7,10,2042,2130.3835888956464,130.38358889564643,15039
RUN,7,10,2043,2153.0399848976926,153.03998489769265,15051
RUN,7,10,2044,2056.3190747202148,56.31907472021476,15064
RUN,7,10,2045,2075.7377411000284,75.73774110002842,15085
RUN,7,10,2046,2176.982790991077,176.98279099107685,15082
RUN,7,10,2047,2066.756833451091,66.7568334510911,15081
RUN,7,10,2048,2149.111138873067,149.11113887306692,15062
RUN,7,10,2049,2070.3506473754182,70.35064737541825,15070
RUN,7,10,2050,2125.377322330968,125.37732233096813,15079
RUN,7,10,2051,2069.5618398401643,69.56183984016434,15049
RUN,7,10,2052,2086.5156062760793,86.51560627607932,15055
RUN,7,10,2053,2112.481329774746,112.48132977474597,15052
RUN,7,10,2054,2105.993905822421,105.99390582242086,15062
RUN,7,10,2055,2185.7671966793596,185.76719667935959,15059
RUN,12,10,2026,2871.7649165337043,171.7649165337043,15051
RUN,12,10,2027,2869.0277628078907,169.02776280789067,15051
RUN,12,10,2028,2871.7746049067296,171.77460490672956,15065
RUN,12,10,2029,2870.978684414201,170.97868441420087,15046
RUN,12,10,2030,2870.561254449575,170.5612544495748,15037
RUN,12,10,2031,2872.3339051378043,172.33390513780432,15045
RUN,12,10,2032,2869.5937553468557,169.5937553468557,15064
RUN,12,10,2033,2871.534590134889,171.53459013488919,15039
RUN,12,10,2034,2872.4580314409154,172.45803144091542,15048
RUN,12,10,2035,2871.3986435304632,171.39864353046323,15042
RUN,12,10,2036,2870.364970619472,170.36497061947193,15042
RUN,12,10,2037,2873.3853865145215,173.38538651452154,15055
RUN,12,10,2038,2872.096893612471,172.09689361247092,15061
RUN,12,10,2039,2874.6486060132174,174.64860601321743,15087
RUN,12,10,2040,2869.5391118673606,169.5391118673606,15092
RUN,12,10,2041,2873.1564173014185,173.15641730141851,15037
RUN,12,10,2042,2870.720033904599,170.72003390459895,15037
RUN,12,10,2043,2871.757885866572,171.757885866572,15080
RUN,12,10,2044,2873.1531261815635,173.1531261815635,15078
RUN,12,10,2045,2871.11385215945,171.11385215944983,15032
RUN,12,10,2046,2873.2081769568294,173.20817695682945,15054
RUN,12,10,2047,2870.9573034624786,170.95730346247865,15060
RUN,12,10,2048,2869.7428853534866,169.7428853534866,15072
RUN,12,10,2049,2875.7673916115727,175.76739161157275,15052
RUN,12,10,2050,2870.972322220682,170.97232222068214,15063
RUN,12,10,2051,2875.742844481836,175.74284448183607,15044
RUN,12,10,2052,2870.4807481313824,170.48074813138237,15057
RUN,12,10,2053,2870.818554341234,170.81855434123418,15061
RUN,12,10,2054,2870.9113587960196,170.9113587960196,15057
RUN,12,10,2055,2870.8445631982413,170.8445631982413,15048
GWO,4,10,2026,830.884387945587,30.884387945587036,15030
GWO,4,10,2027,832.0,32.0,15030
GWO,4,10,2028,838.0,38.0,15030
GWO,4,10,2029,818.8791514716653,18.879151471665296,15030
GWO,4,10,2030,849.3298278301695,49.329827830169506,15030
GWO,4,10,2031,829.4087947176736,29.408794717673572,15030
GWO,4,10,2032,858.1458992568906,58.14589925689063,15030
GWO,4,10,2033,858.1842603954527,58.184260395452725,15030
GWO,4,10,2034,829.0038238593066,29.003823859306635,15030
GWO,4,10,2035,842.9332397511432,42.93323975114322,15030
GWO,4,10,2036,857.352561894184,57.352561894183964,15030
GWO,4,10,2037,858.0,58.0,15030
GWO,4,10,2038,831.3246499107504,31.324649910750395,15030
GWO,4,10,2039,837.4876526825155,37.487652682515545,15030
GWO,4,10,2040,839.1541789930988,39.15417899309875,15030
GWO,4,10,2041,834.4850086057988,34.48500860579884,15030
GWO,4,10,2042,841.9109971690593,41.91099716905933,15030
GWO,4,10,2043,844.5093064362864,44.50930643628635,15030
GWO,4,10,2044,838.1969555851389,38.19695558513888,15030
GWO,4,10,2045,849.3972990633148,49.39729906331479,15030
GWO,4,10,2046,838.1523504390648,38.152350439064776,15030
GWO,4,10,2047,842.5722002688606,42.57220026886057,15030
GWO,4,10,2048,845.5574291416459,45.55742914164591,15030
GWO,4,10,2049,854.5462971323889,54.54629713238887,15030
GWO,4,10,2050,832.5777732576664,32.57777325766642,15030
GWO,4,10,2051,851.8077918114404,51.80779181144044,15030
GWO,4,10,2052,837.7541685018873,37.75416850188731,15030
GWO,4,10,2053,828.6238115416685,28.623811541668488,15030
GWO,4,10,2054,841.4536964929299,41.45369649292991,15030
GWO,4,10,2055,845.6580195322031,45.65801953220307,15030
GWO,6,10,2026,1759765.6625581991,1757965.6625581991,15030
GWO,6,10,2027,176540.50229617325,174740.50229617325,15030
GWO,6,10,2028,742579.8244024818,740779.8244024818,15030
GWO,6,10,2029,730586.8732179032,728786.8732179032,15030
GWO,6,10,2030,1831167.8812778231,1829367.8812778231,15030
GWO,6,10,2031,400004.90182421415,398204.90182421415,15030
GWO,6,10,2032,3179866.335576723,3178066.335576723,15030
GWO,6,10,2033,1850645.8088031656,1848845.8088031656,15030
GWO,6,10,2034,341214.89803813765,339414.89803813765,15030
GWO,6,10,2035,136694.7714496499,134894.7714496499,15030
GWO,6,10,2036,1507280.4049530686,1505480.4049530686,15030
GWO,6,10,2037,104075.59166131823,102275.59166131823,15030
GWO,6,10,2038,164264.2588656979,162464.2588656979,15030
GWO,6,10,2039,932405.4450139048,930605.4450139048,15030
GWO,6,10,2040,1253998.775156876,1252198.775156876,15030
GWO,6,10,2041,303487.5974696149,301687.5974696149,15030
GWO,6,10,2042,2982033.590459217,2980233.590459217,15030
GWO,6,10,2043,1778636.805628905,1776836.805628905,15030
GWO,6,10,2044,2816328.8552250364,2814528.8552250364,15030
GWO,6,10,2045,1067256.9543766084,1065456.9543766084,15030
GWO,6,10,2046,638248.733697783,636448.733697783,15030
GWO,6,10,2047,931275.8950954686,929475.8950954686,15030
GWO,6,10,2048,980193.0486733663,978393.0486733663,15030
GWO,6,10,2049,1330540.2448631339,1328740.2448631339,15030
GWO,6,10,2050,2522296.987754198,2520496.987754198,15030
GWO,6,10,2051,829877.9741793787,828077.9741793787,15030
GWO,6,10,2052,373578.8251582675,371778.8251582675,15030
GWO,6,10,2053,3515044.2621690943,3513244.2621690943,15030
GWO,6,10,2054,326734.90154469473,324934.90154469473,15030
GWO,6,10,2055,1031024.2203023339,1029224.2203023339,15030
GWO,7,10,2026,2061.384594580419,61.38459458041916,15030
GWO,7,10,2027,2052.969040291204,52.96904029120378,15030
GWO,7,10,2028,2068.362796146517,68.36279614651721,15030
GWO,7,10,2029,2073.1290117978165,73.12901179781647,15030
GWO,7,10,2030,2051.892538848331,51.89253884833079,15030
GWO,7,10,2031,2163.345197036186,163.34519703618616,15030
GWO,7,10,2032,2055.8841783784255,55.88417837842553,15030
GWO,7,10,2033,2051.1634643055536,51.16346430555359,15030
GWO,7,10,2034,2067.261471372247,67.26147137224689,15030
GWO,7,10,2035,2056.082161057305,56.0821610573048,15030
GWO,7,10,2036,2082.7489220032826,82.74892200328259,15030
GWO,7,10,2037,2057.1777678677645,57.17776786776449,15030
GWO,7,10,2038,2179.242170722745,179.24217072274496,15030
GWO,7,10,2039,2055.127742867947,55.127742867946836,15030
GWO,7,10,2040,2166.054897096573,166.05489709657286,15030
GWO,7,10,2041,2052.668398659232,52.668398659232025,15030
GWO,7,10,2042,2053.3902735193406,53.39027351934055,15030
GWO,7,10,2043,2065.4347525760286,65.43475257602859,15030
GWO,7,10,2044,2053.9306528716284,53.930652871628354,15030
GWO,7,10,2045,2058.4570945708933,58.45709457089333,15030
GWO,7,10,2046,2064.258446126818,64.25844612681794,15030
GWO,7,10,2047,2056.9104592334675,56.91045923346746,15030
GWO,7,10,2048,2046.699585542166,46.699585542166005,15030
GWO,7,10,2049,2058.300105139416,58.30010513941579,15030
GWO,7,10,2050,2085.904937429084,85.90493742908393,15030
GWO,7,10,2051,2055.4870501823375,55.4870501823375,15030
GWO,7,10,2052,2064.682208623196,64.68220862319595,15030
GWO,7,10,2053,2054.5321708228375,54.53217082283754,15030
GWO,7,10,2054,2050.2615880786043,50.26158807860429,15030
GWO,7,10,2055,2061.0454169596414,61.04541695964144,15030
GWO,12,10,2026,2869.100766351748,169.100766351748,15030
GWO,12,10,2027,2874.6524490275133,174.65244902751328,15030
GWO,12,10,2028,2870.818631363323,170.81863136332322,15030
GWO,12,10,2029,2868.345099331929,168.34509933192885,15030
GWO,12,10,2030,2869.165740985351,169.16574098535102,15030
GWO,12,10,2031,2868.2588839645855,168.2588839645855,15030
GWO,12,10,2032,2869.0532298816006,169.0532298816006,15030
GWO,12,10,2033,2868.9160565139387,168.91605651393866,15030
GWO,12,10,2034,2868.631927765701,168.63192776570122,15030
GWO,12,10,2035,2867.980873677907,167.98087367790686,15030
GWO,12,10,2036,2868.735000436638,168.73500043663807,15030
GWO,12,10,2037,2867.9804824447538,167.98048244475376,15030
GWO,12,10,2038,2869.2965479237187,169.29654792371866,15030
GWO,12,10,2039,2869.3245389623507,169.32453896235074,15030
GWO,12,10,2040,2868.089196600192,168.08919660019183,15030
GWO,12,10,2041,2869.1149290536105,169.11492905361047,15030
GWO,12,10,2042,2868.3382634181125,168.33826341811255,15030
GWO,12,10,2043,2868.9858447206134,168.9858447206134,15030
GWO,12,10,2044,2869.2349716194426,169.2349716194426,15030
GWO,12,10,2045,2869.0456050097996,169.0456050097996,15030
GWO,12,10,2046,2869.290053883781,169.29005388378118,15030
GWO,12,10,2047,2868.1736697403003,168.17366974030028,15030
GWO,12,10,2048,2900.434253843994,200.43425384399416,15030
GWO,12,10,2049,2870.237681431555,170.23768143155485,15030
GWO,12,10,2050,2868.617515260169,168.61751526016906,15030
GWO,12,10,2051,2869.4837642960956,169.48376429609561,15030
GWO,12,10,2052,2869.249883111914,169.2498831119142,15030
GWO,12,10,2053,2868.55542184351,168.55542184350998,15030
GWO,12,10,2054,2869.5390291018957,169.53902910189572,15030
GWO,12,10,2055,2869.4908969899834,169.4908969899834,15030
WOA,4,10,2026,852.0000000000001,52.000000000000114,15030
WOA,4,10,2027,878.0000000000002,78.00000000000023,15030
WOA,4,10,2028,956.0,156.0,15030
WOA,4,10,2029,946.5,146.5,15030
WOA,4,10,2030,833.177167430049,33.17716743004905,15030
WOA,4,10,2031,881.1666341319782,81.16663413197818,15030
WOA,4,10,2032,938.0,138.0,15030
WOA,4,10,2033,895.4232644484832,95.42326444848322,15030
WOA,4,10,2034,865.6221520671874,65.62215206718736,15030
WOA,4,10,2035,863.1906295662238,63.19062956622383,15030
WOA,4,10,2036,894.789128010025,94.78912801002502,15030
WOA,4,10,2037,910.5,110.5,15030
WOA,4,10,2038,918.4161693800098,118.41616938000982,15030
WOA,4,10,2039,899.6562116547409,99.6562116547409,15030
WOA,4,10,2040,894.0,94.0,15030
WOA,4,10,2041,912.5,112.5,15030
WOA,4,10,2042,914.0,114.0,15030
WOA,4,10,2043,858.0,58.0,15030
WOA,4,10,2044,904.5180386741556,104.5180386741556,15030
WOA,4,10,2045,910.1483922268212,110.14839222682122,15030
WOA,4,10,2046,918.0,118.0,15030
WOA,4,10,2047,843.5122434629892,43.512243462989204,15030
WOA,4,10,2048,878.0,78.0,15030
WOA,4,10,2049,877.7345572328258,77.73455723282575,15030
WOA,4,10,2050,964.5,164.5,15030
WOA,4,10,2051,872.634571893215,72.63457189321502,15030
WOA,4,10,2052,898.0,98.0,15030
WOA,4,10,2053,836.0179154308022,36.01791543080219,15030
WOA,4,10,2054,937.7846714826128,137.7846714826128,15030
WOA,4,10,2055,930.5,130.5,15030
WOA,6,10,2026,24163.786419406864,22363.786419406864,15030
WOA,6,10,2027,19690.49784633695,17890.49784633695,15030
WOA,6,10,2028,35974.645587968495,34174.645587968495,15030
WOA,6,10,2029,19684.17857803575,17884.17857803575,15030
WOA,6,10,2030,19731.18687038797,17931.18687038797,15030
WOA,6,10,2031,24906.556523056966,23106.556523056966,15030
WOA,6,10,2032,25914.05172302897,24114.05172302897,15030
WOA,6,10,2033,3888.185318219516,2088.185318219516,15030
WOA,6,10,2034,15539.715582379931,13739.715582379931,15030
WOA,6,10,2035,47040.49734493891,45240.49734493891,15030
WOA,6,10,2036,20037.89397148955,18237.89397148955,15030
WOA,6,10,2037,34859.89105918273,33059.89105918273,15030
WOA,6,10,2038,26908.14384107873,25108.14384107873,15030
WOA,6,10,2039,4336.268586643012,2536.268586643012,15030
WOA,6,10,2040,14443.406077732761,12643.406077732761,15030
WOA,6,10,2041,22125.256348474864,20325.256348474864,15030
WOA,6,10,2042,31761.852135113048,29961.852135113048,15030
WOA,6,10,2043,37344.35406312703,35544.35406312703,15030
WOA,6,10,2044,18626.936382364787,16826.936382364787,15030
WOA,6,10,2045,23012.9886564403,21212.9886564403,15030
WOA,6,10,2046,20965.792111245075,19165.792111245075,15030
WOA,6,10,2047,54198.838900831244,52398.838900831244,15030
WOA,6,10,2048,17516.595089340917,15716.595089340917,15030
WOA,6,10,2049,35447.64349872636,33647.64349872636,15030
WOA,6,10,2050,19295.307948090973,17495.307948090973,15030
WOA,6,10,2051,41639.396012435376,39839.396012435376,15030
WOA,6,10,2052,42727.97341091153,40927.97341091153,15030
WOA,6,10,2053,22532.87839535023,20732.87839535023,15030
WOA,6,10,2054,47174.44755985344,45374.44755985344,15030
WOA,6,10,2055,16091.057908264687,14291.057908264687,15030
WOA,7,10,2026,2265.7117796140556,265.71177961405556,15030
WOA,7,10,2027,2334.259659754721,334.2596597547208,15030
WOA,7,10,2028,2594.497417619372,594.4974176193718,15030
WOA,7,10,2029,2216.9690695373065,216.9690695373065,15030
WOA,7,10,2030,2147.4880036095237,147.48800360952373,15030
WOA,7,10,2031,2452.72335930784,452.7233593078399,15030
WOA,7,10,2032,2151.5925801656867,151.59258016568674,15030
WOA,7,10,2033,2222.567438057097,222.5674380570972,15030
WOA,7,10,2034,2035.0381478362622,35.03814783626217,15030
WOA,7,10,2035,2147.9200605935353,147.92006059353525,15030
WOA,7,10,2036,2272.9327387224866,272.93273872248665,15030
WOA,7,10,2037,2313.0882576630247,313.0882576630247,15030
WOA,7,10,2038,2527.268422139239,527.2684221392392,15030
WOA,7,10,2039,2508.1327807587577,508.1327807587577,15030
WOA,7,10,2040,2221.534074481864,221.53407448186408,15030
WOA,7,10,2041,2199.4836006293385,199.48360062933853,15030
WOA,7,10,2042,2749.511667163145,749.5116671631449,15030
WOA,7,10,2043,2062.3806344390186,62.38063443901865,15030
WOA,7,10,2044,2635.9247888845216,635.9247888845216,15030
WOA,7,10,2045,2212.1883145401453,212.18831454014526,15030
WOA,7,10,2046,2204.489829864509,204.48982986450892,15030
WOA,7,10,2047,2043.4604262797277,43.4604262797277,15030
WOA,7,10,2048,2066.6013425472943,66.60134254729428,15030
WOA,7,10,2049,2146.7840023520644,146.78400235206436,15030
WOA,7,10,2050,2339.179877729307,339.179877729307,15030
WOA,7,10,2051,2235.8860741293447,235.8860741293447,15030
WOA,7,10,2052,2159.1143896836247,159.11438968362472,15030
WOA,7,10,2053,2072.379054017919,72.37905401791886,15030
WOA,7,10,2054,2186.2900824647504,186.2900824647504,15030
WOA,7,10,2055,2456.977823108494,456.9778231084938,15030
WOA,12,10,2026,2913.2142142525845,213.2142142525845,15030
WOA,12,10,2027,3317.4107943149947,617.4107943149947,15030
WOA,12,10,2028,2878.5381872707253,178.5381872707253,15030
WOA,12,10,2029,3015.5187904899235,315.5187904899235,15030
WOA,12,10,2030,2936.4241036416897,236.42410364168973,15030
WOA,12,10,2031,2964.9019288925792,264.90192889257924,15030
WOA,12,10,2032,2921.366363541018,221.36636354101802,15030
WOA,12,10,2033,3023.361507981169,323.36150798116887,15030
WOA,12,10,2034,3072.9063616872427,372.9063616872427,15030
WOA,12,10,2035,2946.6073836062783,246.6073836062783,15030
WOA,12,10,2036,3024.290304556394,324.29030455639395,15030
WOA,12,10,2037,2894.5893599611973,194.58935996119726,15030
WOA,12,10,2038,3043.473948360511,343.4739483605108,15030
WOA,12,10,2039,2932.659165791561,232.659165791561,15030
WOA,12,10,2040,2882.670882710859,182.67088271085913,15030
WOA,12,10,2041,2875.1781668650638,175.17816686506376,15030
WOA,12,10,2042,2964.9019288925792,264.90192889257924,15030
WOA,12,10,2043,2963.863797972057,263.863797972057,15030
WOA,12,10,2044,2934.46376744367,234.4637674436699,15030
WOA,12,10,2045,3058.762464480279,358.76246448027905,15030
WOA,12,10,2046,3176.1024695029173,476.1024695029173,15030
WOA,12,10,2047,3207.950749885208,507.9507498852081,15030
WOA,12,10,2048,3105.006602090845,405.0066020908448,15030
WOA,12,10,2049,3075.014450973152,375.0144509731522,15030
WOA,12,10,2050,2987.2890714417276,287.28907144172763,15030
WOA,12,10,2051,3243.657293673544,543.6572936735438,15030
WOA,12,10,2052,3110.779613590402,410.7796135904018,15030
WOA,12,10,2053,3085.557394793419,385.557394793419,15030
WOA,12,10,2054,2927.208687259351,227.20868725935088,15030
WOA,12,10,2055,2871.334512006182,171.3345120061822,15030
HHO,4,10,2026,926.5,126.5,15042
HHO,4,10,2027,888.5,88.5,15036
HHO,4,10,2028,844.0,44.0,15062
HHO,4,10,2029,848.0,48.0,15048
HHO,4,10,2030,860.0,60.0,15056
HHO,4,10,2031,840.0,40.0,15068
HHO,4,10,2032,854.0,54.0,15062
HHO,4,10,2033,852.0,52.0,15040
HHO,4,10,2034,842.0003029360028,42.000302936002754,15032
HHO,4,10,2035,826.000335402773,26.000335402772976,15042
HHO,4,10,2036,846.0,46.0,15048
HHO,4,10,2037,836.0000000001694,36.00000000016939,15078
HHO,4,10,2038,844.0000018393367,44.00000183933673,15040
HHO,4,10,2039,850.0,50.0,15034
HHO,4,10,2040,834.0000016739972,34.00000167399719,15052
HHO,4,10,2041,848.0,48.0,15030
HHO,4,10,2042,914.5,114.5,15058
HHO,4,10,2043,884.0,84.0,15056
HHO,4,10,2044,850.0000000000078,50.000000000007844,15030
HHO,4,10,2045,890.0,90.0,15054
HHO,4,10,2046,850.0,50.0,15048
HHO,4,10,2047,850.0,50.0,15066
HHO,4,10,2048,904.5000199732622,104.50001997326217,15050
HHO,4,10,2049,890.5,90.5,15044
HHO,4,10,2050,842.0,42.0,15066
HHO,4,10,2051,880.0,80.0,15070
HHO,4,10,2052,924.5148373511166,124.51483735111663,15046
HHO,4,10,2053,838.0175544077144,38.01755440771444,15048
HHO,4,10,2054,866.6437917041721,66.64379170417214,15072
HHO,4,10,2055,850.0,50.0,15056
HHO,6,10,2026,22611.470254684536,20811.470254684536,15042
HHO,6,10,2027,21117.363737692434,19317.363737692434,15036
HHO,6,10,2028,69217.44194113194,67417.44194113194,15062
HHO,6,10,2029,19306.592941477807,17506.592941477807,15048
HHO,6,10,2030,39308.49468325419,37508.49468325419,15056
HHO,6,10,2031,65185.03279104565,63385.03279104565,15068
HHO,6,10,2032,13269.899781414973,11469.899781414973,15062
HHO,6,10,2033,7394.111680062415,5594.111680062415,15040
HHO,6,10,2034,110943.04954600707,109143.04954600707,15032
HHO,6,10,2035,52624.280036330114,50824.280036330114,15042
HHO,6,10,2036,22196.020401287413,20396.020401287413,15048
HHO,6,10,2037,69767.41147022654,67967.41147022654,15078
HHO,6,10,2038,42437.37788114773,40637.37788114773,15040
HHO,6,10,2039,14020.468810616214,12220.468810616214,15034
HHO,6,10,2040,24036.147937999456,22236.147937999456,15052
HHO,6,10,2041,43752.2641353696,41952.2641353696,15030
HHO,6,10,2042,37141.67324757455,35341.67324757455,15058
HHO,6,10,2043,67492.36698170616,65692.36698170616,15056
HHO,6,10,2044,30033.315739230107,28233.315739230107,15030
HHO,6,10,2045,21006.33360116765,19206.33360116765,15054
HHO,6,10,2046,32659.295295103908,30859.295295103908,15048
HHO,6,10,2047,18336.865250662944,16536.865250662944,15066
HHO,6,10,2048,35838.94615256806,34038.94615256806,15050
HHO,6,10,2049,67279.21664695902,65479.216646959016,15044
HHO,6,10,2050,47537.825736037994,45737.825736037994,15066
HHO,6,10,2051,37549.19733442199,35749.19733442199,15070
HHO,6,10,2052,26046.15431180953,24246.15431180953,15046
HHO,6,10,2053,18647.48829901662,16847.48829901662,15048
HHO,6,10,2054,80560.96196982209,78760.96196982209,15072
HHO,6,10,2055,63697.151223309964,61897.151223309964,15056
HHO,7,10,2026,2396.8045596001975,396.80455960019754,15042
HHO,7,10,2027,2115.535279993383,115.53527999338303,15036
HHO,7,10,2028,2273.398494197857,273.39849419785696,15062
HHO,7,10,2029,2067.7105213826576,67.71052138265759,15048
HHO,7,10,2030,2223.942969503303,223.94296950330317,15056
HHO,7,10,2031,2217.155983464352,217.15598346435218,15068
HHO,7,10,2032,2259.8785687109357,259.8785687109357,15062
HHO,7,10,2033,2696.378978182979,696.3789781829792,15040
HHO,7,10,2034,2163.0825634218595,163.0825634218595,15032
HHO,7,10,2035,2177.90654807246,177.90654807245983,15042
HHO,7,10,2036,2118.7163009062497,118.71630090624967,15048
HHO,7,10,2037,2264.997461557435,264.99746155743514,15078
HHO,7,10,2038,2431.1205039728966,431.1205039728966,15040
HHO,7,10,2039,2048.9162016093837,48.916201609383734,15034
HHO,7,10,2040,2225.573981001785,225.5739810017849,15052
HHO,7,10,2041,2223.800403684872,223.80040368487198,15030
HHO,7,10,2042,2436.797511433296,436.7975114332962,15058
HHO,7,10,2043,2131.972463093437,131.972463093437,15056
HHO,7,10,2044,2320.876594377115,320.876594377115,15030
HHO,7,10,2045,2219.7939095060237,219.79390950602374,15054
HHO,7,10,2046,2093.712683391283,93.71268339128301,15048
HHO,7,10,2047,2048.1011440938028,48.10114409380276,15066
HHO,7,10,2048,2142.1604757741857,142.16047577418567,15050
HHO,7,10,2049,2156.421962610395,156.42196261039498,15044
HHO,7,10,2050,2662.1483387459707,662.1483387459707,15066
HHO,7,10,2051,2202.9669248965774,202.96692489657744,15070
HHO,7,10,2052,2306.6234795663263,306.6234795663263,15046
HHO,7,10,2053,2084.0564167165617,84.05641671656167,15048
HHO,7,10,2054,2469.7194735364005,469.7194735364005,15072
HHO,7,10,2055,2061.53941756246,61.53941756246013,15056
HHO,12,10,2026,2934.9549626945814,234.95496269458135,15042
HHO,12,10,2027,3219.8116558519528,519.8116558519528,15036
HHO,12,10,2028,3123.660628248366,423.6606282483658,15062
HHO,12,10,2029,2954.8819546072914,254.8819546072914,15048
HHO,12,10,2030,2992.4558018819216,292.4558018819216,15056
HHO,12,10,2031,2966.8654886097866,266.86548860978655,15068
HHO,12,10,2032,2965.0968360844763,265.0968360844763,15062
HHO,12,10,2033,3117.2086874083057,417.20868740830565,15040
HHO,12,10,2034,2988.44969748361,288.4496974836102,15032
HHO,12,10,2035,3059.0187354118634,359.0187354118634,15042
HHO,12,10,2036,3033.590035902871,333.590035902871,15048
HHO,12,10,2037,2884.4154075858123,184.41540758581232,15078
HHO,12,10,2038,3144.281647987061,444.2816479870612,15040
HHO,12,10,2039,2933.1275259196564,233.12752591965636,15034
HHO,12,10,2040,2885.0636732827115,185.06367328271153,15052
HHO,12,10,2041,2929.9741777992936,229.97417779929356,15030
HHO,12,10,2042,2882.982507075961,182.98250707596117,15058
HHO,12,10,2043,2915.023590955134,215.02359095513384,15056
HHO,12,10,2044,2922.387692910976,222.38769291097606,15030
HHO,12,10,2045,2920.1241411681153,220.12414116811533,15054
HHO,12,10,2046,3002.5497151820578,302.54971518205775,15048
HHO,12,10,2047,3130.9541137358106,430.95411373581055,15066
HHO,12,10,2048,3085.5278215689086,385.5278215689086,15050
HHO,12,10,2049,3051.355442304067,351.35544230406686,15044
HHO,12,10,2050,2937.797518729044,237.797518729044,15066
HHO,12,10,2051,3087.5921836652383,387.5921836652383,15070
HHO,12,10,2052,3133.469790572213,433.4697905722128,15046
HHO,12,10,2053,3115.2415592727334,415.2415592727334,15048
HHO,12,10,2054,2912.9689898653314,212.96898986533142,15072
HHO,12,10,2055,2999.271086296386,299.2710862963859,15056
SCA,4,10,2026,878.2948404837256,78.29484048372558,15030
SCA,4,10,2027,874.6653653678208,74.66536536782075,15030
SCA,4,10,2028,867.7186007385973,67.71860073859727,15030
SCA,4,10,2029,852.729556652218,52.72955665221798,15030
SCA,4,10,2030,835.8902646457041,35.890264645704065,15030
SCA,4,10,2031,888.9733287439642,88.9733287439642,15030
SCA,4,10,2032,878.500991005073,78.50099100507305,15030
SCA,4,10,2033,870.0,70.0,15030
SCA,4,10,2034,878.448863512452,78.44886351245202,15030
SCA,4,10,2035,852.9739070407752,52.9739070407752,15030
SCA,4,10,2036,877.6355542005449,77.6355542005449,15030
SCA,4,10,2037,854.7092385810752,54.70923858107517,15030
SCA,4,10,2038,848.7954353227967,48.79543532279672,15030
SCA,4,10,2039,868.1325523550439,68.13255235504391,15030
SCA,4,10,2040,836.306243597429,36.30624359742899,15030
SCA,4,10,2041,864.3902438963347,64.39024389633471,15030
SCA,4,10,2042,881.7179431189461,81.7179431189461,15030
SCA,4,10,2043,858.2388157247447,58.238815724744654,15030
SCA,4,10,2044,863.3307484329895,63.33074843298948,15030
SCA,4,10,2045,864.0,64.0,15030
SCA,4,10,2046,858.8436180095048,58.84361800950478,15030
SCA,4,10,2047,862.5588818441939,62.558881844193934,15030
SCA,4,10,2048,858.6931714675924,58.69317146759238,15030
SCA,4,10,2049,872.362514453783,72.36251445378298,15030
SCA,4,10,2050,869.9541827729118,69.95418277291185,15030
SCA,4,10,2051,867.2660907118778,67.26609071187784,15030
SCA,4,10,2052,834.2066215685734,34.20662156857338,15030
SCA,4,10,2053,856.7677566873649,56.76775668736491,15030
SCA,4,10,2054,882.8473364477011,82.84733644770108,15030
SCA,4,10,2055,834.522774560143,34.522774560143034,15030
SCA,6,10,2026,2051263.9617161502,2049463.9617161502,15030
SCA,6,10,2027,3032289.00650888,3030489.00650888,15030
SCA,6,10,2028,7568308.194791386,7566508.194791386,15030
SCA,6,10,2029,1893558.3638703788,1891758.3638703788,15030
SCA,6,10,2030,2940580.902372296,2938780.902372296,15030
SCA,6,10,2031,3134102.756615747,3132302.756615747,15030
SCA,6,10,2032,2838953.948476055,2837153.948476055,15030
SCA,6,10,2033,7078181.315555577,7076381.315555577,15030
SCA,6,10,2034,6548619.121227149,6546819.121227149,15030
SCA,6,10,2035,4865484.049252935,4863684.049252935,15030
SCA,6,10,2036,1685069.7264101831,1683269.7264101831,15030
SCA,6,10,2037,3261616.8796354053,3259816.8796354053,15030
SCA,6,10,2038,1487895.8121156078,1486095.8121156078,15030
SCA,6,10,2039,789580.7879901339,787780.7879901339,15030
SCA,6,10,2040,3017263.965383512,3015463.965383512,15030
SCA,6,10,2041,2300251.8471406666,2298451.8471406666,15030
SCA,6,10,2042,2822135.481500284,2820335.481500284,15030
SCA,6,10,2043,3548609.6685490645,3546809.6685490645,15030
SCA,6,10,2044,1314881.1936345494,1313081.1936345494,15030
SCA,6,10,2045,5995723.970889583,5993923.970889583,15030
SCA,6,10,2046,3092568.431598667,3090768.431598667,15030
SCA,6,10,2047,2693498.5778453085,2691698.5778453085,15030
SCA,6,10,2048,8188808.686208237,8187008.686208237,15030
SCA,6,10,2049,2980786.782281407,2978986.782281407,15030
SCA,6,10,2050,4023059.1980131064,4021259.1980131064,15030
SCA,6,10,2051,4820367.136418942,4818567.136418942,15030
SCA,6,10,2052,5231252.891740967,5229452.891740967,15030
SCA,6,10,2053,11370090.616894068,11368290.616894068,15030
SCA,6,10,2054,5697023.0467504235,5695223.0467504235,15030
SCA,6,10,2055,1403760.1745256018,1401960.1745256018,15030
SCA,7,10,2026,2090.3242027280867,90.32420272808668,15030
SCA,7,10,2027,2121.5287877734345,121.52878777343449,15030
SCA,7,10,2028,2138.566848676859,138.56684867685908,15030
SCA,7,10,2029,2178.7918437690105,178.79184376901048,15030
SCA,7,10,2030,2139.1852950789066,139.18529507890662,15030
SCA,7,10,2031,2089.445677802139,89.44567780213902,15030
SCA,7,10,2032,2112.47408821889,112.47408821888985,15030
SCA,7,10,2033,2115.2629049466495,115.26290494664954,15030
SCA,7,10,2034,2095.4747050198403,95.47470501984026,15030
SCA,7,10,2035,2131.627405069175,131.62740506917498,15030
SCA,7,10,2036,2087.4907653018395,87.49076530183947,15030
SCA,7,10,2037,2144.0035719473003,144.00357194730032,15030
SCA,7,10,2038,2124.6304627663867,124.6304627663867,15030
SCA,7,10,2039,2098.928861458871,98.92886145887087,15030
SCA,7,10,2040,2105.9285830710924,105.92858307109236,15030
SCA,7,10,2041,2083.560113757914,83.56011375791422,15030
SCA,7,10,2042,2125.858976749994,125.85897674999387,15030
SCA,7,10,2043,2106.527476787311,106.52747678731112,15030
SCA,7,10,2044,2093.7047763845453,93.70477638454531,15030
SCA,7,10,2045,2107.7828640272746,107.78286402727463,15030
SCA,7,10,2046,2183.6934295471056,183.69342954710555,15030
SCA,7,10,2047,2100.678263833184,100.67826383318379,15030
SCA,7,10,2048,2095.7761169727805,95.77611697278053,15030
SCA,7,10,2049,2100.3198644787817,100.31986447878171,15030
SCA,7,10,2050,2080.034113988713,80.03411398871322,15030
SCA,7,10,2051,2152.2008851104,152.20088511040012,15030
SCA,7,10,2052,2096.2122184073014,96.2122184073014,15030
SCA,7,10,2053,2097.407804337481,97.40780433748114,15030
SCA,7,10,2054,2083.015782957003,83.01578295700301,15030
SCA,7,10,2055,2107.0748184956947,107.07481849569467,15030
SCA,12,10,2026,2905.4843898270346,205.48438982703465,15030
SCA,12,10,2027,2932.1133230954015,232.11332309540148,15030
SCA,12,10,2028,2912.734238426837,212.73423842683678,15030
SCA,12,10,2029,2915.4937479381433,215.49374793814331,15030
SCA,12,10,2030,2892.2181804004254,192.21818040042535,15030
SCA,12,10,2031,2910.69513514925,210.69513514924984,15030
SCA,12,10,2032,2891.230549976758,191.23054997675808,15030
SCA,12,10,2033,2911.7231478818235,211.72314788182348,15030
SCA,12,10,2034,2907.403282900377,207.40328290037678,15030
SCA,12,10,2035,2918.529629393715,218.5296293937149,15030
SCA,12,10,2036,2929.392183456337,229.39218345633708,15030
SCA,12,10,2037,2895.658853203746,195.65885320374582,15030
SCA,12,10,2038,2925.745485684382,225.74548568438195,15030
SCA,12,10,2039,2919.080715904906,219.0807159049059,15030
SCA,12,10,2040,2908.7602598007006,208.76025980070062,15030
SCA,12,10,2041,2926.2560455659395,226.25604556593953,15030
SCA,12,10,2042,2926.671926043857,226.67192604385718,15030
SCA,12,10,2043,2919.8654124053874,219.86541240538736,15030
SCA,12,10,2044,2944.302689592541,244.3026895925409,15030
SCA,12,10,2045,2905.115492101407,205.1154921014072,15030
SCA,12,10,2046,2934.090775126097,234.09077512609701,15030
SCA,12,10,2047,2925.1680967924663,225.16809679246626,15030
SCA,12,10,2048,2934.5108538334175,234.5108538334175,15030
SCA,12,10,2049,2940.235888748543,240.23588874854295,15030
SCA,12,10,2050,2900.5810905203634,200.58109052036343,15030
SCA,12,10,2051,2929.1005534726073,229.10055347260732,15030
SCA,12,10,2052,2913.712304886166,213.71230488616584,15030
SCA,12,10,2053,2906.0392858919904,206.0392858919904,15030
SCA,12,10,2054,2921.9327482335666,221.9327482335666,15030
SCA,12,10,2055,2909.3015806794356,209.30158067943557,15030
LSHADE,4,10,2026,814.0164589750668,14.016458975066826,15030
LSHADE,4,10,2027,822.0913156682756,22.09131566827557,15030
LSHADE,4,10,2028,809.0295472832333,9.029547283233342,15030
LSHADE,4,10,2029,808.2182262640076,8.218226264007626,15030
LSHADE,4,10,2030,820.0020943174621,20.002094317462138,15030
LSHADE,4,10,2031,822.002996939588,22.002996939588,15030
LSHADE,4,10,2032,820.0079376207768,20.00793762077683,15030
LSHADE,4,10,2033,816.0287432551919,16.0287432551919,15030
LSHADE,4,10,2034,826.02058539065,26.020585390650012,15030
LSHADE,4,10,2035,812.2052807537948,12.205280753794796,15030
LSHADE,4,10,2036,814.3386701887414,14.33867018874139,15030
LSHADE,4,10,2037,812.0571243155332,12.057124315533201,15030
LSHADE,4,10,2038,824.053282994402,24.053282994402025,15030
LSHADE,4,10,2039,814.000256640328,14.000256640327962,15030
LSHADE,4,10,2040,820.0,20.0,15030
LSHADE,4,10,2041,814.0003301240735,14.000330124073457,15030
LSHADE,4,10,2042,808.2527941508333,8.252794150833324,15030
LSHADE,4,10,2043,820.004962778005,20.00496277800505,15030
LSHADE,4,10,2044,816.0006291263904,16.000629126390436,15030
LSHADE,4,10,2045,816.0000092077119,16.000009207711855,15030
LSHADE,4,10,2046,812.1956055963065,12.19560559630645,15030
LSHADE,4,10,2047,814.3307509761285,14.330750976128456,15030
LSHADE,4,10,2048,811.4094462224203,11.409446222420343,15030
LSHADE,4,10,2049,816.034892790327,16.034892790327035,15030
LSHADE,4,10,2050,814.060023970416,14.060023970415955,15030
LSHADE,4,10,2051,822.0014498830019,22.001449883001897,15030
LSHADE,4,10,2052,816.2206680410059,16.220668041005865,15030
LSHADE,4,10,2053,814.0004056776064,14.000405677606409,15030
LSHADE,4,10,2054,824.0000266702383,24.0000266702383,15030
LSHADE,4,10,2055,816.0737004874143,16.07370048741427,15030
LSHADE,6,10,2026,1800.2752593390458,0.2752593390457605,15030
LSHADE,6,10,2027,1801.3895011437128,1.3895011437127778,15030
LSHADE,6,10,2028,1802.3178013897284,2.3178013897284018,15030
LSHADE,6,10,2029,1800.099373170033,0.0993731700330045,15030
LSHADE,6,10,2030,1801.2898237507304,1.2898237507304202,15030
LSHADE,6,10,2031,1801.0565487140077,1.056548714007704,15030
LSHADE,6,10,2032,1805.1557548662086,5.155754866208554,15030
LSHADE,6,10,2033,1801.0586241822657,1.058624182265703,15030
LSHADE,6,10,2034,1825.3554890923508,25.35548909235081,15030
LSHADE,6,10,2035,1803.104877606783,3.1048776067830204,15030
LSHADE,6,10,2036,1802.1975670669,2.197567066900092,15030
LSHADE,6,10,2037,1802.2673658443073,2.267365844307278,15030
LSHADE,6,10,2038,1800.3933816342517,0.39338163425168204,15030
LSHADE,6,10,2039,1805.255604948515,5.255604948514929,15030
LSHADE,6,10,2040,1801.0438148701562,1.0438148701562113,15030
LSHADE,6,10,2041,1801.1824045290366,1.182404529036603,15030
LSHADE,6,10,2042,1801.7818407054108,1.7818407054107865,15030
LSHADE,6,10,2043,1801.1566278995608,1.1566278995608172,15030
LSHADE,6,10,2044,1800.319953931765,0.3199539317649851,15030
LSHADE,6,10,2045,1801.873711690541,1.8737116905410858,15030
LSHADE,6,10,2046,1801.5338042443238,1.5338042443238464,15030
LSHADE,6,10,2047,1800.9178719186893,0.9178719186893431,15030
LSHADE,6,10,2048,1800.4838843528191,0.4838843528191319,15030
LSHADE,6,10,2049,1800.268852664965,0.26885266496492477,15030
LSHADE,6,10,2050,1804.8918493264123,4.891849326412284,15030
LSHADE,6,10,2051,1804.2038203815252,4.203820381525247,15030
LSHADE,6,10,2052,1801.362708903704,1.3627089037040605,15030
LSHADE,6,10,2053,1800.1977660155064,0.19776601550643136,15030
LSHADE,6,10,2054,1800.7807932462795,0.7807932462794724,15030
LSHADE,6,10,2055,1809.41661316097,9.416613160969973,15030
LSHADE,7,10,2026,2022.705189651562,22.705189651562023,15030
LSHADE,7,10,2027,2005.6520880618166,5.652088061816585,15030
LSHADE,7,10,2028,2008.4123027374003,8.412302737400296,15030
LSHADE,7,10,2029,2020.8534359892221,20.853435989222135,15030
LSHADE,7,10,2030,2006.8222777445583,6.822277744558278,15030
LSHADE,7,10,2031,2017.2134972820538,17.213497282053822,15030
LSHADE,7,10,2032,2002.1780229233882,2.1780229233881983,15030
LSHADE,7,10,2033,2006.7376217164056,6.737621716405556,15030
LSHADE,7,10,2034,2005.5066001866226,5.506600186622563,15030
LSHADE,7,10,2035,2014.5430841642176,14.54308416421759,15030
LSHADE,7,10,2036,2008.4308404160747,8.430840416074716,15030
LSHADE,7,10,2037,2022.013660360327,22.013660360327094,15030
LSHADE,7,10,2038,2005.1220055151118,5.122005515111823,15030
LSHADE,7,10,2039,2009.245799481318,9.245799481318045,15030
LSHADE,7,10,2040,2015.6832868132235,15.683286813223503,15030
LSHADE,7,10,2041,2005.5871274108433,5.587127410843323,15030
LSHADE,7,10,2042,2007.384769554211,7.384769554211061,15030
LSHADE,7,10,2043,2006.372234009651,6.372234009651038,15030
LSHADE,7,10,2044,2004.645574237682,4.645574237682013,15030
LSHADE,7,10,2045,2009.4565465224036,9.456546522403642,15030
LSHADE,7,10,2046,2010.685436399644,10.685436399644004,15030
LSHADE,7,10,2047,2022.877164040109,22.877164040108937,15030
LSHADE,7,10,2048,2010.97911086089,10.979110860889932,15030
LSHADE,7,10,2049,2009.3293344723597,9.329334472359733,15030
LSHADE,7,10,2050,2008.860138627238,8.86013862723803,15030
LSHADE,7,10,2051,2021.6586631044975,21.658663104497464,15030
LSHADE,7,10,2052,2022.2742255272942,22.27422552729422,15030
LSHADE,7,10,2053,2002.8557326265877,2.8557326265877236,15030
LSHADE,7,10,2054,2021.3861656878294,21.38616568782936,15030
LSHADE,7,10,2055,2006.4974485536263,6.497448553626327,15030
LSHADE,12,10,2026,2866.3875864598954,166.38758645989537,15030
LSHADE,12,10,2027,2866.447017988741,166.4470179887412,15030
LSHADE,12,10,2028,2866.218180223578,166.2181802235782,15030
LSHADE,12,10,2029,2866.3875722193006,166.38757221930064,15030
LSHADE,12,10,2030,2865.891756877162,165.89175687716215,15030
LSHADE,12,10,2031,2866.3728449218193,166.37284492181925,15030
LSHADE,12,10,2032,2864.4735296172657,164.47352961726574,15030
LSHADE,12,10,2033,2865.8917568812108,165.89175688121077,15030
LSHADE,12,10,2034,2864.473526101797,164.47352610179678,15030
LSHADE,12,10,2035,2863.8376558490495,163.8376558490495,15030
LSHADE,12,10,2036,2865.8917569195432,165.89175691954324,15030
LSHADE,12,10,2037,2865.89175699249,165.89175699249017,15030
LSHADE,12,10,2038,2864.473532100978,164.473532100978,15030
LSHADE,12,10,2039,2865.8917579354434,165.89175793544337,15030
LSHADE,12,10,2040,2866.372846048233,166.372846048233,15030
LSHADE,12,10,2041,2865.8917579657214,165.89175796572135,15030
LSHADE,12,10,2042,2864.0271382350625,164.02713823506247,15030
LSHADE,12,10,2043,2864.4735196471506,164.47351964715062,15030
LSHADE,12,10,2044,2864.4735252326377,164.4735252326377,15030
LSHADE,12,10,2045,2864.8975475919583,164.8975475919583,15030
LSHADE,12,10,2046,2864.473523539371,164.47352353937094,15030
LSHADE,12,10,2047,2864.4738077046977,164.47380770469772,15030
LSHADE,12,10,2048,2866.3728459406016,166.37284594060156,15030
LSHADE,12,10,2049,2865.8917568919574,165.89175689195736,15030
LSHADE,12,10,2050,2865.891756888209,165.89175688820887,15030
LSHADE,12,10,2051,2864.4737747168397,164.47377471683967,15030
LSHADE,12,10,2052,2864.473519986748,164.47351998674822,15030
LSHADE,12,10,2053,2865.89175687733,165.89175687732995,15030
LSHADE,12,10,2054,2865.4249521516003,165.42495215160034,15030
LSHADE,12,10,2055,2864.013945460846,164.01394546084612,15030
